日期,街道,社区,总户数,参与户数,厨余垃圾kg,可回收物kg,有害垃圾kg,其他垃圾kg,正确投放次数,混投次数
2026-01-01,高新街道,科创园小区,897,795,436.5,155.4,6.6,270.7,713,82
2026-01-02,高新街道,科创园小区,897,782,435.3,134.8,5.6,301.2,717,65
2026-01-03,高新街道,科创园小区,897,808,447.0,146.6,5.8,325.2,698,110
2026-01-04,高新街道,科创园小区,897,872,382.1,144.9,7.6,359.5,777,95
2026-01-05,高新街道,科创园小区,897,832,450.8,138.2,5.9,340.1,718,114
2026-01-06,高新街道,科创园小区,897,843,510.3,146.1,6.7,341.1,753,90
2026-01-07,高新街道,科创园小区,897,814,475.2,141.4,7.2,322.0,740,74
2026-01-08,高新街道,科创园小区,897,851,571.5,137.2,9.0,379.2,748,103
2026-01-09,高新街道,科创园小区,897,750,397.3,131.7,7.0,337.6,676,74
2026-01-10,高新街道,科创园小区,897,843,504.0,141.1,6.1,353.1,731,112
2026-01-11,高新街道,科创园小区,897,835,473.8,158.8,6.1,377.5,707,128
2026-01-12,高新街道,科创园小区,897,794,491.4,153.2,6.1,337.0,690,104
2026-01-13,高新街道,科创园小区,897,784,410.8,138.5,5.7,368.9,704,80
2026-01-14,高新街道,科创园小区,897,781,465.5,137.5,6.4,290.9,678,103
2026-01-15,高新街道,科创园小区,897,732,417.5,136.0,6.0,306.8,648,84
2026-01-16,高新街道,科创园小区,897,851,466.6,172.3,6.0,354.2,756,95
2026-01-17,高新街道,科创园小区,897,842,454.8,131.4,5.5,374.5,725,117
2026-01-18,高新街道,科创园小区,897,825,479.9,146.8,7.2,346.8,728,97
2026-01-19,高新街道,科创园小区,897,813,447.0,114.9,6.4,289.6,738,75
2026-01-20,高新街道,科创园小区,897,768,386.8,131.2,5.9,323.1,655,113
2026-01-21,高新街道,科创园小区,897,814,388.4,150.1,7.8,311.7,725,89
2026-01-22,高新街道,科创园小区,897,839,506.3,135.7,6.6,396.7,766,73
2026-01-23,高新街道,科创园小区,897,774,404.4,130.4,4.2,383.2,719,55
2026-01-24,高新街道,科创园小区,897,848,422.2,136.6,7.5,358.4,736,112
2026-01-25,高新街道,科创园小区,897,828,455.9,164.4,5.9,308.6,719,109
2026-01-26,高新街道,科创园小区,897,790,408.6,125.6,5.7,376.3,718,72
2026-01-27,高新街道,科创园小区,897,779,403.9,129.6,7.4,309.0,701,78
2026-01-28,高新街道,科创园小区,897,814,453.6,134.5,6.9,376.7,720,94
2026-01-29,高新街道,科创园小区,897,820,435.5,142.2,6.6,307.6,712,108
2026-01-30,高新街道,科创园小区,897,817,413.7,148.3,6.7,357.9,728,89
2026-01-31,高新街道,科创园小区,897,861,501.0,134.6,7.3,406.3,738,123
2026-02-01,高新街道,科创园小区,897,839,455.1,153.2,5.2,330.3,750,89
2026-02-02,高新街道,科创园小区,897,782,436.5,166.6,6.4,346.2,695,87
2026-02-03,高新街道,科创园小区,897,823,437.0,154.6,5.9,348.5,761,62
2026-02-04,高新街道,科创园小区,897,754,447.5,138.6,4.8,299.6,694,60
2026-02-05,高新街道,科创园小区,897,824,419.9,160.3,5.2,321.5,742,82
2026-02-06,高新街道,科创园小区,897,803,323.7,133.7,5.7,321.0,718,85
2026-02-07,高新街道,科创园小区,897,882,486.2,150.7,7.4,334.5,788,94
2026-02-08,高新街道,科创园小区,897,866,463.0,118.5,7.3,348.6,790,76
2026-02-09,高新街道,科创园小区,897,831,475.0,158.6,6.4,349.4,720,111
2026-02-10,高新街道,科创园小区,897,818,439.4,125.4,7.6,298.7,755,63
2026-02-11,高新街道,科创园小区,897,803,401.0,130.3,7.2,296.8,731,72
2026-02-12,高新街道,科创园小区,897,805,489.9,144.0,6.1,371.9,705,100
2026-02-13,高新街道,科创园小区,897,814,395.0,157.6,6.4,352.4,726,88
2026-02-14,高新街道,科创园小区,897,862,514.1,155.7,6.7,342.3,790,72
2026-02-15,高新街道,科创园小区,897,853,462.2,125.9,7.1,437.4,801,52
2026-02-16,高新街道,科创园小区,897,779,408.4,141.0,6.2,341.8,684,95
2026-02-17,高新街道,科创园小区,897,817,410.6,175.9,5.8,340.1,737,80
2026-02-18,高新街道,科创园小区,897,773,486.5,143.4,4.7,341.5,698,75
2026-02-19,高新街道,科创园小区,897,798,446.3,150.1,6.8,355.9,716,82
2026-02-20,高新街道,科创园小区,897,829,491.2,143.8,5.7,325.5,776,53
2026-02-21,高新街道,科创园小区,897,848,489.4,157.4,6.9,340.5,776,72
2026-02-22,高新街道,科创园小区,897,859,425.2,166.0,7.9,343.3,767,92
2026-02-23,高新街道,科创园小区,897,798,436.4,129.9,6.5,350.5,702,96
2026-02-24,高新街道,科创园小区,897,807,518.6,126.5,6.6,334.3,702,105
2026-02-25,高新街道,科创园小区,897,844,457.6,150.1,6.6,383.7,735,109
2026-02-26,高新街道,科创园小区,897,813,428.9,148.2,7.2,360.8,721,92
2026-02-27,高新街道,科创园小区,897,829,464.3,152.5,8.9,355.4,750,79
2026-02-28,高新街道,科创园小区,897,876,535.3,154.9,7.7,430.3,776,100
2026-03-01,高新街道,科创园小区,897,841,438.4,172.7,9.2,318.7,734,107
2026-03-02,高新街道,科创园小区,897,832,389.0,151.6,7.0,359.5,768,64
2026-03-03,高新街道,科创园小区,897,788,460.6,146.8,6.0,360.7,715,73
2026-03-04,高新街道,科创园小区,897,821,514.5,146.4,5.3,352.6,747,74
2026-03-05,高新街道,科创园小区,897,828,411.5,149.9,7.2,337.4,760,68
2026-03-06,高新街道,科创园小区,897,830,501.3,143.2,6.5,305.7,772,58
2026-03-07,高新街道,科创园小区,897,893,468.1,173.1,6.4,395.8,808,85
2026-03-08,高新街道,科创园小区,897,882,454.4,154.6,8.3,385.0,780,102
2026-03-09,高新街道,科创园小区,897,807,420.8,144.0,5.6,349.9,705,102
2026-03-10,高新街道,科创园小区,897,825,423.5,153.1,6.3,365.7,769,56
2026-03-11,高新街道,科创园小区,897,787,442.4,153.6,6.3,357.0,725,62
2026-03-12,高新街道,科创园小区,897,842,434.7,186.3,6.8,347.6,760,82
2026-03-13,高新街道,科创园小区,897,815,437.2,130.9,5.0,275.3,725,90
2026-03-14,高新街道,科创园小区,897,828,492.8,147.4,5.1,364.1,758,70
2026-03-15,高新街道,科创园小区,897,833,481.5,188.5,7.5,322.0,739,94
2026-03-16,高新街道,科创园小区,897,842,482.6,168.6,8.0,320.7,783,59
2026-03-17,高新街道,科创园小区,897,812,431.1,129.9,5.6,327.4,737,75
2026-03-18,高新街道,科创园小区,897,767,449.1,146.1,6.7,335.9,674,93
2026-03-19,高新街道,科创园小区,897,782,419.5,144.8,6.3,335.7,683,99
2026-03-20,高新街道,科创园小区,897,821,498.0,171.1,7.8,327.6,740,81
2026-03-21,高新街道,科创园小区,897,884,556.7,145.3,5.5,332.5,832,52
2026-03-22,高新街道,科创园小区,897,869,476.3,149.5,6.7,358.9,773,96
2026-03-23,高新街道,科创园小区,897,842,448.5,152.2,6.4,358.9,748,94
2026-03-24,高新街道,科创园小区,897,814,427.7,143.0,6.9,352.9,741,73
2026-03-25,高新街道,科创园小区,897,818,421.1,152.2,7.7,322.9,709,109
2026-03-26,高新街道,科创园小区,897,806,403.8,113.6,6.7,290.5,754,52
2026-03-27,高新街道,科创园小区,897,851,431.1,134.4,7.9,380.8,759,92
2026-03-28,高新街道,科创园小区,897,874,486.6,160.9,6.2,338.9,814,60
2026-03-29,高新街道,科创园小区,897,873,480.8,165.4,7.0,311.4,797,76
2026-03-30,高新街道,科创园小区,897,792,473.7,149.8,6.8,337.3,719,73
2026-03-31,高新街道,科创园小区,897,814,395.9,165.3,8.9,354.5,741,73
2026-04-01,高新街道,科创园小区,897,800,423.7,132.2,6.3,321.3,720,80
2026-04-02,高新街道,科创园小区,897,832,523.2,141.4,8.5,368.5,791,41
2026-04-03,高新街道,科创园小区,897,836,494.1,145.7,6.8,344.0,750,86
2026-04-04,高新街道,科创园小区,897,875,458.2,155.1,6.3,353.1,818,57
2026-04-05,高新街道,科创园小区,897,849,487.2,149.5,6.2,342.9,805,44
2026-04-06,高新街道,科创园小区,897,816,428.2,168.4,5.8,301.1,735,81
2026-04-07,高新街道,科创园小区,897,821,449.2,170.6,6.8,368.6,760,61
2026-04-08,高新街道,科创园小区,897,793,451.2,139.4,5.4,279.3,686,107
2026-04-09,高新街道,科创园小区,897,818,441.2,151.6,7.9,335.8,763,55
2026-04-10,高新街道,科创园小区,897,851,460.8,181.7,8.7,326.0,786,65
2026-04-11,高新街道,科创园小区,897,891,454.7,164.3,7.6,375.6,832,59
2026-04-12,高新街道,科创园小区,897,888,469.3,154.3,8.1,379.5,813,75
2026-04-13,高新街道,科创园小区,897,831,400.6,155.2,8.0,383.0,743,88
2026-04-14,高新街道,科创园小区,897,803,493.4,127.3,6.3,317.1,743,60
2026-04-15,高新街道,科创园小区,897,828,405.1,144.8,7.6,358.9,743,85
2026-04-16,高新街道,科创园小区,897,844,403.0,167.4,8.3,361.1,775,69
2026-04-17,高新街道,科创园小区,897,774,489.1,153.0,5.9,320.2,690,84
2026-04-18,高新街道,科创园小区,897,855,492.3,176.8,5.9,347.9,787,68
2026-04-19,高新街道,科创园小区,897,876,542.1,146.4,6.9,383.9,791,85
2026-04-20,高新街道,科创园小区,897,833,457.2,140.1,6.8,337.9,753,80
2026-04-21,高新街道,科创园小区,897,821,446.8,148.5,5.1,340.1,750,71
2026-04-22,高新街道,科创园小区,897,806,393.4,144.8,5.0,373.8,737,69
2026-04-23,高新街道,科创园小区,897,818,411.7,174.6,7.1,330.2,738,80
2026-04-24,高新街道,科创园小区,897,811,432.6,125.4,6.7,349.2,761,50
2026-04-25,高新街道,科创园小区,897,819,446.8,162.0,6.3,319.7,741,78
2026-04-26,高新街道,科创园小区,897,865,445.7,176.9,7.6,346.3,781,84
2026-04-27,高新街道,科创园小区,897,764,394.9,125.9,7.7,329.5,694,70
2026-04-28,高新街道,科创园小区,897,800,441.4,157.6,5.9,368.5,738,62
2026-04-29,高新街道,科创园小区,897,833,485.5,161.1,8.5,334.5,784,49
2026-04-30,高新街道,科创园小区,897,827,503.3,142.0,6.5,298.1,760,67
2026-05-01,高新街道,科创园小区,897,850,506.8,166.9,6.8,345.1,797,53
2026-05-02,高新街道,科创园小区,897,890,510.1,159.1,6.9,404.4,799,91
2026-05-03,高新街道,科创园小区,897,891,461.3,196.9,6.1,340.8,806,85
2026-05-04,高新街道,科创园小区,897,838,477.4,157.4,7.5,326.4,785,53
2026-05-05,高新街道,科创园小区,897,807,414.4,137.9,7.5,335.9,729,78
2026-05-06,高新街道,科创园小区,897,817,489.7,150.2,7.5,408.9,766,51
2026-05-07,高新街道,科创园小区,897,752,443.3,154.9,5.8,329.4,688,64
2026-05-08,高新街道,科创园小区,897,858,395.3,155.0,7.2,368.5,792,66
2026-05-09,高新街道,科创园小区,897,888,577.8,182.5,6.8,347.4,820,68
2026-05-10,高新街道,科创园小区,897,863,473.6,146.2,9.6,344.4,788,75
2026-05-11,高新街道,科创园小区,897,849,435.2,163.7,6.1,376.4,787,62
2026-05-12,高新街道,科创园小区,897,810,472.8,170.1,6.0,294.8,732,78
2026-05-13,高新街道,科创园小区,897,852,468.7,168.8,9.8,383.9,784,68
2026-05-14,高新街道,科创园小区,897,808,423.6,134.0,6.1,299.6,735,73
2026-05-15,高新街道,科创园小区,897,818,473.7,123.1,7.0,303.4,758,60
2026-05-16,高新街道,科创园小区,897,882,480.9,157.7,7.3,353.9,810,72
2026-05-17,高新街道,科创园小区,897,872,448.8,167.8,6.8,383.6,791,81
2026-05-18,高新街道,科创园小区,897,797,443.0,121.4,5.8,304.9,719,78
2026-05-19,高新街道,科创园小区,897,807,470.0,118.6,6.3,370.5,749,58
2026-05-20,高新街道,科创园小区,897,808,454.9,168.3,6.1,282.6,727,81
2026-05-21,高新街道,科创园小区,897,829,446.5,164.7,6.3,387.0,752,77
2026-05-22,高新街道,科创园小区,897,777,483.6,134.5,6.8,295.0,724,53
2026-05-23,高新街道,科创园小区,897,888,455.3,159.5,8.4,399.5,827,61
2026-05-24,高新街道,科创园小区,897,888,515.4,175.5,6.2,377.9,795,93
2026-05-25,高新街道,科创园小区,897,860,503.5,164.6,7.9,306.5,772,88
2026-05-26,高新街道,科创园小区,897,827,506.5,147.3,5.5,381.1,791,36
2026-05-27,高新街道,科创园小区,897,842,410.4,148.2,7.2,303.7,780,62
2026-05-28,高新街道,科创园小区,897,802,451.5,145.3,6.3,381.6,734,68
2026-05-29,高新街道,科创园小区,897,801,376.6,159.7,6.3,280.5,755,46
2026-05-30,高新街道,科创园小区,897,828,406.9,143.0,6.8,381.9,751,77
2026-05-31,高新街道,科创园小区,897,857,461.0,143.4,6.8,452.9,771,86
2026-06-01,高新街道,科创园小区,897,835,422.4,138.9,5.8,371.2,794,41
2026-06-02,高新街道,科创园小区,897,872,542.7,194.1,6.4,404.9,815,57
2026-06-03,高新街道,科创园小区,897,798,447.4,149.1,6.8,307.4,738,60
2026-06-04,高新街道,科创园小区,897,784,443.3,112.8,5.6,334.5,753,31
2026-06-05,高新街道,科创园小区,897,805,468.5,142.2,7.1,301.4,750,55
2026-06-06,高新街道,科创园小区,897,857,446.0,172.2,6.5,342.1,811,46
2026-06-07,高新街道,科创园小区,897,854,377.8,160.2,8.4,336.5,771,83
2026-06-08,高新街道,科创园小区,897,828,472.5,143.6,6.0,350.8,762,66
2026-06-09,高新街道,科创园小区,897,851,457.8,159.5,6.0,383.2,788,63
2026-06-10,高新街道,科创园小区,897,814,455.1,141.4,6.2,340.3,761,53
2026-06-11,高新街道,科创园小区,897,821,388.6,142.8,6.3,339.2,748,73
2026-06-12,高新街道,科创园小区,897,823,448.6,167.4,5.4,393.7,796,27
2026-06-13,高新街道,科创园小区,897,857,562.8,162.7,8.3,338.2,821,36
2026-06-14,高新街道,科创园小区,897,885,611.8,159.7,5.6,352.8,826,59
2026-06-15,高新街道,科创园小区,897,816,463.1,143.0,5.9,424.5,741,75
2026-06-16,高新街道,科创园小区,897,804,462.9,131.3,6.2,357.2,739,65
2026-06-17,高新街道,科创园小区,897,820,409.8,162.0,8.0,319.1,765,55
2026-06-18,高新街道,科创园小区,897,812,441.3,127.7,5.7,318.7,750,62
2026-06-19,高新街道,科创园小区,897,823,416.2,180.3,5.5,341.6,758,65
2026-06-20,高新街道,科创园小区,897,891,470.3,150.9,7.4,368.0,832,59
2026-06-21,高新街道,科创园小区,897,869,473.3,154.3,5.3,391.0,817,52
2026-06-22,高新街道,科创园小区,897,881,461.1,167.5,7.9,386.1,836,45
2026-06-23,高新街道,科创园小区,897,846,464.1,150.1,6.7,349.9,784,62
2026-06-24,高新街道,科创园小区,897,834,465.0,159.6,8.1,412.1,776,58
2026-06-25,高新街道,科创园小区,897,807,417.5,166.3,6.5,318.5,767,40
2026-06-26,高新街道,科创园小区,897,821,459.2,134.6,6.9,416.0,788,33
2026-06-27,高新街道,科创园小区,897,887,419.1,163.2,6.2,380.4,799,88
2026-06-28,高新街道,科创园小区,897,848,469.9,141.1,6.1,318.2,794,54
2026-06-29,高新街道,科创园小区,897,808,511.9,164.5,8.3,291.3,754,54
2026-06-30,高新街道,科创园小区,897,818,484.8,156.3,7.4,360.7,761,57
2026-07-01,高新街道,科创园小区,897,831,480.8,151.4,6.9,401.7,778,53
2026-07-02,高新街道,科创园小区,897,853,455.7,148.7,6.7,437.8,803,50
2026-07-03,高新街道,科创园小区,897,838,512.2,144.1,6.6,391.9,804,34
2026-07-04,高新街道,科创园小区,897,890,522.6,131.1,7.2,340.8,833,57
2026-07-05,高新街道,科创园小区,897,891,497.7,136.1,6.6,323.5,795,96
2026-07-06,高新街道,科创园小区,897,818,457.0,136.3,8.7,362.3,781,37
2026-07-07,高新街道,科创园小区,897,824,451.9,146.5,4.5,405.0,784,40
2026-07-08,高新街道,科创园小区,897,794,399.8,146.6,4.8,274.2,749,45
2026-07-09,高新街道,科创园小区,897,819,459.4,142.5,5.6,355.4,762,57
2026-07-10,高新街道,科创园小区,897,845,491.4,157.3,7.5,379.7,830,15
2026-07-11,高新街道,科创园小区,897,893,521.1,151.4,7.9,440.1,834,59
2026-07-12,高新街道,科创园小区,897,888,480.8,166.4,5.9,352.8,860,28
2026-07-13,高新街道,科创园小区,897,812,481.8,154.5,6.4,311.2,734,78
2026-07-14,高新街道,科创园小区,897,817,446.8,163.9,6.3,348.1,790,27
2026-07-15,高新街道,科创园小区,897,817,461.7,122.9,6.4,348.6,787,30
2026-07-16,高新街道,科创园小区,897,846,438.6,167.6,8.6,328.2,812,34
2026-07-17,高新街道,科创园小区,897,834,420.6,156.3,6.5,276.6,786,48
2026-07-18,高新街道,科创园小区,897,888,429.6,154.2,7.8,353.6,841,47
2026-07-19,高新街道,科创园小区,897,873,426.2,158.1,8.9,355.2,813,60
2026-07-20,高新街道,科创园小区,897,806,503.0,142.3,7.2,352.6,789,17
2026-07-21,高新街道,科创园小区,897,816,425.8,140.4,6.7,301.4,762,54
2026-07-22,高新街道,科创园小区,897,798,514.6,122.2,6.0,323.7,771,27
2026-07-23,高新街道,科创园小区,897,805,482.6,149.9,7.2,381.2,787,18
2026-07-24,高新街道,科创园小区,897,860,497.5,181.2,7.8,368.3,853,7
2026-07-25,高新街道,科创园小区,897,891,491.4,183.0,5.7,353.9,813,78
2026-07-26,高新街道,科创园小区,897,840,438.0,145.0,7.1,356.7,805,35
2026-07-27,高新街道,科创园小区,897,779,397.5,128.2,7.0,324.8,775,4
2026-07-28,高新街道,科创园小区,897,844,441.7,188.4,6.6,370.5,798,46
2026-07-29,高新街道,科创园小区,897,845,465.4,151.1,6.4,342.9,802,43
2026-07-30,高新街道,科创园小区,897,838,409.4,133.2,6.2,348.1,809,29
2026-07-31,高新街道,科创园小区,897,791,409.5,153.8,6.4,315.4,784,7
2026-08-01,高新街道,科创园小区,897,887,445.6,124.9,6.6,371.4,854,33
2026-08-02,高新街道,科创园小区,897,874,480.4,155.2,5.7,378.4,854,20
2026-08-03,高新街道,科创园小区,897,804,417.5,142.8,7.8,388.0,776,28
2026-08-04,高新街道,科创园小区,897,843,445.0,155.0,7.1,318.6,816,27
2026-08-05,高新街道,科创园小区,897,840,447.2,140.5,7.7,380.7,833,7
2026-08-06,高新街道,科创园小区,897,829,436.2,152.2,8.1,342.4,767,62
2026-08-07,高新街道,科创园小区,897,856,498.4,139.4,6.7,310.5,805,51
2026-08-08,高新街道,科创园小区,897,864,467.3,140.7,6.3,413.5,856,8
2026-08-09,高新街道,科创园小区,897,873,430.6,143.2,6.0,340.9,843,30
2026-08-10,高新街道,科创园小区,897,827,449.6,164.4,6.5,401.7,797,30
2026-08-11,高新街道,科创园小区,897,841,441.4,157.4,6.4,351.7,836,5
2026-08-12,高新街道,科创园小区,897,835,478.6,145.5,6.9,338.2,822,13
2026-08-13,高新街道,科创园小区,897,826,417.6,202.1,7.1,309.8,776,50
2026-08-14,高新街道,科创园小区,897,824,512.6,164.8,7.9,366.8,819,5
2026-08-15,高新街道,科创园小区,897,831,497.8,148.6,7.3,398.3,790,41
2026-08-16,高新街道,科创园小区,897,856,465.7,153.7,8.0,368.2,840,16
2026-08-17,高新街道,科创园小区,897,839,432.4,178.0,8.2,321.3,789,50
2026-08-18,高新街道,科创园小区,897,835,488.4,134.2,5.4,364.4,826,9
2026-08-19,高新街道,科创园小区,897,809,470.6,132.9,7.3,339.0,780,29
2026-08-20,高新街道,科创园小区,897,876,465.7,176.7,7.1,377.6,866,10
2026-08-21,高新街道,科创园小区,897,789,427.8,141.1,7.1,286.7,752,37
2026-08-22,高新街道,科创园小区,897,858,498.8,185.0,6.8,412.0,835,23
2026-08-23,高新街道,科创园小区,897,860,453.1,146.8,6.6,369.2,823,37
2026-08-24,高新街道,科创园小区,897,828,506.9,129.1,6.4,323.3,786,42
2026-08-25,高新街道,科创园小区,897,848,441.2,141.7,5.8,387.2,816,32
2026-08-26,高新街道,科创园小区,897,812,502.8,123.0,6.2,353.3,803,9
2026-08-27,高新街道,科创园小区,897,829,478.1,150.8,6.3,365.9,790,39
2026-08-28,高新街道,科创园小区,897,839,443.6,137.4,9.5,395.8,806,33
2026-08-29,高新街道,科创园小区,897,888,454.0,159.5,7.4,402.9,829,59
2026-08-30,高新街道,科创园小区,897,867,443.4,146.2,8.5,369.0,830,37
2026-08-31,高新街道,科创园小区,897,836,484.8,133.3,7.2,361.9,804,32
2026-01-01,高新街道,智慧城,395,334,217.2,57.1,2.8,143.1,303,31
2026-01-02,高新街道,智慧城,395,302,142.1,53.6,2.1,105.5,246,56
2026-01-03,高新街道,智慧城,395,338,157.2,53.0,3.0,139.0,289,49
2026-01-04,高新街道,智慧城,395,359,195.3,57.7,3.0,142.7,303,56
2026-01-05,高新街道,智慧城,395,343,190.7,61.3,2.4,128.6,304,39
2026-01-06,高新街道,智慧城,395,328,176.6,56.1,2.8,135.8,282,46
2026-01-07,高新街道,智慧城,395,324,185.0,57.5,3.3,134.4,270,54
2026-01-08,高新街道,智慧城,395,343,208.9,61.9,3.1,152.3,299,44
2026-01-09,高新街道,智慧城,395,326,169.6,55.2,2.3,122.0,273,53
2026-01-10,高新街道,智慧城,395,350,170.6,77.3,3.6,150.7,295,55
2026-01-11,高新街道,智慧城,395,369,231.2,64.1,3.8,174.4,328,41
2026-01-12,高新街道,智慧城,395,315,169.5,66.5,2.6,131.4,284,31
2026-01-13,高新街道,智慧城,395,317,163.2,57.7,3.1,132.5,267,50
2026-01-14,高新街道,智慧城,395,347,192.2,48.2,2.5,159.2,301,46
2026-01-15,高新街道,智慧城,395,341,184.1,52.1,2.4,145.9,304,37
2026-01-16,高新街道,智慧城,395,326,151.9,63.6,2.7,143.4,280,46
2026-01-17,高新街道,智慧城,395,352,201.3,62.7,3.3,159.7,313,39
2026-01-18,高新街道,智慧城,395,354,218.3,53.7,2.6,135.5,287,67
2026-01-19,高新街道,智慧城,395,330,173.3,58.2,2.8,131.4,305,25
2026-01-20,高新街道,智慧城,395,318,162.1,50.9,2.8,138.9,258,60
2026-01-21,高新街道,智慧城,395,327,170.8,61.8,2.7,140.3,291,36
2026-01-22,高新街道,智慧城,395,318,166.2,55.8,2.6,123.5,282,36
2026-01-23,高新街道,智慧城,395,311,194.0,50.3,3.2,124.5,279,32
2026-01-24,高新街道,智慧城,395,370,189.7,60.2,3.1,167.2,326,44
2026-01-25,高新街道,智慧城,395,358,190.9,61.0,2.1,144.4,303,55
2026-01-26,高新街道,智慧城,395,320,185.1,72.3,2.0,136.5,280,40
2026-01-27,高新街道,智慧城,395,311,173.8,62.5,2.9,111.6,278,33
2026-01-28,高新街道,智慧城,395,313,162.0,52.5,2.6,147.5,272,41
2026-01-29,高新街道,智慧城,395,341,179.4,63.5,2.3,138.9,293,48
2026-01-30,高新街道,智慧城,395,321,184.1,55.1,3.4,147.9,289,32
2026-01-31,高新街道,智慧城,395,364,181.4,61.2,3.5,155.3,324,40
2026-02-01,高新街道,智慧城,395,339,164.1,61.9,2.7,138.6,317,22
2026-02-02,高新街道,智慧城,395,322,186.3,53.2,2.7,141.8,277,45
2026-02-03,高新街道,智慧城,395,342,178.8,63.1,3.2,138.4,297,45
2026-02-04,高新街道,智慧城,395,334,170.2,53.6,3.0,158.7,292,42
2026-02-05,高新街道,智慧城,395,353,182.4,55.4,2.4,153.2,323,30
2026-02-06,高新街道,智慧城,395,340,186.8,52.0,2.8,151.5,302,38
2026-02-07,高新街道,智慧城,395,374,216.0,74.3,3.3,149.1,336,38
2026-02-08,高新街道,智慧城,395,359,213.2,69.0,2.6,140.1,314,45
2026-02-09,高新街道,智慧城,395,327,153.2,69.4,2.2,152.8,280,47
2026-02-10,高新街道,智慧城,395,332,190.6,54.5,2.6,130.2,298,34
2026-02-11,高新街道,智慧城,395,332,195.5,67.9,3.0,140.2,283,49
2026-02-12,高新街道,智慧城,395,315,196.8,54.5,2.6,135.8,277,38
2026-02-13,高新街道,智慧城,395,335,184.6,68.9,2.1,135.6,290,45
2026-02-14,高新街道,智慧城,395,319,148.5,55.4,3.3,143.3,265,54
2026-02-15,高新街道,智慧城,395,349,188.9,58.7,2.6,156.3,301,48
2026-02-16,高新街道,智慧城,395,331,201.9,60.5,2.8,152.9,293,38
2026-02-17,高新街道,智慧城,395,318,170.3,59.7,2.0,134.9,286,32
2026-02-18,高新街道,智慧城,395,307,182.5,52.5,2.5,126.2,268,39
2026-02-19,高新街道,智慧城,395,316,177.6,54.1,2.9,148.0,284,32
2026-02-20,高新街道,智慧城,395,311,168.1,57.4,2.3,168.2,272,39
2026-02-21,高新街道,智慧城,395,342,192.2,65.7,2.4,150.6,294,48
2026-02-22,高新街道,智慧城,395,372,230.3,62.2,3.3,151.4,323,49
2026-02-23,高新街道,智慧城,395,321,171.6,62.3,3.4,151.0,267,54
2026-02-24,高新街道,智慧城,395,364,181.3,66.6,2.5,161.8,303,61
2026-02-25,高新街道,智慧城,395,343,197.4,59.1,2.1,130.1,300,43
2026-02-26,高新街道,智慧城,395,311,181.2,47.3,2.4,122.8,290,21
2026-02-27,高新街道,智慧城,395,324,172.8,55.0,2.3,137.7,260,64
2026-02-28,高新街道,智慧城,395,343,208.2,68.9,2.8,163.5,321,22
2026-03-01,高新街道,智慧城,395,369,198.3,72.4,3.1,155.3,329,40
2026-03-02,高新街道,智慧城,395,308,186.3,55.1,2.0,132.7,276,32
2026-03-03,高新街道,智慧城,395,336,206.3,63.4,2.4,130.3,286,50
2026-03-04,高新街道,智慧城,395,325,197.2,62.5,2.7,135.2,296,29
2026-03-05,高新街道,智慧城,395,316,177.0,62.3,3.2,150.1,268,48
2026-03-06,高新街道,智慧城,395,331,211.5,55.6,2.4,139.6,280,51
2026-03-07,高新街道,智慧城,395,356,182.3,62.7,3.4,147.0,316,40
2026-03-08,高新街道,智慧城,395,352,205.1,64.5,2.7,140.0,316,36
2026-03-09,高新街道,智慧城,395,338,199.7,50.0,3.1,136.0,296,42
2026-03-10,高新街道,智慧城,395,316,208.5,63.7,2.8,161.9,278,38
2026-03-11,高新街道,智慧城,395,319,212.1,62.2,2.2,156.6,273,46
2026-03-12,高新街道,智慧城,395,346,206.9,62.1,4.0,141.6,321,25
2026-03-13,高新街道,智慧城,395,325,167.3,54.2,2.6,143.1,275,50
2026-03-14,高新街道,智慧城,395,350,201.3,74.4,2.9,146.7,310,40
2026-03-15,高新街道,智慧城,395,368,219.2,62.6,2.3,145.8,312,56
2026-03-16,高新街道,智慧城,395,319,168.4,54.8,2.0,131.9,275,44
2026-03-17,高新街道,智慧城,395,340,200.6,58.0,2.5,132.9,293,47
2026-03-18,高新街道,智慧城,395,334,195.0,65.4,3.2,136.6,288,46
2026-03-19,高新街道,智慧城,395,332,172.2,56.9,3.0,140.9,302,30
2026-03-20,高新街道,智慧城,395,325,187.0,53.4,2.4,123.8,276,49
2026-03-21,高新街道,智慧城,395,353,190.4,61.4,2.9,154.8,297,56
2026-03-22,高新街道,智慧城,395,337,194.1,69.6,2.9,140.1,301,36
2026-03-23,高新街道,智慧城,395,336,198.5,56.1,2.1,131.2,302,34
2026-03-24,高新街道,智慧城,395,325,195.9,65.5,2.7,135.6,276,49
2026-03-25,高新街道,智慧城,395,354,205.0,61.0,3.2,150.5,301,53
2026-03-26,高新街道,智慧城,395,325,166.3,53.4,3.3,159.7,286,39
2026-03-27,高新街道,智慧城,395,353,212.5,70.8,2.6,149.8,326,27
2026-03-28,高新街道,智慧城,395,335,174.7,81.3,2.9,132.5,301,34
2026-03-29,高新街道,智慧城,395,354,208.0,63.7,3.0,148.2,318,36
2026-03-30,高新街道,智慧城,395,324,189.6,66.0,2.7,143.1,287,37
2026-03-31,高新街道,智慧城,395,338,191.3,58.3,3.1,153.5,298,40
2026-04-01,高新街道,智慧城,395,317,166.1,63.6,2.2,127.8,274,43
2026-04-02,高新街道,智慧城,395,328,172.3,64.8,2.0,143.4,297,31
2026-04-03,高新街道,智慧城,395,329,183.0,55.8,3.3,153.4,291,38
2026-04-04,高新街道,智慧城,395,349,193.2,68.0,3.2,138.6,326,23
2026-04-05,高新街道,智慧城,395,345,201.8,60.0,2.6,164.0,311,34
2026-04-06,高新街道,智慧城,395,329,174.2,68.9,2.4,123.9,303,26
2026-04-07,高新街道,智慧城,395,339,192.6,55.0,2.4,148.2,307,32
2026-04-08,高新街道,智慧城,395,315,169.1,63.0,2.6,142.0,272,43
2026-04-09,高新街道,智慧城,395,337,208.7,59.3,2.0,168.5,292,45
2026-04-10,高新街道,智慧城,395,323,184.1,55.8,3.1,137.6,293,30
2026-04-11,高新街道,智慧城,395,352,192.1,63.1,2.3,128.7,314,38
2026-04-12,高新街道,智慧城,395,340,189.0,63.3,2.8,156.7,311,29
2026-04-13,高新街道,智慧城,395,320,182.4,59.7,2.4,125.3,298,22
2026-04-14,高新街道,智慧城,395,331,164.9,58.7,2.5,137.0,302,29
2026-04-15,高新街道,智慧城,395,310,158.4,52.5,2.8,135.0,279,31
2026-04-16,高新街道,智慧城,395,316,172.0,57.3,2.3,124.4,290,26
2026-04-17,高新街道,智慧城,395,316,154.7,48.6,2.6,146.2,281,35
2026-04-18,高新街道,智慧城,395,344,199.4,56.0,2.6,141.2,302,42
2026-04-19,高新街道,智慧城,395,363,195.5,67.9,2.6,146.7,344,19
2026-04-20,高新街道,智慧城,395,326,172.0,69.1,2.5,140.5,292,34
2026-04-21,高新街道,智慧城,395,352,181.6,58.9,3.0,154.0,322,30
2026-04-22,高新街道,智慧城,395,339,200.0,47.3,2.6,151.3,300,39
2026-04-23,高新街道,智慧城,395,338,186.9,60.0,2.1,147.6,303,35
2026-04-24,高新街道,智慧城,395,329,198.8,55.8,2.6,126.2,318,11
2026-04-25,高新街道,智慧城,395,352,194.0,66.6,3.2,157.3,319,33
2026-04-26,高新街道,智慧城,395,354,203.4,70.1,2.9,153.8,317,37
2026-04-27,高新街道,智慧城,395,319,154.3,62.0,2.4,129.3,278,41
2026-04-28,高新街道,智慧城,395,348,185.5,62.8,3.3,133.2,294,54
2026-04-29,高新街道,智慧城,395,324,169.4,61.4,3.0,123.7,301,23
2026-04-30,高新街道,智慧城,395,329,179.5,70.9,2.8,148.8,309,20
2026-05-01,高新街道,智慧城,395,344,192.6,55.9,3.0,134.3,308,36
2026-05-02,高新街道,智慧城,395,360,185.6,82.6,2.7,149.8,326,34
2026-05-03,高新街道,智慧城,395,359,226.9,67.1,3.0,172.9,318,41
2026-05-04,高新街道,智慧城,395,341,203.3,59.3,2.8,131.0,307,34
2026-05-05,高新街道,智慧城,395,338,151.2,65.1,2.7,137.4,313,25
2026-05-06,高新街道,智慧城,395,334,185.5,63.3,3.6,134.8,279,55
2026-05-07,高新街道,智慧城,395,319,176.0,55.2,2.6,126.8,291,28
2026-05-08,高新街道,智慧城,395,331,174.9,57.4,2.2,154.8,299,32
2026-05-09,高新街道,智慧城,395,361,195.9,79.7,3.2,181.4,319,42
2026-05-10,高新街道,智慧城,395,374,181.9,63.0,2.8,159.0,353,21
2026-05-11,高新街道,智慧城,395,340,188.3,63.9,2.6,143.2,315,25
2026-05-12,高新街道,智慧城,395,332,195.0,60.3,2.5,157.9,294,38
2026-05-13,高新街道,智慧城,395,344,213.8,62.0,3.2,144.5,322,22
2026-05-14,高新街道,智慧城,395,339,185.1,65.9,3.0,138.0,318,21
2026-05-15,高新街道,智慧城,395,314,183.2,56.4,2.3,133.6,284,30
2026-05-16,高新街道,智慧城,395,332,187.7,52.0,2.6,142.2,297,35
2026-05-17,高新街道,智慧城,395,360,180.4,66.9,3.4,150.3,323,37
2026-05-18,高新街道,智慧城,395,330,171.5,64.8,2.8,149.2,297,33
2026-05-19,高新街道,智慧城,395,323,193.0,69.7,2.2,162.4,298,25
2026-05-20,高新街道,智慧城,395,333,213.9,65.9,2.2,144.7,317,16
2026-05-21,高新街道,智慧城,395,337,209.7,63.6,2.8,125.8,318,19
2026-05-22,高新街道,智慧城,395,331,186.0,57.2,2.6,139.3,304,27
2026-05-23,高新街道,智慧城,395,353,160.9,66.9,2.9,148.3,320,33
2026-05-24,高新街道,智慧城,395,346,186.0,71.7,3.5,155.8,296,50
2026-05-25,高新街道,智慧城,395,313,179.7,55.0,3.0,139.2,275,38
2026-05-26,高新街道,智慧城,395,316,184.4,55.9,2.5,127.6,296,20
2026-05-27,高新街道,智慧城,395,322,160.6,55.9,3.6,131.0,293,29
2026-05-28,高新街道,智慧城,395,328,163.0,54.1,3.2,137.9,304,24
2026-05-29,高新街道,智慧城,395,333,192.4,62.1,3.5,140.4,304,29
2026-05-30,高新街道,智慧城,395,362,194.6,63.4,3.1,150.9,331,31
2026-05-31,高新街道,智慧城,395,348,173.4,60.7,3.2,150.5,317,31
2026-06-01,高新街道,智慧城,395,344,187.3,49.4,2.9,147.0,330,14
2026-06-02,高新街道,智慧城,395,338,182.0,61.0,2.5,141.5,305,33
2026-06-03,高新街道,智慧城,395,327,187.9,58.1,2.6,166.4,296,31
2026-06-04,高新街道,智慧城,395,360,189.4,63.2,2.8,142.1,343,17
2026-06-05,高新街道,智慧城,395,323,201.5,61.1,2.5,143.9,297,26
2026-06-06,高新街道,智慧城,395,372,234.1,60.0,2.8,138.0,352,20
2026-06-07,高新街道,智慧城,395,372,232.6,66.4,3.2,146.5,337,35
2026-06-08,高新街道,智慧城,395,337,200.3,65.9,3.1,135.9,317,20
2026-06-09,高新街道,智慧城,395,341,192.0,62.0,3.8,155.0,325,16
2026-06-10,高新街道,智慧城,395,334,194.9,51.6,3.1,137.3,294,40
2026-06-11,高新街道,智慧城,395,311,185.4,52.9,2.4,117.0,280,31
2026-06-12,高新街道,智慧城,395,348,187.3,69.9,2.8,126.4,302,46
2026-06-13,高新街道,智慧城,395,370,190.4,71.9,3.0,183.4,324,46
2026-06-14,高新街道,智慧城,395,359,173.5,60.0,3.1,153.4,328,31
2026-06-15,高新街道,智慧城,395,361,199.5,57.8,3.1,130.6,333,28
2026-06-16,高新街道,智慧城,395,333,192.8,57.6,2.3,126.0,304,29
2026-06-17,高新街道,智慧城,395,351,213.0,73.6,2.8,146.2,316,35
2026-06-18,高新街道,智慧城,395,339,204.8,54.5,2.7,132.2,326,13
2026-06-19,高新街道,智慧城,395,323,181.7,57.7,3.3,123.6,313,10
2026-06-20,高新街道,智慧城,395,361,193.4,59.9,3.3,147.1,309,52
2026-06-21,高新街道,智慧城,395,352,169.6,56.9,3.1,132.9,327,25
2026-06-22,高新街道,智慧城,395,330,192.6,60.4,2.6,152.3,308,22
2026-06-23,高新街道,智慧城,395,310,159.8,72.3,2.2,127.7,279,31
2026-06-24,高新街道,智慧城,395,327,157.3,56.6,2.5,134.7,304,23
2026-06-25,高新街道,智慧城,395,330,155.7,61.5,2.4,147.6,308,22
2026-06-26,高新街道,智慧城,395,342,206.4,54.7,3.0,137.9,296,46
2026-06-27,高新街道,智慧城,395,366,207.0,58.7,2.5,146.8,333,33
2026-06-28,高新街道,智慧城,395,352,218.8,63.8,3.6,130.3,343,9
2026-06-29,高新街道,智慧城,395,325,189.5,53.3,2.4,136.6,294,31
2026-06-30,高新街道,智慧城,395,353,184.3,73.5,3.3,149.7,328,25
2026-07-01,高新街道,智慧城,395,328,173.9,52.1,2.3,138.2,307,21
2026-07-02,高新街道,智慧城,395,341,185.9,57.1,2.6,155.1,308,33
2026-07-03,高新街道,智慧城,395,332,163.9,64.7,2.5,156.0,315,17
2026-07-04,高新街道,智慧城,395,363,183.9,55.0,3.5,162.1,343,20
2026-07-05,高新街道,智慧城,395,361,206.1,53.7,3.1,158.3,327,34
2026-07-06,高新街道,智慧城,395,336,206.1,66.2,2.6,144.3,305,31
2026-07-07,高新街道,智慧城,395,335,170.1,48.9,3.1,134.6,292,43
2026-07-08,高新街道,智慧城,395,349,206.9,67.4,2.5,144.8,327,22
2026-07-09,高新街道,智慧城,395,335,167.3,51.4,2.3,143.8,313,22
2026-07-10,高新街道,智慧城,395,330,173.6,57.5,2.8,135.6,300,30
2026-07-11,高新街道,智慧城,395,354,179.9,68.8,2.4,174.2,331,23
2026-07-12,高新街道,智慧城,395,371,217.4,66.8,2.9,173.8,338,33
2026-07-13,高新街道,智慧城,395,334,200.7,58.1,3.3,151.8,309,25
2026-07-14,高新街道,智慧城,395,321,187.0,64.4,3.2,142.8,298,23
2026-07-15,高新街道,智慧城,395,329,185.2,53.9,2.5,148.7,315,14
2026-07-16,高新街道,智慧城,395,350,179.2,57.6,2.6,128.6,327,23
2026-07-17,高新街道,智慧城,395,314,189.6,58.1,2.2,133.6,281,33
2026-07-18,高新街道,智慧城,395,348,193.1,60.4,2.4,159.1,342,6
2026-07-19,高新街道,智慧城,395,344,209.2,67.0,3.2,158.0,308,36
2026-07-20,高新街道,智慧城,395,334,163.1,70.7,2.1,149.1,308,26
2026-07-21,高新街道,智慧城,395,324,213.7,57.9,2.9,130.1,294,30
2026-07-22,高新街道,智慧城,395,334,175.2,63.7,2.4,136.6,315,19
2026-07-23,高新街道,智慧城,395,310,131.3,53.1,2.3,137.8,282,28
2026-07-24,高新街道,智慧城,395,327,173.3,59.7,2.6,125.1,301,26
2026-07-25,高新街道,智慧城,395,367,205.0,60.3,3.9,160.6,356,11
2026-07-26,高新街道,智慧城,395,361,217.8,78.0,3.3,150.1,332,29
2026-07-27,高新街道,智慧城,395,357,195.5,66.4,2.4,145.7,320,37
2026-07-28,高新街道,智慧城,395,349,210.4,60.7,2.3,143.5,321,28
2026-07-29,高新街道,智慧城,395,347,197.5,53.8,2.9,148.8,327,20
2026-07-30,高新街道,智慧城,395,328,190.7,50.9,2.7,134.5,313,15
2026-07-31,高新街道,智慧城,395,342,198.6,67.2,2.3,129.1,323,19
2026-08-01,高新街道,智慧城,395,363,243.8,62.9,2.3,144.4,351,12
2026-08-02,高新街道,智慧城,395,364,196.8,72.4,3.1,159.4,342,22
2026-08-03,高新街道,智慧城,395,355,186.7,60.9,2.6,138.4,354,1
2026-08-04,高新街道,智慧城,395,339,172.8,52.0,1.9,136.4,317,22
2026-08-05,高新街道,智慧城,395,341,163.3,73.4,2.5,145.5,330,11
2026-08-06,高新街道,智慧城,395,347,166.0,65.0,2.6,158.8,339,8
2026-08-07,高新街道,智慧城,395,332,182.2,64.2,3.3,130.3,309,23
2026-08-08,高新街道,智慧城,395,345,198.4,51.4,2.9,171.6,332,13
2026-08-09,高新街道,智慧城,395,352,200.7,75.0,2.2,140.2,336,16
2026-08-10,高新街道,智慧城,395,343,171.5,65.4,2.5,143.0,325,18
2026-08-11,高新街道,智慧城,395,313,160.6,54.3,3.4,128.6,304,9
2026-08-12,高新街道,智慧城,395,348,194.4,56.5,2.4,145.9,329,19
2026-08-13,高新街道,智慧城,395,327,162.4,55.0,3.0,133.7,311,16
2026-08-14,高新街道,智慧城,395,331,176.0,56.3,3.3,135.3,300,31
2026-08-15,高新街道,智慧城,395,372,209.8,64.5,2.7,171.4,367,5
2026-08-16,高新街道,智慧城,395,369,208.0,66.7,2.5,167.6,341,28
2026-08-17,高新街道,智慧城,395,366,220.3,53.7,2.0,167.1,343,23
2026-08-18,高新街道,智慧城,395,332,183.2,64.3,2.5,132.8,299,33
2026-08-19,高新街道,智慧城,395,335,190.0,57.0,2.5,135.9,300,35
2026-08-20,高新街道,智慧城,395,334,198.4,59.3,2.6,126.5,311,23
2026-08-21,高新街道,智慧城,395,336,183.6,65.4,3.8,119.6,324,12
2026-08-22,高新街道,智慧城,395,373,219.5,60.7,3.1,158.9,361,12
2026-08-23,高新街道,智慧城,395,373,243.4,63.0,2.9,148.5,339,34
2026-08-24,高新街道,智慧城,395,335,186.9,50.1,1.9,133.2,306,29
2026-08-25,高新街道,智慧城,395,337,182.4,68.5,3.1,121.6,312,25
2026-08-26,高新街道,智慧城,395,318,177.8,54.3,2.6,133.4,278,40
2026-08-27,高新街道,智慧城,395,349,171.5,56.2,2.5,124.4,331,18
2026-08-28,高新街道,智慧城,395,350,181.2,56.0,2.3,138.8,329,21
2026-08-29,高新街道,智慧城,395,366,215.6,77.4,2.7,143.0,344,22
2026-08-30,高新街道,智慧城,395,363,198.5,108.6,2.8,144.1,340,23
2026-08-31,高新街道,智慧城,395,331,192.1,70.6,2.2,125.6,313,18
2026-01-01,高新街道,未来海岸,897,716,356.5,132.7,5.8,297.8,625,91
2026-01-02,高新街道,未来海岸,897,731,370.8,119.5,5.4,295.9,628,103
2026-01-03,高新街道,未来海岸,897,810,448.4,161.1,6.7,361.6,732,78
2026-01-04,高新街道,未来海岸,897,789,399.9,137.9,7.0,298.8,661,128
2026-01-05,高新街道,未来海岸,897,742,411.8,142.0,7.1,332.7,676,66
2026-01-06,高新街道,未来海岸,897,761,450.1,114.6,6.4,332.9,687,74
2026-01-07,高新街道,未来海岸,897,718,366.0,124.6,5.9,298.3,633,85
2026-01-08,高新街道,未来海岸,897,758,422.6,119.5,6.3,326.9,649,109
2026-01-09,高新街道,未来海岸,897,707,412.0,128.5,6.9,257.0,606,101
2026-01-10,高新街道,未来海岸,897,759,484.4,119.3,6.0,301.9,651,108
2026-01-11,高新街道,未来海岸,897,771,438.0,143.1,5.7,311.0,661,110
2026-01-12,高新街道,未来海岸,897,779,446.5,153.7,6.6,318.6,658,121
2026-01-13,高新街道,未来海岸,897,708,446.5,138.2,4.5,293.1,601,107
2026-01-14,高新街道,未来海岸,897,774,413.4,148.5,6.4,335.9,699,75
2026-01-15,高新街道,未来海岸,897,717,399.8,116.4,7.2,293.9,639,78
2026-01-16,高新街道,未来海岸,897,750,411.3,144.6,5.5,277.3,667,83
2026-01-17,高新街道,未来海岸,897,810,496.9,150.9,6.4,350.5,721,89
2026-01-18,高新街道,未来海岸,897,814,465.7,147.6,5.9,377.0,721,93
2026-01-19,高新街道,未来海岸,897,751,452.0,120.4,6.4,280.2,671,80
2026-01-20,高新街道,未来海岸,897,756,458.5,155.7,6.0,307.6,657,99
2026-01-21,高新街道,未来海岸,897,730,444.9,158.8,5.5,307.8,649,81
2026-01-22,高新街道,未来海岸,897,715,383.0,115.3,5.5,293.4,617,98
2026-01-23,高新街道,未来海岸,897,760,423.0,134.6,3.9,297.4,683,77
2026-01-24,高新街道,未来海岸,897,835,480.3,128.6,6.8,396.6,718,117
2026-01-25,高新街道,未来海岸,897,780,427.1,144.8,6.9,336.8,660,120
2026-01-26,高新街道,未来海岸,897,781,441.2,131.7,7.1,279.1,672,109
2026-01-27,高新街道,未来海岸,897,746,400.6,142.3,5.9,322.2,663,83
2026-01-28,高新街道,未来海岸,897,729,417.2,137.6,4.3,345.5,652,77
2026-01-29,高新街道,未来海岸,897,711,424.5,97.5,5.9,277.3,648,63
2026-01-30,高新街道,未来海岸,897,768,427.1,124.8,5.8,322.4,666,102
2026-01-31,高新街道,未来海岸,897,810,428.1,150.9,5.9,327.2,749,61
2026-02-01,高新街道,未来海岸,897,824,490.2,139.2,5.3,305.2,738,86
2026-02-02,高新街道,未来海岸,897,774,421.2,134.0,6.5,287.1,672,102
2026-02-03,高新街道,未来海岸,897,775,416.7,141.6,5.2,358.2,661,114
2026-02-04,高新街道,未来海岸,897,768,421.9,147.8,5.3,300.8,663,105
2026-02-05,高新街道,未来海岸,897,734,406.8,143.2,5.7,358.4,659,75
2026-02-06,高新街道,未来海岸,897,759,419.4,131.4,4.7,306.6,681,78
2026-02-07,高新街道,未来海岸,897,784,482.4,148.1,6.7,322.8,666,118
2026-02-08,高新街道,未来海岸,897,797,452.7,142.2,5.8,359.6,725,72
2026-02-09,高新街道,未来海岸,897,790,397.6,154.6,7.4,351.2,734,56
2026-02-10,高新街道,未来海岸,897,710,364.2,127.7,6.5,339.7,624,86
2026-02-11,高新街道,未来海岸,897,769,426.8,137.3,4.7,304.4,642,127
2026-02-12,高新街道,未来海岸,897,709,342.9,102.9,5.3,296.7,657,52
2026-02-13,高新街道,未来海岸,897,757,414.5,156.2,5.2,312.0,666,91
2026-02-14,高新街道,未来海岸,897,792,450.8,137.9,4.9,321.2,683,109
2026-02-15,高新街道,未来海岸,897,772,373.5,141.8,7.1,333.6,672,100
2026-02-16,高新街道,未来海岸,897,772,398.4,135.9,6.0,349.3,657,115
2026-02-17,高新街道,未来海岸,897,760,434.4,141.5,5.8,332.1,685,75
2026-02-18,高新街道,未来海岸,897,772,414.3,133.0,6.5,302.8,714,58
2026-02-19,高新街道,未来海岸,897,715,409.5,130.5,6.7,249.3,640,75
2026-02-20,高新街道,未来海岸,897,763,416.1,137.3,6.2,357.8,683,80
2026-02-21,高新街道,未来海岸,897,779,336.6,133.1,5.5,359.7,699,80
2026-02-22,高新街道,未来海岸,897,776,413.3,157.7,4.7,319.3,673,103
2026-02-23,高新街道,未来海岸,897,765,431.8,140.3,6.2,318.4,693,72
2026-02-24,高新街道,未来海岸,897,753,465.0,131.5,6.6,303.1,659,94
2026-02-25,高新街道,未来海岸,897,738,349.3,123.5,4.8,326.9,673,65
2026-02-26,高新街道,未来海岸,897,731,359.4,109.0,6.4,338.7,621,110
2026-02-27,高新街道,未来海岸,897,780,386.3,137.9,5.9,335.3,728,52
2026-02-28,高新街道,未来海岸,897,771,370.8,144.7,5.4,352.6,661,110
2026-03-01,高新街道,未来海岸,897,812,479.5,151.8,6.7,350.2,719,93
2026-03-02,高新街道,未来海岸,897,755,413.0,148.5,6.5,343.5,687,68
2026-03-03,高新街道,未来海岸,897,730,382.2,121.7,7.2,281.7,660,70
2026-03-04,高新街道,未来海岸,897,758,493.1,140.2,8.6,338.0,650,108
2026-03-05,高新街道,未来海岸,897,775,388.4,120.0,7.0,336.9,680,95
2026-03-06,高新街道,未来海岸,897,751,434.7,135.0,6.4,308.1,690,61
2026-03-07,高新街道,未来海岸,897,814,446.1,179.7,7.1,353.3,741,73
2026-03-08,高新街道,未来海岸,897,787,454.2,150.8,8.5,330.6,724,63
2026-03-09,高新街道,未来海岸,897,720,419.3,126.8,5.2,281.6,648,72
2026-03-10,高新街道,未来海岸,897,763,401.4,157.6,7.1,307.8,675,88
2026-03-11,高新街道,未来海岸,897,745,425.6,122.1,4.9,334.4,660,85
2026-03-12,高新街道,未来海岸,897,750,393.6,142.4,4.9,311.5,689,61
2026-03-13,高新街道,未来海岸,897,786,380.8,143.4,5.3,384.9,694,92
2026-03-14,高新街道,未来海岸,897,795,375.8,158.0,5.4,362.4,706,89
2026-03-15,高新街道,未来海岸,897,819,489.6,139.9,8.0,320.3,730,89
2026-03-16,高新街道,未来海岸,897,749,416.2,117.2,7.8,344.1,679,70
2026-03-17,高新街道,未来海岸,897,762,408.0,146.1,8.5,320.0,656,106
2026-03-18,高新街道,未来海岸,897,766,345.3,121.3,6.5,339.3,693,73
2026-03-19,高新街道,未来海岸,897,758,365.5,121.5,7.3,322.8,679,79
2026-03-20,高新街道,未来海岸,897,769,390.6,139.5,6.5,356.5,679,90
2026-03-21,高新街道,未来海岸,897,785,435.9,117.8,6.9,342.7,698,87
2026-03-22,高新街道,未来海岸,897,854,419.1,170.7,7.5,347.3,774,80
2026-03-23,高新街道,未来海岸,897,767,418.3,132.2,6.0,287.4,687,80
2026-03-24,高新街道,未来海岸,897,712,377.5,126.3,5.9,262.3,633,79
2026-03-25,高新街道,未来海岸,897,761,369.1,134.9,6.8,296.0,672,89
2026-03-26,高新街道,未来海岸,897,779,473.7,144.7,5.1,367.7,724,55
2026-03-27,高新街道,未来海岸,897,722,437.3,150.7,5.4,302.5,634,88
2026-03-28,高新街道,未来海岸,897,817,430.7,154.8,7.7,355.7,729,88
2026-03-29,高新街道,未来海岸,897,787,405.3,155.1,7.0,362.7,714,73
2026-03-30,高新街道,未来海岸,897,752,418.2,142.3,6.0,361.2,652,100
2026-03-31,高新街道,未来海岸,897,788,469.9,130.4,6.9,345.7,675,113
2026-04-01,高新街道,未来海岸,897,738,437.0,110.3,6.8,310.4,675,63
2026-04-02,高新街道,未来海岸,897,764,409.0,129.1,6.4,329.5,707,57
2026-04-03,高新街道,未来海岸,897,683,386.6,120.2,5.3,295.6,595,88
2026-04-04,高新街道,未来海岸,897,765,412.2,133.9,6.6,317.4,694,71
2026-04-05,高新街道,未来海岸,897,826,494.4,153.4,6.3,326.6,743,83
2026-04-06,高新街道,未来海岸,897,776,408.5,137.7,6.3,322.7,691,85
2026-04-07,高新街道,未来海岸,897,765,492.1,118.9,5.5,338.9,700,65
2026-04-08,高新街道,未来海岸,897,780,415.6,116.0,5.5,331.3,731,49
2026-04-09,高新街道,未来海岸,897,768,392.6,129.6,5.0,351.2,695,73
2026-04-10,高新街道,未来海岸,897,768,398.7,174.1,6.8,309.9,710,58
2026-04-11,高新街道,未来海岸,897,827,455.7,163.2,6.5,349.9,749,78
2026-04-12,高新街道,未来海岸,897,805,445.2,129.6,6.4,308.7,742,63
2026-04-13,高新街道,未来海岸,897,763,410.2,144.1,6.1,308.2,708,55
2026-04-14,高新街道,未来海岸,897,732,385.3,147.8,4.0,360.5,671,61
2026-04-15,高新街道,未来海岸,897,749,412.3,133.3,4.8,305.6,683,66
2026-04-16,高新街道,未来海岸,897,793,429.8,165.2,6.0,305.6,679,114
2026-04-17,高新街道,未来海岸,897,763,419.9,133.6,6.6,290.3,699,64
2026-04-18,高新街道,未来海岸,897,844,444.2,154.3,7.3,406.7,749,95
2026-04-19,高新街道,未来海岸,897,759,436.2,137.3,5.5,340.8,688,71
2026-04-20,高新街道,未来海岸,897,749,448.8,144.5,5.9,302.0,681,68
2026-04-21,高新街道,未来海岸,897,742,475.1,123.9,8.2,288.7,632,110
2026-04-22,高新街道,未来海岸,897,780,392.3,129.3,6.2,297.4,721,59
2026-04-23,高新街道,未来海岸,897,758,441.0,137.0,5.6,251.4,693,65
2026-04-24,高新街道,未来海岸,897,759,357.7,140.3,5.0,296.5,688,71
2026-04-25,高新街道,未来海岸,897,803,434.8,143.7,6.2,341.3,700,103
2026-04-26,高新街道,未来海岸,897,816,424.7,147.9,7.2,353.3,737,79
2026-04-27,高新街道,未来海岸,897,768,363.0,123.8,4.9,342.6,717,51
2026-04-28,高新街道,未来海岸,897,738,377.8,132.3,7.2,306.2,686,52
2026-04-29,高新街道,未来海岸,897,785,399.3,154.3,5.7,313.0,717,68
2026-04-30,高新街道,未来海岸,897,708,381.3,133.5,6.1,280.2,625,83
2026-05-01,高新街道,未来海岸,897,784,458.7,148.0,7.8,318.9,720,64
2026-05-02,高新街道,未来海岸,897,813,528.2,141.2,6.5,292.1,749,64
2026-05-03,高新街道,未来海岸,897,809,422.8,152.4,6.4,353.6,740,69
2026-05-04,高新街道,未来海岸,897,723,431.3,136.1,5.4,320.2,646,77
2026-05-05,高新街道,未来海岸,897,766,412.9,136.3,7.5,293.8,672,94
2026-05-06,高新街道,未来海岸,897,729,381.1,128.2,6.0,326.0,670,59
2026-05-07,高新街道,未来海岸,897,761,433.8,132.5,6.8,307.2,688,73
2026-05-08,高新街道,未来海岸,897,673,364.6,117.5,5.1,288.6,609,64
2026-05-09,高新街道,未来海岸,897,813,450.4,149.7,5.4,342.8,745,68
2026-05-10,高新街道,未来海岸,897,829,490.9,153.6,10.2,361.1,731,98
2026-05-11,高新街道,未来海岸,897,777,441.4,158.8,8.1,325.7,731,46
2026-05-12,高新街道,未来海岸,897,738,433.1,120.1,7.5,367.2,701,37
2026-05-13,高新街道,未来海岸,897,743,390.7,120.8,5.5,308.2,679,64
2026-05-14,高新街道,未来海岸,897,736,418.0,118.5,5.9,335.5,671,65
2026-05-15,高新街道,未来海岸,897,744,384.0,102.5,6.2,299.4,694,50
2026-05-16,高新街道,未来海岸,897,808,451.1,138.5,6.2,352.3,755,53
2026-05-17,高新街道,未来海岸,897,828,474.4,178.6,8.0,359.5,777,51
2026-05-18,高新街道,未来海岸,897,758,454.1,107.8,6.8,280.2,692,66
2026-05-19,高新街道,未来海岸,897,730,409.4,133.6,7.2,357.4,618,112
2026-05-20,高新街道,未来海岸,897,747,469.9,142.2,6.3,293.1,670,77
2026-05-21,高新街道,未来海岸,897,747,406.9,119.1,6.2,332.0,686,61
2026-05-22,高新街道,未来海岸,897,698,356.2,136.0,4.8,266.6,644,54
2026-05-23,高新街道,未来海岸,897,837,455.5,162.4,5.2,346.4,787,50
2026-05-24,高新街道,未来海岸,897,821,468.4,156.7,6.9,321.2,731,90
2026-05-25,高新街道,未来海岸,897,768,396.5,167.8,5.4,341.8,669,99
2026-05-26,高新街道,未来海岸,897,743,409.8,141.4,6.5,328.3,706,37
2026-05-27,高新街道,未来海岸,897,764,410.9,139.9,7.7,321.5,718,46
2026-05-28,高新街道,未来海岸,897,735,403.6,131.1,6.1,334.9,668,67
2026-05-29,高新街道,未来海岸,897,726,386.3,151.2,7.1,309.6,671,55
2026-05-30,高新街道,未来海岸,897,796,390.0,147.6,6.5,332.0,758,38
2026-05-31,高新街道,未来海岸,897,786,426.6,185.0,6.3,318.2,717,69
2026-06-01,高新街道,未来海岸,897,758,379.0,120.6,7.8,339.9,702,56
2026-06-02,高新街道,未来海岸,897,813,447.3,171.8,8.6,356.5,756,57
2026-06-03,高新街道,未来海岸,897,807,438.6,147.5,5.0,398.0,753,54
2026-06-04,高新街道,未来海岸,897,745,420.8,130.7,5.6,332.7,703,42
2026-06-05,高新街道,未来海岸,897,736,332.3,125.2,4.7,304.6,678,58
2026-06-06,高新街道,未来海岸,897,813,426.8,124.7,6.1,314.2,733,80
2026-06-07,高新街道,未来海岸,897,793,425.7,150.0,6.5,309.1,716,77
2026-06-08,高新街道,未来海岸,897,769,435.4,129.1,6.3,290.5,708,61
2026-06-09,高新街道,未来海岸,897,743,420.1,129.5,6.7,306.5,687,56
2026-06-10,高新街道,未来海岸,897,755,441.3,108.7,6.6,322.4,667,88
2026-06-11,高新街道,未来海岸,897,779,465.8,137.8,5.7,283.7,718,61
2026-06-12,高新街道,未来海岸,897,770,367.7,173.8,6.7,311.5,752,18
2026-06-13,高新街道,未来海岸,897,859,495.9,164.3,5.3,358.4,784,75
2026-06-14,高新街道,未来海岸,897,854,499.4,173.0,7.2,334.1,786,68
2026-06-15,高新街道,未来海岸,897,787,393.3,135.0,5.2,303.2,717,70
2026-06-16,高新街道,未来海岸,897,787,470.2,133.8,8.8,296.1,705,82
2026-06-17,高新街道,未来海岸,897,768,437.5,119.7,6.0,318.3,723,45
2026-06-18,高新街道,未来海岸,897,795,433.5,138.8,4.8,369.7,686,109
2026-06-19,高新街道,未来海岸,897,727,421.1,113.3,6.1,283.3,658,69
2026-06-20,高新街道,未来海岸,897,829,464.6,154.4,5.7,355.3,773,56
2026-06-21,高新街道,未来海岸,897,785,398.6,148.7,5.2,310.5,736,49
2026-06-22,高新街道,未来海岸,897,728,413.0,142.1,4.6,365.2,675,53
2026-06-23,高新街道,未来海岸,897,771,475.0,126.3,5.2,332.7,734,37
2026-06-24,高新街道,未来海岸,897,768,420.1,162.6,6.2,325.7,709,59
2026-06-25,高新街道,未来海岸,897,752,456.2,130.3,4.4,344.5,714,38
2026-06-26,高新街道,未来海岸,897,751,431.5,130.2,6.7,373.3,708,43
2026-06-27,高新街道,未来海岸,897,789,428.2,140.9,6.3,312.5,732,57
2026-06-28,高新街道,未来海岸,897,798,444.2,136.5,5.5,355.3,717,81
2026-06-29,高新街道,未来海岸,897,732,420.4,141.2,8.8,295.5,655,77
2026-06-30,高新街道,未来海岸,897,731,411.0,144.5,5.4,335.0,701,30
2026-07-01,高新街道,未来海岸,897,777,447.8,152.8,5.9,353.3,751,26
2026-07-02,高新街道,未来海岸,897,785,438.7,110.6,6.8,329.9,719,66
2026-07-03,高新街道,未来海岸,897,764,434.3,137.8,8.1,338.0,726,38
2026-07-04,高新街道,未来海岸,897,826,422.3,137.3,8.1,306.9,757,69
2026-07-05,高新街道,未来海岸,897,857,428.4,130.0,7.1,315.9,774,83
2026-07-06,高新街道,未来海岸,897,797,403.8,132.8,6.3,340.6,738,59
2026-07-07,高新街道,未来海岸,897,792,354.6,143.2,7.3,290.5,750,42
2026-07-08,高新街道,未来海岸,897,784,532.9,146.6,5.5,405.8,697,87
2026-07-09,高新街道,未来海岸,897,751,404.4,132.6,6.3,312.7,716,35
2026-07-10,高新街道,未来海岸,897,748,479.8,129.6,5.4,345.5,682,66
2026-07-11,高新街道,未来海岸,897,846,430.5,163.1,6.8,349.6,771,75
2026-07-12,高新街道,未来海岸,897,824,481.3,146.6,6.8,352.9,752,72
2026-07-13,高新街道,未来海岸,897,798,368.3,148.9,5.3,354.6,752,46
2026-07-14,高新街道,未来海岸,897,730,432.9,130.5,4.6,301.6,690,40
2026-07-15,高新街道,未来海岸,897,735,412.0,120.8,6.1,369.0,664,71
2026-07-16,高新街道,未来海岸,897,793,473.0,143.1,5.8,365.3,758,35
2026-07-17,高新街道,未来海岸,897,734,436.6,155.3,4.8,309.9,703,31
2026-07-18,高新街道,未来海岸,897,805,445.6,148.9,6.2,359.5,739,66
2026-07-19,高新街道,未来海岸,897,804,455.1,141.9,5.8,357.4,759,45
2026-07-20,高新街道,未来海岸,897,732,390.6,139.3,4.8,291.3,701,31
2026-07-21,高新街道,未来海岸,897,795,418.7,139.2,8.7,287.4,753,42
2026-07-22,高新街道,未来海岸,897,751,387.3,134.5,5.4,295.0,719,32
2026-07-23,高新街道,未来海岸,897,730,364.3,123.7,6.9,288.8,676,54
2026-07-24,高新街道,未来海岸,897,772,455.3,124.5,5.6,321.0,748,24
2026-07-25,高新街道,未来海岸,897,809,452.4,138.8,6.1,370.9,761,48
2026-07-26,高新街道,未来海岸,897,799,466.0,145.7,7.2,324.3,726,73
2026-07-27,高新街道,未来海岸,897,781,419.0,135.3,5.8,313.6,747,34
2026-07-28,高新街道,未来海岸,897,788,456.8,137.1,8.1,333.5,738,50
2026-07-29,高新街道,未来海岸,897,761,387.5,148.9,6.0,338.5,673,88
2026-07-30,高新街道,未来海岸,897,793,442.3,164.5,6.2,317.5,740,53
2026-07-31,高新街道,未来海岸,897,764,444.4,151.9,7.6,309.1,706,58
2026-08-01,高新街道,未来海岸,897,801,453.2,127.7,6.7,340.4,749,52
2026-08-02,高新街道,未来海岸,897,835,435.1,155.1,8.9,320.9,751,84
2026-08-03,高新街道,未来海岸,897,746,392.9,145.3,6.7,287.2,704,42
2026-08-04,高新街道,未来海岸,897,746,496.3,149.9,4.8,330.5,685,61
2026-08-05,高新街道,未来海岸,897,745,452.3,153.7,5.2,281.2,698,47
2026-08-06,高新街道,未来海岸,897,766,422.6,140.5,6.2,319.1,706,60
2026-08-07,高新街道,未来海岸,897,779,405.0,127.6,6.0,336.4,741,38
2026-08-08,高新街道,未来海岸,897,833,510.6,145.4,6.5,347.2,800,33
2026-08-09,高新街道,未来海岸,897,847,423.4,207.0,5.5,378.8,788,59
2026-08-10,高新街道,未来海岸,897,749,434.2,139.6,4.7,334.0,716,33
2026-08-11,高新街道,未来海岸,897,757,416.2,142.1,6.3,309.0,700,57
2026-08-12,高新街道,未来海岸,897,772,395.3,150.8,6.1,351.2,717,55
2026-08-13,高新街道,未来海岸,897,835,447.0,152.3,6.9,341.4,776,59
2026-08-14,高新街道,未来海岸,897,809,453.2,152.4,6.9,351.8,739,70
2026-08-15,高新街道,未来海岸,897,843,428.6,145.0,7.8,380.9,806,37
2026-08-16,高新街道,未来海岸,897,801,453.4,162.0,5.6,333.4,758,43
2026-08-17,高新街道,未来海岸,897,810,425.0,126.4,7.2,355.6,757,53
2026-08-18,高新街道,未来海岸,897,752,406.6,143.2,6.7,329.3,723,29
2026-08-19,高新街道,未来海岸,897,816,524.7,147.3,8.2,367.0,763,53
2026-08-20,高新街道,未来海岸,897,782,420.6,132.1,8.4,335.3,722,60
2026-08-21,高新街道,未来海岸,897,782,441.4,133.0,7.6,321.2,722,60
2026-08-22,高新街道,未来海岸,897,805,400.4,176.1,6.6,302.3,754,51
2026-08-23,高新街道,未来海岸,897,814,374.4,147.1,7.1,324.6,770,44
2026-08-24,高新街道,未来海岸,897,774,446.9,140.1,6.3,340.9,695,79
2026-08-25,高新街道,未来海岸,897,773,492.4,141.3,5.9,276.4,718,55
2026-08-26,高新街道,未来海岸,897,774,419.6,134.2,5.4,303.5,736,38
2026-08-27,高新街道,未来海岸,897,771,419.4,142.5,6.8,343.5,740,31
2026-08-28,高新街道,未来海岸,897,786,441.2,142.4,5.8,396.9,735,51
2026-08-29,高新街道,未来海岸,897,817,383.8,167.2,6.8,356.1,780,37
2026-08-30,高新街道,未来海岸,897,837,421.3,170.8,5.5,424.6,802,35
2026-08-31,高新街道,未来海岸,897,740,411.4,142.2,6.1,270.3,674,66
2026-01-01,高新街道,云谷公寓,1035,817,421.6,158.9,5.8,364.4,723,94
2026-01-02,高新街道,云谷公寓,1035,811,493.2,129.6,6.4,346.3,746,65
2026-01-03,高新街道,云谷公寓,1035,907,522.2,141.0,6.8,374.6,853,54
2026-01-04,高新街道,云谷公寓,1035,920,483.4,184.5,6.1,355.9,855,65
2026-01-05,高新街道,云谷公寓,1035,804,424.8,152.1,7.5,341.4,746,58
2026-01-06,高新街道,云谷公寓,1035,797,451.1,131.6,6.9,353.3,705,92
2026-01-07,高新街道,云谷公寓,1035,745,388.3,123.1,6.2,337.3,659,86
2026-01-08,高新街道,云谷公寓,1035,848,426.5,143.8,6.1,313.5,781,67
2026-01-09,高新街道,云谷公寓,1035,858,462.4,132.4,8.0,366.5,792,66
2026-01-10,高新街道,云谷公寓,1035,873,437.7,129.2,8.3,391.6,806,67
2026-01-11,高新街道,云谷公寓,1035,902,515.8,153.1,7.1,327.2,819,83
2026-01-12,高新街道,云谷公寓,1035,846,439.2,119.2,6.3,342.8,755,91
2026-01-13,高新街道,云谷公寓,1035,791,437.5,123.8,6.3,362.5,687,104
2026-01-14,高新街道,云谷公寓,1035,815,439.9,151.8,8.0,387.5,736,79
2026-01-15,高新街道,云谷公寓,1035,827,412.8,146.5,9.8,349.9,749,78
2026-01-16,高新街道,云谷公寓,1035,794,460.2,122.9,7.6,373.8,704,90
2026-01-17,高新街道,云谷公寓,1035,902,484.1,137.4,5.4,368.0,799,103
2026-01-18,高新街道,云谷公寓,1035,876,432.5,159.1,6.7,343.0,756,120
2026-01-19,高新街道,云谷公寓,1035,804,459.8,169.1,7.8,343.7,746,58
2026-01-20,高新街道,云谷公寓,1035,790,472.4,140.3,5.7,328.5,702,88
2026-01-21,高新街道,云谷公寓,1035,826,474.4,144.5,6.1,361.3,764,62
2026-01-22,高新街道,云谷公寓,1035,837,471.2,179.8,7.0,343.2,743,94
2026-01-23,高新街道,云谷公寓,1035,821,435.3,130.5,6.0,381.2,721,100
2026-01-24,高新街道,云谷公寓,1035,862,558.5,149.5,6.0,361.1,805,57
2026-01-25,高新街道,云谷公寓,1035,890,508.9,156.7,7.2,388.1,805,85
2026-01-26,高新街道,云谷公寓,1035,802,417.7,148.8,6.2,345.3,738,64
2026-01-27,高新街道,云谷公寓,1035,778,446.4,137.4,7.8,292.7,670,108
2026-01-28,高新街道,云谷公寓,1035,798,421.8,142.3,6.8,331.8,676,122
2026-01-29,高新街道,云谷公寓,1035,830,478.3,160.2,6.2,371.3,752,78
2026-01-30,高新街道,云谷公寓,1035,808,488.8,145.8,7.8,347.0,776,32
2026-01-31,高新街道,云谷公寓,1035,879,479.2,162.3,6.1,388.0,766,113
2026-02-01,高新街道,云谷公寓,1035,865,575.8,132.1,7.4,377.1,772,93
2026-02-02,高新街道,云谷公寓,1035,822,422.7,136.5,6.6,303.0,735,87
2026-02-03,高新街道,云谷公寓,1035,810,424.0,162.3,6.5,359.3,763,47
2026-02-04,高新街道,云谷公寓,1035,794,415.9,163.4,6.6,339.7,740,54
2026-02-05,高新街道,云谷公寓,1035,801,464.5,115.5,7.1,298.9,774,27
2026-02-06,高新街道,云谷公寓,1035,790,419.5,124.5,6.7,341.9,721,69
2026-02-07,高新街道,云谷公寓,1035,879,494.6,193.7,6.6,326.9,816,63
2026-02-08,高新街道,云谷公寓,1035,876,485.0,148.0,6.6,372.0,803,73
2026-02-09,高新街道,云谷公寓,1035,783,371.2,149.8,5.3,342.4,740,43
2026-02-10,高新街道,云谷公寓,1035,838,415.5,152.2,7.7,341.5,775,63
2026-02-11,高新街道,云谷公寓,1035,829,487.4,133.6,5.0,323.7,758,71
2026-02-12,高新街道,云谷公寓,1035,849,410.8,184.9,7.5,359.1,743,106
2026-02-13,高新街道,云谷公寓,1035,777,441.1,143.7,5.4,347.8,702,75
2026-02-14,高新街道,云谷公寓,1035,845,451.7,121.6,8.5,359.1,771,74
2026-02-15,高新街道,云谷公寓,1035,906,513.0,168.5,7.4,366.1,848,58
2026-02-16,高新街道,云谷公寓,1035,808,409.9,150.2,7.9,371.1,736,72
2026-02-17,高新街道,云谷公寓,1035,846,536.7,161.3,7.5,329.2,784,62
2026-02-18,高新街道,云谷公寓,1035,832,487.8,136.9,7.4,326.9,749,83
2026-02-19,高新街道,云谷公寓,1035,825,461.0,169.0,6.9,367.7,773,52
2026-02-20,高新街道,云谷公寓,1035,806,433.3,163.6,6.8,327.4,733,73
2026-02-21,高新街道,云谷公寓,1035,846,505.5,156.4,5.3,371.8,775,71
2026-02-22,高新街道,云谷公寓,1035,868,481.2,150.6,6.4,354.6,802,66
2026-02-23,高新街道,云谷公寓,1035,853,485.3,177.0,7.0,377.4,766,87
2026-02-24,高新街道,云谷公寓,1035,802,461.9,144.7,4.3,326.4,749,53
2026-02-25,高新街道,云谷公寓,1035,821,417.1,145.2,6.1,353.7,761,60
2026-02-26,高新街道,云谷公寓,1035,857,434.9,157.9,8.2,387.5,792,65
2026-02-27,高新街道,云谷公寓,1035,818,495.0,163.2,6.4,288.5,735,83
2026-02-28,高新街道,云谷公寓,1035,856,410.1,170.3,8.3,380.3,827,29
2026-03-01,高新街道,云谷公寓,1035,881,459.9,146.9,8.0,395.0,797,84
2026-03-02,高新街道,云谷公寓,1035,827,425.8,170.0,5.7,358.4,754,73
2026-03-03,高新街道,云谷公寓,1035,810,432.9,145.5,5.3,321.2,752,58
2026-03-04,高新街道,云谷公寓,1035,869,500.6,179.7,7.7,324.2,772,97
2026-03-05,高新街道,云谷公寓,1035,834,370.3,149.2,6.5,368.0,783,51
2026-03-06,高新街道,云谷公寓,1035,799,488.2,137.2,5.6,362.3,735,64
2026-03-07,高新街道,云谷公寓,1035,903,494.3,158.6,7.2,421.0,818,85
2026-03-08,高新街道,云谷公寓,1035,875,471.8,145.2,6.2,347.1,818,57
2026-03-09,高新街道,云谷公寓,1035,806,459.3,129.3,6.7,339.8,745,61
2026-03-10,高新街道,云谷公寓,1035,837,455.1,163.0,6.9,356.6,776,61
2026-03-11,高新街道,云谷公寓,1035,802,442.2,169.0,5.1,380.1,741,61
2026-03-12,高新街道,云谷公寓,1035,821,476.5,174.8,8.1,333.3,781,40
2026-03-13,高新街道,云谷公寓,1035,836,474.7,149.2,6.7,373.8,774,62
2026-03-14,高新街道,云谷公寓,1035,919,571.3,159.7,7.5,417.8,852,67
2026-03-15,高新街道,云谷公寓,1035,900,434.3,140.9,7.2,393.1,823,77
2026-03-16,高新街道,云谷公寓,1035,874,526.7,187.0,6.5,353.3,798,76
2026-03-17,高新街道,云谷公寓,1035,823,429.6,138.0,6.7,363.0,748,75
2026-03-18,高新街道,云谷公寓,1035,868,484.0,170.5,8.6,337.6,810,58
2026-03-19,高新街道,云谷公寓,1035,820,425.0,157.9,6.5,354.2,752,68
2026-03-20,高新街道,云谷公寓,1035,797,459.3,161.0,6.2,350.4,759,38
2026-03-21,高新街道,云谷公寓,1035,927,451.3,164.8,7.0,390.3,848,79
2026-03-22,高新街道,云谷公寓,1035,929,489.1,153.8,6.7,419.5,854,75
2026-03-23,高新街道,云谷公寓,1035,825,464.6,147.1,7.8,385.6,777,48
2026-03-24,高新街道,云谷公寓,1035,835,437.7,151.5,8.7,355.5,773,62
2026-03-25,高新街道,云谷公寓,1035,807,519.8,153.5,5.3,379.1,747,60
2026-03-26,高新街道,云谷公寓,1035,852,402.7,143.0,7.8,352.8,756,96
2026-03-27,高新街道,云谷公寓,1035,866,481.5,146.9,6.7,347.0,812,54
2026-03-28,高新街道,云谷公寓,1035,885,423.3,154.4,5.9,334.6,822,63
2026-03-29,高新街道,云谷公寓,1035,884,488.0,158.9,6.3,377.2,839,45
2026-03-30,高新街道,云谷公寓,1035,834,406.2,148.2,7.1,364.1,765,69
2026-03-31,高新街道,云谷公寓,1035,838,465.3,139.6,6.3,319.6,796,42
2026-04-01,高新街道,云谷公寓,1035,857,520.9,174.0,7.7,371.5,776,81
2026-04-02,高新街道,云谷公寓,1035,813,478.5,137.3,5.9,368.3,759,54
2026-04-03,高新街道,云谷公寓,1035,784,445.2,131.9,7.0,342.1,696,88
2026-04-04,高新街道,云谷公寓,1035,893,458.8,152.0,7.3,405.3,824,69
2026-04-05,高新街道,云谷公寓,1035,923,526.8,172.1,7.4,392.2,866,57
2026-04-06,高新街道,云谷公寓,1035,828,409.5,148.2,7.3,357.0,776,52
2026-04-07,高新街道,云谷公寓,1035,906,496.7,151.7,9.1,347.1,826,80
2026-04-08,高新街道,云谷公寓,1035,819,434.3,195.9,6.8,365.6,774,45
2026-04-09,高新街道,云谷公寓,1035,834,441.2,144.8,7.2,364.5,751,83
2026-04-10,高新街道,云谷公寓,1035,860,492.3,167.4,6.2,396.0,819,41
2026-04-11,高新街道,云谷公寓,1035,864,469.6,177.3,6.4,328.3,830,34
2026-04-12,高新街道,云谷公寓,1035,840,432.2,135.3,6.1,340.8,773,67
2026-04-13,高新街道,云谷公寓,1035,856,488.5,171.9,9.1,352.1,800,56
2026-04-14,高新街道,云谷公寓,1035,852,444.8,143.1,6.8,386.7,781,71
2026-04-15,高新街道,云谷公寓,1035,826,464.5,133.8,7.6,338.2,769,57
2026-04-16,高新街道,云谷公寓,1035,814,436.5,133.3,6.2,357.3,790,24
2026-04-17,高新街道,云谷公寓,1035,833,463.2,153.8,6.5,386.3,776,57
2026-04-18,高新街道,云谷公寓,1035,844,411.8,142.8,7.6,391.7,773,71
2026-04-19,高新街道,云谷公寓,1035,878,510.4,157.0,5.7,358.9,853,25
2026-04-20,高新街道,云谷公寓,1035,826,477.3,151.9,6.6,346.0,756,70
2026-04-21,高新街道,云谷公寓,1035,782,388.3,128.9,6.9,357.0,730,52
2026-04-22,高新街道,云谷公寓,1035,844,450.8,149.0,6.6,380.7,773,71
2026-04-23,高新街道,云谷公寓,1035,800,427.3,147.0,7.6,333.6,764,36
2026-04-24,高新街道,云谷公寓,1035,828,477.5,143.4,7.3,363.2,740,88
2026-04-25,高新街道,云谷公寓,1035,911,529.2,161.9,6.7,349.3,879,32
2026-04-26,高新街道,云谷公寓,1035,846,454.2,174.2,7.9,421.5,832,14
2026-04-27,高新街道,云谷公寓,1035,858,443.7,169.1,5.3,378.0,785,73
2026-04-28,高新街道,云谷公寓,1035,853,428.4,131.2,6.2,378.6,825,28
2026-04-29,高新街道,云谷公寓,1035,822,431.6,140.7,8.6,303.8,746,76
2026-04-30,高新街道,云谷公寓,1035,844,499.7,124.3,6.1,380.7,781,63
2026-05-01,高新街道,云谷公寓,1035,845,441.5,147.5,5.4,319.7,804,41
2026-05-02,高新街道,云谷公寓,1035,898,543.1,167.3,7.6,351.8,829,69
2026-05-03,高新街道,云谷公寓,1035,881,466.2,172.1,7.1,405.0,830,51
2026-05-04,高新街道,云谷公寓,1035,847,408.6,178.2,7.0,357.5,783,64
2026-05-05,高新街道,云谷公寓,1035,839,450.8,156.0,8.4,402.6,797,42
2026-05-06,高新街道,云谷公寓,1035,842,453.4,139.1,7.1,359.5,761,81
2026-05-07,高新街道,云谷公寓,1035,817,432.8,140.9,7.9,365.3,753,64
2026-05-08,高新街道,云谷公寓,1035,887,482.2,160.9,5.4,368.9,821,66
2026-05-09,高新街道,云谷公寓,1035,865,439.0,130.4,4.7,371.9,802,63
2026-05-10,高新街道,云谷公寓,1035,906,417.0,157.8,7.1,359.5,862,44
2026-05-11,高新街道,云谷公寓,1035,829,489.9,164.9,7.0,355.9,808,21
2026-05-12,高新街道,云谷公寓,1035,838,564.8,133.1,6.4,374.2,790,48
2026-05-13,高新街道,云谷公寓,1035,808,512.2,157.2,6.0,343.3,735,73
2026-05-14,高新街道,云谷公寓,1035,810,448.5,150.4,6.6,338.9,780,30
2026-05-15,高新街道,云谷公寓,1035,798,500.6,128.4,7.0,327.9,722,76
2026-05-16,高新街道,云谷公寓,1035,943,516.8,156.7,8.5,386.6,857,86
2026-05-17,高新街道,云谷公寓,1035,938,468.4,161.8,8.5,378.1,901,37
2026-05-18,高新街道,云谷公寓,1035,779,482.1,154.3,7.9,279.8,716,63
2026-05-19,高新街道,云谷公寓,1035,853,532.2,142.4,7.9,381.4,771,82
2026-05-20,高新街道,云谷公寓,1035,861,443.8,154.5,7.8,391.7,836,25
2026-05-21,高新街道,云谷公寓,1035,787,437.5,142.7,8.3,310.5,734,53
2026-05-22,高新街道,云谷公寓,1035,795,446.5,152.6,4.2,374.4,766,29
2026-05-23,高新街道,云谷公寓,1035,946,547.8,174.0,5.3,438.4,906,40
2026-05-24,高新街道,云谷公寓,1035,908,522.0,146.0,6.6,368.9,833,75
2026-05-25,高新街道,云谷公寓,1035,829,537.8,140.6,7.5,339.9,810,19
2026-05-26,高新街道,云谷公寓,1035,837,412.4,155.3,8.0,358.2,763,74
2026-05-27,高新街道,云谷公寓,1035,763,416.1,153.2,6.7,310.5,708,55
2026-05-28,高新街道,云谷公寓,1035,843,479.7,155.8,5.1,360.4,760,83
2026-05-29,高新街道,云谷公寓,1035,871,442.9,155.8,5.8,345.8,813,58
2026-05-30,高新街道,云谷公寓,1035,905,481.3,156.8,6.8,374.3,858,47
2026-05-31,高新街道,云谷公寓,1035,916,472.9,182.5,6.9,388.8,862,54
2026-06-01,高新街道,云谷公寓,1035,870,490.4,173.4,5.3,349.7,808,62
2026-06-02,高新街道,云谷公寓,1035,924,486.0,142.3,8.4,379.5,898,26
2026-06-03,高新街道,云谷公寓,1035,854,442.3,137.9,6.9,343.4,825,29
2026-06-04,高新街道,云谷公寓,1035,834,409.7,169.0,6.5,336.5,779,55
2026-06-05,高新街道,云谷公寓,1035,788,462.3,136.4,6.3,313.3,730,58
2026-06-06,高新街道,云谷公寓,1035,853,444.8,150.3,6.4,342.3,816,37
2026-06-07,高新街道,云谷公寓,1035,906,601.5,162.6,6.7,391.5,894,12
2026-06-08,高新街道,云谷公寓,1035,909,540.5,214.8,8.0,419.0,873,36
2026-06-09,高新街道,云谷公寓,1035,907,517.4,165.2,7.7,337.8,879,28
2026-06-10,高新街道,云谷公寓,1035,880,539.9,127.8,8.0,346.9,848,32
2026-06-11,高新街道,云谷公寓,1035,830,425.3,152.3,5.6,373.4,775,55
2026-06-12,高新街道,云谷公寓,1035,838,385.4,143.8,6.1,338.1,784,54
2026-06-13,高新街道,云谷公寓,1035,926,446.3,145.1,7.6,360.9,855,71
2026-06-14,高新街道,云谷公寓,1035,909,548.6,162.1,7.4,346.1,843,66
2026-06-15,高新街道,云谷公寓,1035,827,520.2,138.6,7.8,365.5,811,16
2026-06-16,高新街道,云谷公寓,1035,867,470.3,165.2,8.5,404.2,828,39
2026-06-17,高新街道,云谷公寓,1035,782,477.9,152.8,9.0,324.5,713,69
2026-06-18,高新街道,云谷公寓,1035,771,450.5,134.6,5.3,389.6,707,64
2026-06-19,高新街道,云谷公寓,1035,886,518.9,189.5,6.7,381.0,813,73
2026-06-20,高新街道,云谷公寓,1035,910,497.2,196.4,8.9,424.2,827,83
2026-06-21,高新街道,云谷公寓,1035,890,432.3,162.8,6.8,389.0,856,34
2026-06-22,高新街道,云谷公寓,1035,836,472.2,167.5,4.6,400.8,779,57
2026-06-23,高新街道,云谷公寓,1035,883,401.2,201.0,5.0,413.1,832,51
2026-06-24,高新街道,云谷公寓,1035,857,553.1,153.6,7.8,333.3,795,62
2026-06-25,高新街道,云谷公寓,1035,816,457.4,135.6,6.1,341.1,776,40
2026-06-26,高新街道,云谷公寓,1035,839,422.4,123.6,8.3,352.9,770,69
2026-06-27,高新街道,云谷公寓,1035,855,473.5,159.9,5.8,312.8,785,70
2026-06-28,高新街道,云谷公寓,1035,913,510.7,205.0,7.7,381.1,884,29
2026-06-29,高新街道,云谷公寓,1035,900,437.0,159.6,7.4,401.0,869,31
2026-06-30,高新街道,云谷公寓,1035,790,422.8,125.9,5.1,301.0,744,46
2026-07-01,高新街道,云谷公寓,1035,864,412.1,124.5,6.2,340.3,843,21
2026-07-02,高新街道,云谷公寓,1035,827,464.9,138.7,7.6,344.5,802,25
2026-07-03,高新街道,云谷公寓,1035,868,485.5,154.9,5.6,403.4,822,46
2026-07-04,高新街道,云谷公寓,1035,874,498.6,171.3,5.8,354.3,808,66
2026-07-05,高新街道,云谷公寓,1035,942,560.4,200.6,10.1,338.6,853,89
2026-07-06,高新街道,云谷公寓,1035,776,442.8,128.3,6.9,312.2,739,37
2026-07-07,高新街道,云谷公寓,1035,798,427.7,159.9,5.5,352.7,745,53
2026-07-08,高新街道,云谷公寓,1035,834,488.4,141.1,6.1,352.6,834,0
2026-07-09,高新街道,云谷公寓,1035,853,478.1,185.7,7.0,391.3,835,18
2026-07-10,高新街道,云谷公寓,1035,784,428.1,138.2,7.1,314.7,735,49
2026-07-11,高新街道,云谷公寓,1035,965,535.6,195.1,8.2,363.7,900,65
2026-07-12,高新街道,云谷公寓,1035,905,483.1,172.2,8.4,386.8,843,62
2026-07-13,高新街道,云谷公寓,1035,766,426.3,136.5,5.2,300.5,712,54
2026-07-14,高新街道,云谷公寓,1035,839,391.4,140.9,7.0,350.7,825,14
2026-07-15,高新街道,云谷公寓,1035,819,460.4,151.1,7.6,359.4,788,31
2026-07-16,高新街道,云谷公寓,1035,817,466.7,128.8,5.2,354.1,814,3
2026-07-17,高新街道,云谷公寓,1035,834,457.5,173.9,5.9,324.9,789,45
2026-07-18,高新街道,云谷公寓,1035,901,502.9,137.3,10.4,391.6,877,24
2026-07-19,高新街道,云谷公寓,1035,854,385.7,177.5,8.5,431.0,811,43
2026-07-20,高新街道,云谷公寓,1035,855,509.0,161.5,7.3,323.6,846,9
2026-07-21,高新街道,云谷公寓,1035,841,457.9,158.6,6.4,350.6,821,20
2026-07-22,高新街道,云谷公寓,1035,870,463.5,145.2,7.0,378.9,833,37
2026-07-23,高新街道,云谷公寓,1035,808,455.0,138.2,8.0,329.3,763,45
2026-07-24,高新街道,云谷公寓,1035,770,359.4,131.0,5.2,369.6,758,12
2026-07-25,高新街道,云谷公寓,1035,876,445.0,161.7,6.0,381.4,834,42
2026-07-26,高新街道,云谷公寓,1035,927,629.2,126.6,7.6,427.9,865,62
2026-07-27,高新街道,云谷公寓,1035,820,414.6,163.3,6.3,359.3,775,45
2026-07-28,高新街道,云谷公寓,1035,866,455.9,159.4,7.2,385.5,807,59
2026-07-29,高新街道,云谷公寓,1035,805,506.7,131.6,5.3,350.2,761,44
2026-07-30,高新街道,云谷公寓,1035,830,425.3,168.7,6.6,329.7,809,21
2026-07-31,高新街道,云谷公寓,1035,849,468.8,153.9,7.0,307.3,819,30
2026-08-01,高新街道,云谷公寓,1035,916,518.1,182.7,7.8,379.2,905,11
2026-08-02,高新街道,云谷公寓,1035,875,491.1,178.3,6.0,394.6,861,14
2026-08-03,高新街道,云谷公寓,1035,854,419.3,172.9,6.7,345.7,815,39
2026-08-04,高新街道,云谷公寓,1035,831,446.6,143.7,5.6,338.2,810,21
2026-08-05,高新街道,云谷公寓,1035,836,446.3,160.1,5.8,346.3,799,37
2026-08-06,高新街道,云谷公寓,1035,825,476.9,172.1,7.6,393.3,796,29
2026-08-07,高新街道,云谷公寓,1035,839,439.5,162.3,7.0,336.9,801,38
2026-08-08,高新街道,云谷公寓,1035,964,504.0,165.7,8.8,469.8,950,14
2026-08-09,高新街道,云谷公寓,1035,908,466.5,162.8,6.5,394.2,886,22
2026-08-10,高新街道,云谷公寓,1035,874,440.1,156.5,7.2,389.7,860,14
2026-08-11,高新街道,云谷公寓,1035,826,454.7,157.6,6.0,336.1,816,10
2026-08-12,高新街道,云谷公寓,1035,873,528.6,155.4,6.6,377.3,808,65
2026-08-13,高新街道,云谷公寓,1035,840,432.4,154.1,7.2,364.9,820,20
2026-08-14,高新街道,云谷公寓,1035,843,392.5,149.5,8.5,346.6,795,48
2026-08-15,高新街道,云谷公寓,1035,889,485.5,181.1,7.5,325.5,857,32
2026-08-16,高新街道,云谷公寓,1035,904,520.9,181.3,7.0,419.9,860,44
2026-08-17,高新街道,云谷公寓,1035,912,510.0,136.4,6.8,403.2,879,33
2026-08-18,高新街道,云谷公寓,1035,856,489.2,157.1,7.2,385.1,845,11
2026-08-19,高新街道,云谷公寓,1035,836,464.4,166.7,6.5,305.6,812,24
2026-08-20,高新街道,云谷公寓,1035,808,431.9,157.5,5.0,332.8,767,41
2026-08-21,高新街道,云谷公寓,1035,813,418.2,132.0,6.2,348.2,781,32
2026-08-22,高新街道,云谷公寓,1035,940,509.9,161.4,9.1,389.0,910,30
2026-08-23,高新街道,云谷公寓,1035,908,479.6,167.2,7.0,376.1,863,45
2026-08-24,高新街道,云谷公寓,1035,844,476.8,172.8,9.3,338.8,801,43
2026-08-25,高新街道,云谷公寓,1035,874,521.6,207.0,6.2,334.7,870,4
2026-08-26,高新街道,云谷公寓,1035,851,466.9,135.8,6.1,323.3,797,54
2026-08-27,高新街道,云谷公寓,1035,837,421.1,156.6,6.8,409.7,802,35
2026-08-28,高新街道,云谷公寓,1035,818,419.6,146.5,6.5,330.9,781,37
2026-08-29,高新街道,云谷公寓,1035,901,463.3,155.4,7.4,380.0,865,36
2026-08-30,高新街道,云谷公寓,1035,933,494.3,163.3,7.2,396.4,872,61
2026-08-31,高新街道,云谷公寓,1035,854,552.4,151.9,6.6,314.5,816,38
2026-01-01,文华街道,书香门第,588,435,256.7,59.3,3.0,192.7,396,39
2026-01-02,文华街道,书香门第,588,434,203.7,73.2,3.5,171.0,378,56
2026-01-03,文华街道,书香门第,588,499,251.6,92.7,3.6,214.2,426,73
2026-01-04,文华街道,书香门第,588,504,292.7,95.4,2.9,204.6,439,65
2026-01-05,文华街道,书香门第,588,491,292.0,77.9,4.1,202.2,421,70
2026-01-06,文华街道,书香门第,588,463,237.5,87.2,2.8,188.5,415,48
2026-01-07,文华街道,书香门第,588,443,236.0,88.5,3.8,194.1,397,46
2026-01-08,文华街道,书香门第,588,440,236.3,77.5,3.9,214.0,394,46
2026-01-09,文华街道,书香门第,588,499,243.2,90.0,3.5,221.7,427,72
2026-01-10,文华街道,书香门第,588,500,256.2,93.2,4.1,185.6,459,41
2026-01-11,文华街道,书香门第,588,490,281.5,94.5,3.9,223.4,443,47
2026-01-12,文华街道,书香门第,588,448,248.3,82.9,3.0,196.3,409,39
2026-01-13,文华街道,书香门第,588,449,246.1,95.7,4.2,185.3,372,77
2026-01-14,文华街道,书香门第,588,450,238.5,88.1,3.6,171.1,405,45
2026-01-15,文华街道,书香门第,588,445,237.0,84.1,3.1,187.6,373,72
2026-01-16,文华街道,书香门第,588,428,229.5,75.3,3.2,157.9,386,42
2026-01-17,文华街道,书香门第,588,465,287.5,77.7,3.3,219.5,422,43
2026-01-18,文华街道,书香门第,588,500,284.7,86.2,4.2,210.2,457,43
2026-01-19,文华街道,书香门第,588,461,262.2,80.1,4.3,186.9,426,35
2026-01-20,文华街道,书香门第,588,441,230.2,69.5,3.4,170.6,414,27
2026-01-21,文华街道,书香门第,588,483,259.1,100.1,3.5,191.1,446,37
2026-01-22,文华街道,书香门第,588,448,232.0,92.3,4.1,212.9,386,62
2026-01-23,文华街道,书香门第,588,446,242.9,99.4,2.6,173.9,389,57
2026-01-24,文华街道,书香门第,588,511,300.4,93.7,4.3,198.8,449,62
2026-01-25,文华街道,书香门第,588,497,253.3,87.1,3.6,211.8,447,50
2026-01-26,文华街道,书香门第,588,469,293.2,89.6,3.5,201.3,417,52
2026-01-27,文华街道,书香门第,588,473,228.6,73.3,3.3,181.8,438,35
2026-01-28,文华街道,书香门第,588,502,292.2,108.6,4.6,212.2,446,56
2026-01-29,文华街道,书香门第,588,468,246.1,86.8,3.5,191.3,423,45
2026-01-30,文华街道,书香门第,588,492,294.7,94.0,4.2,222.3,426,66
2026-01-31,文华街道,书香门第,588,506,226.9,93.7,3.4,194.0,456,50
2026-02-01,文华街道,书香门第,588,489,250.9,87.2,4.4,229.0,457,32
2026-02-02,文华街道,书香门第,588,458,270.4,71.2,4.3,195.0,414,44
2026-02-03,文华街道,书香门第,588,496,232.8,77.7,3.8,216.7,461,35
2026-02-04,文华街道,书香门第,588,479,227.5,94.0,3.5,168.5,431,48
2026-02-05,文华街道,书香门第,588,460,266.8,84.9,3.1,201.2,411,49
2026-02-06,文华街道,书香门第,588,455,263.4,73.8,3.0,186.2,416,39
2026-02-07,文华街道,书香门第,588,489,276.9,78.6,4.5,237.6,459,30
2026-02-08,文华街道,书香门第,588,529,317.0,114.9,3.3,236.8,468,61
2026-02-09,文华街道,书香门第,588,472,307.0,80.7,3.5,211.2,429,43
2026-02-10,文华街道,书香门第,588,473,272.7,97.4,3.3,202.5,434,39
2026-02-11,文华街道,书香门第,588,462,257.3,92.1,3.0,195.1,428,34
2026-02-12,文华街道,书香门第,588,435,208.2,71.1,4.0,196.0,389,46
2026-02-13,文华街道,书香门第,588,465,248.4,80.7,3.8,172.2,422,43
2026-02-14,文华街道,书香门第,588,495,256.6,87.6,3.6,190.5,441,54
2026-02-15,文华街道,书香门第,588,494,276.2,95.8,3.1,175.8,460,34
2026-02-16,文华街道,书香门第,588,481,265.1,82.3,4.4,205.2,419,62
2026-02-17,文华街道,书香门第,588,473,280.4,98.2,3.8,197.3,429,44
2026-02-18,文华街道,书香门第,588,458,261.4,69.9,4.3,199.0,396,62
2026-02-19,文华街道,书香门第,588,443,235.1,82.7,3.0,196.9,388,55
2026-02-20,文华街道,书香门第,588,454,251.0,80.5,2.9,214.8,402,52
2026-02-21,文华街道,书香门第,588,499,265.1,86.5,2.8,210.9,451,48
2026-02-22,文华街道,书香门第,588,478,241.5,84.2,3.4,192.5,433,45
2026-02-23,文华街道,书香门第,588,480,286.8,82.4,5.1,193.3,432,48
2026-02-24,文华街道,书香门第,588,457,261.1,61.8,4.0,167.5,406,51
2026-02-25,文华街道,书香门第,588,460,245.7,88.4,3.4,190.7,414,46
2026-02-26,文华街道,书香门第,588,461,269.1,77.5,3.5,170.0,416,45
2026-02-27,文华街道,书香门第,588,455,241.9,80.4,3.6,208.6,406,49
2026-02-28,文华街道,书香门第,588,508,264.8,82.4,5.3,194.5,479,29
2026-03-01,文华街道,书香门第,588,516,284.7,102.1,4.9,242.9,452,64
2026-03-02,文华街道,书香门第,588,478,264.9,85.5,4.6,190.5,424,54
2026-03-03,文华街道,书香门第,588,478,285.9,88.1,3.6,202.9,444,34
2026-03-04,文华街道,书香门第,588,467,305.2,88.2,3.1,191.0,438,29
2026-03-05,文华街道,书香门第,588,469,279.3,85.8,3.7,184.2,422,47
2026-03-06,文华街道,书香门第,588,467,265.0,89.7,5.0,211.8,433,34
2026-03-07,文华街道,书香门第,588,497,261.6,105.0,3.4,221.2,451,46
2026-03-08,文华街道,书香门第,588,500,259.1,86.4,3.4,198.0,458,42
2026-03-09,文华街道,书香门第,588,446,226.3,75.7,4.0,180.1,402,44
2026-03-10,文华街道,书香门第,588,454,264.1,86.4,4.2,203.5,431,23
2026-03-11,文华街道,书香门第,588,456,274.6,82.7,3.2,176.2,418,38
2026-03-12,文华街道,书香门第,588,459,263.4,77.7,3.5,185.8,398,61
2026-03-13,文华街道,书香门第,588,470,256.6,90.3,3.9,211.4,436,34
2026-03-14,文华街道,书香门第,588,508,272.9,91.9,3.7,219.3,479,29
2026-03-15,文华街道,书香门第,588,515,283.3,82.7,3.8,244.2,447,68
2026-03-16,文华街道,书香门第,588,467,271.9,85.8,4.3,222.1,417,50
2026-03-17,文华街道,书香门第,588,447,226.2,65.7,3.6,172.5,393,54
2026-03-18,文华街道,书香门第,588,476,257.7,81.5,3.6,184.5,420,56
2026-03-19,文华街道,书香门第,588,449,254.8,73.4,3.1,173.8,406,43
2026-03-20,文华街道,书香门第,588,472,264.2,82.4,4.7,212.3,450,22
2026-03-21,文华街道,书香门第,588,499,259.6,97.9,4.7,218.5,453,46
2026-03-22,文华街道,书香门第,588,490,318.1,81.6,4.3,227.8,440,50
2026-03-23,文华街道,书香门第,588,483,226.2,83.6,4.1,238.0,451,32
2026-03-24,文华街道,书香门第,588,472,225.0,85.1,4.1,172.8,435,37
2026-03-25,文华街道,书香门第,588,475,242.0,69.7,3.6,155.9,434,41
2026-03-26,文华街道,书香门第,588,487,292.2,75.3,3.0,225.5,447,40
2026-03-27,文华街道,书香门第,588,451,276.9,84.6,3.0,192.7,418,33
2026-03-28,文华街道,书香门第,588,472,245.3,93.6,3.7,198.7,434,38
2026-03-29,文华街道,书香门第,588,485,329.0,91.1,4.2,203.5,426,59
2026-03-30,文华街道,书香门第,588,477,280.3,77.1,4.0,198.4,442,35
2026-03-31,文华街道,书香门第,588,462,253.5,69.1,4.7,224.4,415,47
2026-04-01,文华街道,书香门第,588,451,259.9,88.4,3.7,182.4,416,35
2026-04-02,文华街道,书香门第,588,448,218.0,87.3,2.7,159.2,394,54
2026-04-03,文华街道,书香门第,588,488,288.5,80.8,4.7,208.2,456,32
2026-04-04,文华街道,书香门第,588,523,301.1,89.9,2.9,232.3,488,35
2026-04-05,文华街道,书香门第,588,491,285.8,109.1,3.7,192.5,455,36
2026-04-06,文华街道,书香门第,588,470,265.2,98.5,4.5,171.1,421,49
2026-04-07,文华街道,书香门第,588,465,257.6,92.1,3.1,203.2,430,35
2026-04-08,文华街道,书香门第,588,455,230.6,82.6,3.3,179.6,418,37
2026-04-09,文华街道,书香门第,588,458,290.6,88.5,4.1,183.4,417,41
2026-04-10,文华街道,书香门第,588,488,280.5,96.8,3.2,256.2,472,16
2026-04-11,文华街道,书香门第,588,492,278.8,85.9,4.2,192.8,444,48
2026-04-12,文华街道,书香门第,588,495,248.9,84.9,3.6,203.4,445,50
2026-04-13,文华街道,书香门第,588,475,250.4,80.9,3.9,220.9,440,35
2026-04-14,文华街道,书香门第,588,436,248.3,74.2,3.4,204.5,412,24
2026-04-15,文华街道,书香门第,588,489,264.3,90.9,4.3,252.9,450,39
2026-04-16,文华街道,书香门第,588,478,254.7,78.6,3.9,210.4,453,25
2026-04-17,文华街道,书香门第,588,465,222.4,75.6,3.7,220.2,447,18
2026-04-18,文华街道,书香门第,588,510,290.1,92.5,3.2,209.9,458,52
2026-04-19,文华街道,书香门第,588,518,281.3,97.6,5.3,218.9,495,23
2026-04-20,文华街道,书香门第,588,475,288.1,86.9,4.6,204.9,440,35
2026-04-21,文华街道,书香门第,588,457,271.2,79.5,4.1,203.7,427,30
2026-04-22,文华街道,书香门第,588,460,229.1,93.0,2.8,194.3,420,40
2026-04-23,文华街道,书香门第,588,465,230.0,87.5,3.7,208.5,441,24
2026-04-24,文华街道,书香门第,588,442,248.0,93.9,2.9,184.7,414,28
2026-04-25,文华街道,书香门第,588,501,264.3,79.0,3.7,201.8,463,38
2026-04-26,文华街道,书香门第,588,527,265.7,83.4,5.7,211.9,498,29
2026-04-27,文华街道,书香门第,588,508,277.8,89.9,3.7,216.3,446,62
2026-04-28,文华街道,书香门第,588,460,265.1,104.3,3.7,194.6,434,26
2026-04-29,文华街道,书香门第,588,484,259.9,95.5,4.6,169.9,435,49
2026-04-30,文华街道,书香门第,588,492,267.4,93.6,2.9,227.4,453,39
2026-05-01,文华街道,书香门第,588,445,226.9,87.5,3.5,197.3,425,20
2026-05-02,文华街道,书香门第,588,492,249.1,101.0,4.2,208.3,478,14
2026-05-03,文华街道,书香门第,588,525,275.4,88.1,5.3,210.4,497,28
2026-05-04,文华街道,书香门第,588,474,260.9,77.7,3.8,202.7,457,17
2026-05-05,文华街道,书香门第,588,484,246.7,76.7,3.3,213.7,443,41
2026-05-06,文华街道,书香门第,588,452,254.0,69.4,3.8,197.2,422,30
2026-05-07,文华街道,书香门第,588,477,291.4,91.3,3.6,181.0,440,37
2026-05-08,文华街道,书香门第,588,455,247.5,92.1,2.8,196.7,394,61
2026-05-09,文华街道,书香门第,588,522,248.3,92.3,3.4,237.4,499,23
2026-05-10,文华街道,书香门第,588,537,313.1,94.4,4.4,215.8,487,50
2026-05-11,文华街道,书香门第,588,507,297.3,90.9,3.9,239.8,457,50
2026-05-12,文华街道,书香门第,588,465,229.0,79.7,4.0,183.2,424,41
2026-05-13,文华街道,书香门第,588,467,262.3,81.1,3.9,187.5,444,23
2026-05-14,文华街道,书香门第,588,472,234.5,74.2,4.8,204.8,439,33
2026-05-15,文华街道,书香门第,588,477,277.1,94.2,3.8,197.0,439,38
2026-05-16,文华街道,书香门第,588,514,269.1,91.1,3.5,221.4,485,29
2026-05-17,文华街道,书香门第,588,522,295.6,90.6,5.8,208.9,477,45
2026-05-18,文华街道,书香门第,588,443,249.3,64.6,3.3,215.4,421,22
2026-05-19,文华街道,书香门第,588,467,239.8,89.7,3.5,219.6,427,40
2026-05-20,文华街道,书香门第,588,458,241.3,75.0,3.1,190.0,434,24
2026-05-21,文华街道,书香门第,588,496,261.0,87.4,4.2,202.1,484,12
2026-05-22,文华街道,书香门第,588,495,282.2,94.0,3.9,169.8,458,37
2026-05-23,文华街道,书香门第,588,528,291.1,97.1,4.6,195.7,503,25
2026-05-24,文华街道,书香门第,588,521,297.7,118.0,4.3,232.8,502,19
2026-05-25,文华街道,书香门第,588,466,252.0,99.5,3.1,237.2,435,31
2026-05-26,文华街道,书香门第,588,481,274.3,84.2,3.8,195.5,454,27
2026-05-27,文华街道,书香门第,588,471,268.4,88.9,4.5,192.9,459,12
2026-05-28,文华街道,书香门第,588,467,306.9,84.2,3.3,201.5,425,42
2026-05-29,文华街道,书香门第,588,470,261.6,84.5,3.8,215.2,414,56
2026-05-30,文华街道,书香门第,588,468,253.3,104.4,5.9,222.2,424,44
2026-05-31,文华街道,书香门第,588,500,277.7,76.9,3.6,194.3,466,34
2026-06-01,文华街道,书香门第,588,463,279.8,75.6,4.0,199.2,418,45
2026-06-02,文华街道,书香门第,588,467,250.9,90.6,3.3,201.0,428,39
2026-06-03,文华街道,书香门第,588,466,216.5,89.8,4.4,176.6,450,16
2026-06-04,文华街道,书香门第,588,474,267.6,78.4,4.0,209.4,440,34
2026-06-05,文华街道,书香门第,588,464,289.3,81.6,4.1,188.6,440,24
2026-06-06,文华街道,书香门第,588,541,302.1,98.3,4.1,225.9,493,48
2026-06-07,文华街道,书香门第,588,527,311.8,75.6,5.5,204.6,474,53
2026-06-08,文华街道,书香门第,588,489,298.9,88.7,2.9,216.9,452,37
2026-06-09,文华街道,书香门第,588,493,265.2,84.2,3.7,200.7,480,13
2026-06-10,文华街道,书香门第,588,460,235.8,85.8,3.9,210.8,451,9
2026-06-11,文华街道,书香门第,588,447,261.2,77.7,3.1,208.1,431,16
2026-06-12,文华街道,书香门第,588,489,249.6,87.3,4.5,205.4,445,44
2026-06-13,文华街道,书香门第,588,510,258.6,102.3,4.2,231.5,496,14
2026-06-14,文华街道,书香门第,588,519,293.4,84.2,4.6,219.7,490,29
2026-06-15,文华街道,书香门第,588,443,219.9,85.4,4.3,197.5,393,50
2026-06-16,文华街道,书香门第,588,487,262.6,87.8,3.7,234.1,429,58
2026-06-17,文华街道,书香门第,588,485,242.0,90.5,3.4,167.0,449,36
2026-06-18,文华街道,书香门第,588,445,227.2,85.7,3.2,186.3,422,23
2026-06-19,文华街道,书香门第,588,485,275.2,65.3,4.1,191.2,470,15
2026-06-20,文华街道,书香门第,588,481,253.8,86.9,4.0,217.1,460,21
2026-06-21,文华街道,书香门第,588,511,296.3,77.5,4.9,197.2,464,47
2026-06-22,文华街道,书香门第,588,456,265.7,84.1,3.8,194.1,447,9
2026-06-23,文华街道,书香门第,588,494,248.8,70.4,2.9,188.1,471,23
2026-06-24,文华街道,书香门第,588,468,270.2,67.8,3.7,218.3,443,25
2026-06-25,文华街道,书香门第,588,466,285.5,75.9,3.5,194.2,436,30
2026-06-26,文华街道,书香门第,588,495,280.5,99.1,3.7,213.1,461,34
2026-06-27,文华街道,书香门第,588,504,253.2,77.6,5.2,242.5,477,27
2026-06-28,文华街道,书香门第,588,524,274.6,98.9,4.1,235.2,472,52
2026-06-29,文华街道,书香门第,588,476,298.2,84.9,3.8,200.7,462,14
2026-06-30,文华街道,书香门第,588,487,248.7,79.1,4.7,204.9,443,44
2026-07-01,文华街道,书香门第,588,451,228.8,111.4,3.5,207.8,428,23
2026-07-02,文华街道,书香门第,588,494,309.5,86.0,3.9,190.2,459,35
2026-07-03,文华街道,书香门第,588,469,281.1,86.1,3.7,211.6,442,27
2026-07-04,文华街道,书香门第,588,506,269.5,87.1,6.0,201.9,477,29
2026-07-05,文华街道,书香门第,588,526,301.6,92.6,4.4,195.6,492,34
2026-07-06,文华街道,书香门第,588,450,242.0,76.7,4.0,179.2,424,26
2026-07-07,文华街道,书香门第,588,490,263.2,78.1,3.5,217.3,452,38
2026-07-08,文华街道,书香门第,588,481,277.5,78.4,3.1,183.3,463,18
2026-07-09,文华街道,书香门第,588,499,284.8,103.2,5.0,220.9,452,47
2026-07-10,文华街道,书香门第,588,503,252.0,87.5,3.9,234.4,493,10
2026-07-11,文华街道,书香门第,588,498,261.3,83.5,4.4,213.6,460,38
2026-07-12,文华街道,书香门第,588,530,299.3,101.8,4.7,233.5,500,30
2026-07-13,文华街道,书香门第,588,466,251.1,103.1,3.4,231.3,453,13
2026-07-14,文华街道,书香门第,588,466,295.9,87.0,4.5,203.9,421,45
2026-07-15,文华街道,书香门第,588,466,262.4,98.0,3.5,195.2,436,30
2026-07-16,文华街道,书香门第,588,482,221.8,78.1,3.7,186.4,439,43
2026-07-17,文华街道,书香门第,588,492,256.8,91.9,4.1,193.3,455,37
2026-07-18,文华街道,书香门第,588,537,310.3,90.4,3.4,227.2,518,19
2026-07-19,文华街道,书香门第,588,509,272.0,82.6,3.2,270.7,466,43
2026-07-20,文华街道,书香门第,588,471,243.2,92.6,3.8,177.5,451,20
2026-07-21,文华街道,书香门第,588,484,269.5,98.5,3.0,184.6,469,15
2026-07-22,文华街道,书香门第,588,436,217.3,78.9,3.0,165.0,393,43
2026-07-23,文华街道,书香门第,588,462,221.1,76.8,3.8,207.8,446,16
2026-07-24,文华街道,书香门第,588,448,247.0,86.4,3.8,215.2,422,26
2026-07-25,文华街道,书香门第,588,512,291.6,94.1,4.1,206.6,472,40
2026-07-26,文华街道,书香门第,588,499,233.7,85.8,3.9,215.6,478,21
2026-07-27,文华街道,书香门第,588,474,282.0,81.0,4.7,181.9,458,16
2026-07-28,文华街道,书香门第,588,482,292.6,94.6,3.8,218.1,463,19
2026-07-29,文华街道,书香门第,588,485,277.0,80.9,4.3,204.9,451,34
2026-07-30,文华街道,书香门第,588,477,238.2,76.5,4.7,211.0,446,31
2026-07-31,文华街道,书香门第,588,492,257.2,100.7,3.7,201.8,477,15
2026-08-01,文华街道,书香门第,588,525,284.5,104.4,3.8,214.3,512,13
2026-08-02,文华街道,书香门第,588,502,269.0,101.1,3.7,213.5,487,15
2026-08-03,文华街道,书香门第,588,476,256.9,84.0,3.6,213.9,443,33
2026-08-04,文华街道,书香门第,588,479,277.0,91.9,3.9,187.9,465,14
2026-08-05,文华街道,书香门第,588,483,267.9,91.8,4.7,198.3,473,10
2026-08-06,文华街道,书香门第,588,493,280.0,98.1,5.1,213.8,491,2
2026-08-07,文华街道,书香门第,588,493,274.2,80.0,3.9,213.6,473,20
2026-08-08,文华街道,书香门第,588,500,281.1,98.7,3.9,191.2,457,43
2026-08-09,文华街道,书香门第,588,496,278.6,87.0,3.7,209.0,432,64
2026-08-10,文华街道,书香门第,588,492,286.6,86.2,3.4,240.9,466,26
2026-08-11,文华街道,书香门第,588,485,285.2,89.5,3.8,203.3,473,12
2026-08-12,文华街道,书香门第,588,468,238.0,69.1,3.6,212.2,444,24
2026-08-13,文华街道,书香门第,588,479,284.2,81.8,3.2,206.8,459,20
2026-08-14,文华街道,书香门第,588,498,310.3,87.8,4.1,231.4,459,39
2026-08-15,文华街道,书香门第,588,520,248.9,98.2,5.0,229.5,493,27
2026-08-16,文华街道,书香门第,588,522,299.4,81.3,3.6,236.3,492,30
2026-08-17,文华街道,书香门第,588,487,238.8,83.3,3.4,214.9,486,1
2026-08-18,文华街道,书香门第,588,482,308.6,75.1,4.1,198.8,438,44
2026-08-19,文华街道,书香门第,588,451,256.1,80.6,3.5,196.9,442,9
2026-08-20,文华街道,书香门第,588,450,239.9,73.8,3.3,193.0,430,20
2026-08-21,文华街道,书香门第,588,505,285.2,107.3,5.4,227.7,464,41
2026-08-22,文华街道,书香门第,588,533,296.1,99.4,5.1,212.5,523,10
2026-08-23,文华街道,书香门第,588,529,317.2,99.1,4.2,216.8,495,34
2026-08-24,文华街道,书香门第,588,469,269.8,81.5,2.9,188.0,439,30
2026-08-25,文华街道,书香门第,588,485,249.3,90.8,4.1,184.9,450,35
2026-08-26,文华街道,书香门第,588,465,259.0,77.0,3.6,184.3,435,30
2026-08-27,文华街道,书香门第,588,489,246.3,85.5,3.7,238.6,468,21
2026-08-28,文华街道,书香门第,588,470,265.6,79.0,5.0,192.5,433,37
2026-08-29,文华街道,书香门第,588,508,298.8,86.9,3.6,242.4,479,29
2026-08-30,文华街道,书香门第,588,487,284.3,87.4,4.0,202.6,455,32
2026-08-31,文华街道,书香门第,588,493,274.1,86.8,3.0,209.4,459,34
2026-01-01,文华街道,文华苑,854,752,393.2,144.2,5.0,355.7,665,87
2026-01-02,文华街道,文华苑,854,748,472.1,136.5,5.4,310.3,679,69
2026-01-03,文华街道,文华苑,854,772,460.4,125.7,5.1,301.9,665,107
2026-01-04,文华街道,文华苑,854,766,426.2,123.3,8.6,308.9,715,51
2026-01-05,文华街道,文华苑,854,730,403.9,124.7,5.7,308.2,641,89
2026-01-06,文华街道,文华苑,854,746,424.8,128.2,4.6,360.6,649,97
2026-01-07,文华街道,文华苑,854,709,383.3,126.8,6.5,305.3,625,84
2026-01-08,文华街道,文华苑,854,756,464.1,152.7,5.5,318.3,691,65
2026-01-09,文华街道,文华苑,854,749,428.3,122.9,5.4,298.5,663,86
2026-01-10,文华街道,文华苑,854,791,481.6,145.6,5.5,308.1,702,89
2026-01-11,文华街道,文华苑,854,813,387.4,146.3,6.4,367.1,733,80
2026-01-12,文华街道,文华苑,854,733,362.0,122.8,6.7,308.9,649,84
2026-01-13,文华街道,文华苑,854,730,348.0,147.2,4.9,281.5,659,71
2026-01-14,文华街道,文华苑,854,732,388.4,148.3,4.4,336.6,626,106
2026-01-15,文华街道,文华苑,854,732,409.4,111.3,4.5,312.6,602,130
2026-01-16,文华街道,文华苑,854,689,363.9,135.3,6.3,289.5,635,54
2026-01-17,文华街道,文华苑,854,790,474.5,126.5,5.9,353.5,700,90
2026-01-18,文华街道,文华苑,854,786,429.1,138.5,5.9,291.5,651,135
2026-01-19,文华街道,文华苑,854,746,417.3,150.1,6.0,298.1,631,115
2026-01-20,文华街道,文华苑,854,739,361.4,137.4,7.5,307.1,657,82
2026-01-21,文华街道,文华苑,854,702,384.0,135.9,6.4,277.3,605,97
2026-01-22,文华街道,文华苑,854,761,422.6,136.6,5.4,314.2,676,85
2026-01-23,文华街道,文华苑,854,725,378.6,121.5,5.2,288.8,630,95
2026-01-24,文华街道,文华苑,854,832,506.7,129.8,5.7,370.2,723,109
2026-01-25,文华街道,文华苑,854,821,450.8,176.9,7.0,404.8,724,97
2026-01-26,文华街道,文华苑,854,749,387.8,134.2,5.7,296.1,689,60
2026-01-27,文华街道,文华苑,854,725,425.7,119.4,5.7,283.4,619,106
2026-01-28,文华街道,文华苑,854,731,336.2,170.7,7.9,367.5,643,88
2026-01-29,文华街道,文华苑,854,701,397.2,107.5,6.7,329.3,633,68
2026-01-30,文华街道,文华苑,854,718,359.0,130.6,5.9,288.4,628,90
2026-01-31,文华街道,文华苑,854,823,426.0,156.1,5.5,393.9,708,115
2026-02-01,文华街道,文华苑,854,806,431.9,143.6,6.1,374.4,723,83
2026-02-02,文华街道,文华苑,854,745,382.2,121.8,6.0,306.1,639,106
2026-02-03,文华街道,文华苑,854,717,345.9,115.7,6.0,287.9,651,66
2026-02-04,文华街道,文华苑,854,739,439.4,128.7,5.3,322.8,624,115
2026-02-05,文华街道,文华苑,854,721,414.6,111.1,5.3,303.0,631,90
2026-02-06,文华街道,文华苑,854,760,366.6,144.9,6.2,286.8,685,75
2026-02-07,文华街道,文华苑,854,800,471.1,129.9,6.1,352.3,724,76
2026-02-08,文华街道,文华苑,854,754,440.7,140.9,5.4,320.0,655,99
2026-02-09,文华街道,文华苑,854,767,510.5,122.2,6.1,347.8,680,87
2026-02-10,文华街道,文华苑,854,754,399.3,131.4,5.0,296.1,684,70
2026-02-11,文华街道,文华苑,854,739,416.8,124.3,6.8,315.7,651,88
2026-02-12,文华街道,文华苑,854,777,464.9,134.0,5.5,285.4,727,50
2026-02-13,文华街道,文华苑,854,739,374.4,143.9,6.2,318.2,667,72
2026-02-14,文华街道,文华苑,854,792,401.8,156.9,6.5,327.3,722,70
2026-02-15,文华街道,文华苑,854,818,483.3,133.1,5.2,343.1,682,136
2026-02-16,文华街道,文华苑,854,740,396.4,131.5,6.4,271.9,662,78
2026-02-17,文华街道,文华苑,854,796,422.4,156.2,5.3,306.3,705,91
2026-02-18,文华街道,文华苑,854,719,399.7,117.2,5.2,355.6,673,46
2026-02-19,文华街道,文华苑,854,724,374.2,132.4,6.1,318.7,665,59
2026-02-20,文华街道,文华苑,854,747,448.8,154.9,4.9,293.3,663,84
2026-02-21,文华街道,文华苑,854,801,483.5,159.5,6.7,318.2,714,87
2026-02-22,文华街道,文华苑,854,810,432.7,140.6,8.2,312.7,725,85
2026-02-23,文华街道,文华苑,854,747,393.0,152.8,5.7,344.4,670,77
2026-02-24,文华街道,文华苑,854,741,400.9,150.5,5.8,311.6,654,87
2026-02-25,文华街道,文华苑,854,743,396.5,121.5,7.0,306.4,645,98
2026-02-26,文华街道,文华苑,854,784,503.6,170.5,4.6,327.3,688,96
2026-02-27,文华街道,文华苑,854,733,461.1,150.0,8.0,311.0,657,76
2026-02-28,文华街道,文华苑,854,788,427.7,155.1,8.0,327.7,731,57
2026-03-01,文华街道,文华苑,854,813,455.4,134.5,5.4,320.0,736,77
2026-03-02,文华街道,文华苑,854,773,432.2,137.0,5.2,329.2,680,93
2026-03-03,文华街道,文华苑,854,711,393.3,126.8,5.6,332.7,637,74
2026-03-04,文华街道,文华苑,854,706,411.4,143.1,4.9,314.2,639,67
2026-03-05,文华街道,文华苑,854,745,413.8,123.6,5.4,323.3,662,83
2026-03-06,文华街道,文华苑,854,714,366.0,124.1,4.8,281.1,652,62
2026-03-07,文华街道,文华苑,854,786,438.4,146.3,8.2,340.9,725,61
2026-03-08,文华街道,文华苑,854,769,394.9,119.8,4.9,294.0,684,85
2026-03-09,文华街道,文华苑,854,733,402.6,110.6,6.8,273.4,642,91
2026-03-10,文华街道,文华苑,854,778,449.5,137.6,7.2,383.6,720,58
2026-03-11,文华街道,文华苑,854,735,458.1,129.5,7.5,344.7,630,105
2026-03-12,文华街道,文华苑,854,778,383.6,160.5,6.4,323.6,700,78
2026-03-13,文华街道,文华苑,854,708,417.4,118.6,6.1,321.9,636,72
2026-03-14,文华街道,文华苑,854,794,420.2,140.9,7.3,301.3,728,66
2026-03-15,文华街道,文华苑,854,850,467.1,184.3,7.7,356.8,785,65
2026-03-16,文华街道,文华苑,854,711,364.1,125.6,6.0,345.3,652,59
2026-03-17,文华街道,文华苑,854,708,448.9,115.7,4.4,298.9,647,61
2026-03-18,文华街道,文华苑,854,733,385.0,128.8,6.3,298.4,678,55
2026-03-19,文华街道,文华苑,854,746,366.3,147.7,5.5,290.5,689,57
2026-03-20,文华街道,文华苑,854,741,432.7,153.5,6.6,283.6,682,59
2026-03-21,文华街道,文华苑,854,784,414.8,141.2,8.3,327.9,688,96
2026-03-22,文华街道,文华苑,854,799,459.0,146.9,4.5,353.1,713,86
2026-03-23,文华街道,文华苑,854,728,407.7,114.2,5.6,294.9,663,65
2026-03-24,文华街道,文华苑,854,692,438.9,117.0,3.9,272.4,651,41
2026-03-25,文华街道,文华苑,854,745,395.2,140.9,7.1,312.9,695,50
2026-03-26,文华街道,文华苑,854,733,400.8,115.5,6.8,315.5,637,96
2026-03-27,文华街道,文华苑,854,735,430.3,131.2,6.5,308.3,672,63
2026-03-28,文华街道,文华苑,854,746,398.9,144.4,5.0,283.9,667,79
2026-03-29,文华街道,文华苑,854,803,508.0,167.8,6.4,322.9,729,74
2026-03-30,文华街道,文华苑,854,760,354.0,129.5,4.9,282.9,690,70
2026-03-31,文华街道,文华苑,854,731,398.7,159.8,5.6,348.1,668,63
2026-04-01,文华街道,文华苑,854,778,372.2,128.5,5.3,302.4,729,49
2026-04-02,文华街道,文华苑,854,771,511.4,136.1,6.6,358.4,703,68
2026-04-03,文华街道,文华苑,854,723,373.3,119.7,6.2,282.7,644,79
2026-04-04,文华街道,文华苑,854,811,467.2,131.4,5.9,344.8,747,64
2026-04-05,文华街道,文华苑,854,800,414.4,132.2,6.0,391.8,719,81
2026-04-06,文华街道,文华苑,854,769,447.4,130.0,4.5,340.3,731,38
2026-04-07,文华街道,文华苑,854,738,375.0,129.7,7.5,347.9,664,74
2026-04-08,文华街道,文华苑,854,695,378.5,133.6,4.9,316.7,623,72
2026-04-09,文华街道,文华苑,854,771,426.3,144.8,5.5,337.9,721,50
2026-04-10,文华街道,文华苑,854,759,442.6,138.9,5.9,304.4,694,65
2026-04-11,文华街道,文华苑,854,791,406.8,148.3,5.4,335.1,721,70
2026-04-12,文华街道,文华苑,854,840,445.3,143.7,8.1,357.5,767,73
2026-04-13,文华街道,文华苑,854,745,387.9,134.1,4.5,307.6,655,90
2026-04-14,文华街道,文华苑,854,713,344.9,151.9,5.0,292.2,653,60
2026-04-15,文华街道,文华苑,854,754,398.3,148.9,5.5,306.7,673,81
2026-04-16,文华街道,文华苑,854,731,379.2,116.2,4.8,294.3,657,74
2026-04-17,文华街道,文华苑,854,746,496.1,132.4,6.8,308.8,689,57
2026-04-18,文华街道,文华苑,854,834,436.8,158.1,6.3,353.4,780,54
2026-04-19,文华街道,文华苑,854,804,505.1,191.9,6.4,334.1,764,40
2026-04-20,文华街道,文华苑,854,726,395.6,115.2,5.0,309.2,657,69
2026-04-21,文华街道,文华苑,854,757,417.0,137.7,6.0,310.7,684,73
2026-04-22,文华街道,文华苑,854,730,341.8,127.3,5.4,325.6,670,60
2026-04-23,文华街道,文华苑,854,731,454.8,121.7,5.8,310.6,698,33
2026-04-24,文华街道,文华苑,854,782,468.1,177.7,8.6,320.6,732,50
2026-04-25,文华街道,文华苑,854,801,450.8,143.3,5.2,353.8,762,39
2026-04-26,文华街道,文华苑,854,832,427.8,157.9,8.4,343.5,759,73
2026-04-27,文华街道,文华苑,854,749,389.4,151.0,6.5,309.6,706,43
2026-04-28,文华街道,文华苑,854,771,394.7,121.0,6.7,302.5,725,46
2026-04-29,文华街道,文华苑,854,739,395.9,139.9,7.1,302.8,707,32
2026-04-30,文华街道,文华苑,854,749,448.5,144.0,6.4,310.6,704,45
2026-05-01,文华街道,文华苑,854,753,413.5,158.8,6.6,345.3,716,37
2026-05-02,文华街道,文华苑,854,807,454.1,149.3,6.2,327.2,751,56
2026-05-03,文华街道,文华苑,854,829,516.6,151.3,6.6,462.7,791,38
2026-05-04,文华街道,文华苑,854,774,402.0,135.6,6.3,301.8,717,57
2026-05-05,文华街道,文华苑,854,764,376.3,129.2,4.1,232.4,692,72
2026-05-06,文华街道,文华苑,854,810,486.4,183.4,7.9,341.4,752,58
2026-05-07,文华街道,文华苑,854,749,380.5,126.6,7.3,314.7,710,39
2026-05-08,文华街道,文华苑,854,793,366.6,149.0,6.7,293.2,735,58
2026-05-09,文华街道,文华苑,854,821,442.3,145.5,5.6,384.0,766,55
2026-05-10,文华街道,文华苑,854,770,360.2,161.9,5.5,289.1,714,56
2026-05-11,文华街道,文华苑,854,795,449.8,116.3,7.0,318.4,701,94
2026-05-12,文华街道,文华苑,854,766,398.8,133.1,5.3,266.9,706,60
2026-05-13,文华街道,文华苑,854,791,466.4,159.5,6.9,317.9,737,54
2026-05-14,文华街道,文华苑,854,763,441.5,111.2,5.1,298.7,699,64
2026-05-15,文华街道,文华苑,854,767,432.8,127.3,5.8,316.4,761,6
2026-05-16,文华街道,文华苑,854,812,381.2,161.8,6.2,380.4,737,75
2026-05-17,文华街道,文华苑,854,813,421.9,124.4,5.9,296.4,731,82
2026-05-18,文华街道,文华苑,854,724,431.3,123.3,5.4,273.9,665,59
2026-05-19,文华街道,文华苑,854,784,382.4,142.1,6.5,307.2,732,52
2026-05-20,文华街道,文华苑,854,783,421.1,122.9,6.0,364.8,719,64
2026-05-21,文华街道,文华苑,854,767,425.0,129.5,7.7,252.1,713,54
2026-05-22,文华街道,文华苑,854,758,447.8,145.0,6.4,306.5,691,67
2026-05-23,文华街道,文华苑,854,752,382.8,139.9,6.8,293.2,699,53
2026-05-24,文华街道,文华苑,854,791,471.9,138.0,5.4,294.9,732,59
2026-05-25,文华街道,文华苑,854,747,357.9,126.4,4.8,320.8,694,53
2026-05-26,文华街道,文华苑,854,763,420.0,151.8,6.8,344.6,725,38
2026-05-27,文华街道,文华苑,854,758,423.6,151.0,7.4,306.6,689,69
2026-05-28,文华街道,文华苑,854,756,416.6,144.3,5.7,328.1,704,52
2026-05-29,文华街道,文华苑,854,771,448.7,134.6,7.0,306.9,764,7
2026-05-30,文华街道,文华苑,854,804,441.9,165.0,8.4,315.3,739,65
2026-05-31,文华街道,文华苑,854,820,484.6,129.3,7.7,336.3,792,28
2026-06-01,文华街道,文华苑,854,776,434.1,150.5,5.2,369.0,722,54
2026-06-02,文华街道,文华苑,854,741,407.0,137.0,5.8,328.4,705,36
2026-06-03,文华街道,文华苑,854,753,352.8,133.1,5.6,310.5,707,46
2026-06-04,文华街道,文华苑,854,728,428.6,131.0,5.5,283.3,703,25
2026-06-05,文华街道,文华苑,854,756,351.5,149.0,6.8,317.0,723,33
2026-06-06,文华街道,文华苑,854,815,460.9,147.7,7.8,312.3,748,67
2026-06-07,文华街道,文华苑,854,828,464.1,125.0,9.0,357.6,786,42
2026-06-08,文华街道,文华苑,854,801,542.7,152.6,7.3,371.8,734,67
2026-06-09,文华街道,文华苑,854,752,409.2,157.3,5.7,343.4,726,26
2026-06-10,文华街道,文华苑,854,770,401.6,127.0,6.2,343.0,718,52
2026-06-11,文华街道,文华苑,854,735,381.8,124.1,6.5,366.2,658,77
2026-06-12,文华街道,文华苑,854,728,348.8,136.1,6.2,288.7,671,57
2026-06-13,文华街道,文华苑,854,826,480.7,148.1,7.2,367.0,786,40
2026-06-14,文华街道,文华苑,854,744,372.8,145.0,5.6,345.4,683,61
2026-06-15,文华街道,文华苑,854,773,460.6,136.4,5.8,327.0,747,26
2026-06-16,文华街道,文华苑,854,720,405.2,130.9,4.9,315.6,674,46
2026-06-17,文华街道,文华苑,854,770,435.1,146.5,7.4,332.6,728,42
2026-06-18,文华街道,文华苑,854,759,413.3,139.6,5.8,318.2,719,40
2026-06-19,文华街道,文华苑,854,797,438.7,136.8,5.7,339.9,729,68
2026-06-20,文华街道,文华苑,854,836,480.3,145.6,7.6,361.4,807,29
2026-06-21,文华街道,文华苑,854,811,451.2,139.1,6.4,291.5,784,27
2026-06-22,文华街道,文华苑,854,726,359.6,127.6,6.0,287.9,662,64
2026-06-23,文华街道,文华苑,854,796,485.8,117.9,5.7,322.5,737,59
2026-06-24,文华街道,文华苑,854,753,424.7,155.4,7.1,300.9,688,65
2026-06-25,文华街道,文华苑,854,772,452.3,147.9,5.7,323.5,714,58
2026-06-26,文华街道,文华苑,854,756,398.6,138.5,5.5,334.5,711,45
2026-06-27,文华街道,文华苑,854,821,393.0,136.9,6.8,351.9,772,49
2026-06-28,文华街道,文华苑,854,843,513.4,123.2,7.6,318.2,811,32
2026-06-29,文华街道,文华苑,854,782,445.2,129.6,6.9,324.3,731,51
2026-06-30,文华街道,文华苑,854,760,369.7,146.9,5.2,318.8,705,55
2026-07-01,文华街道,文华苑,854,772,467.0,139.7,5.7,368.9,766,6
2026-07-02,文华街道,文华苑,854,753,411.6,132.9,6.2,332.3,727,26
2026-07-03,文华街道,文华苑,854,799,424.9,134.3,5.9,334.4,763,36
2026-07-04,文华街道,文华苑,854,826,414.6,173.8,4.6,294.9,767,59
2026-07-05,文华街道,文华苑,854,824,398.9,136.9,8.0,345.5,782,42
2026-07-06,文华街道,文华苑,854,748,414.6,141.2,6.1,345.1,740,8
2026-07-07,文华街道,文华苑,854,731,352.6,131.8,5.5,329.2,689,42
2026-07-08,文华街道,文华苑,854,784,368.4,171.2,5.2,355.0,755,29
2026-07-09,文华街道,文华苑,854,782,377.9,151.7,5.1,334.3,754,28
2026-07-10,文华街道,文华苑,854,744,395.7,122.5,4.7,327.5,699,45
2026-07-11,文华街道,文华苑,854,783,423.7,120.1,5.6,329.2,741,42
2026-07-12,文华街道,文华苑,854,820,449.4,125.6,5.8,365.1,782,38
2026-07-13,文华街道,文华苑,854,744,398.3,140.5,5.5,338.2,706,38
2026-07-14,文华街道,文华苑,854,768,464.2,126.4,6.9,343.7,728,40
2026-07-15,文华街道,文华苑,854,733,464.4,137.4,4.3,345.0,702,31
2026-07-16,文华街道,文华苑,854,759,434.6,135.7,5.8,365.0,728,31
2026-07-17,文华街道,文华苑,854,743,422.0,114.3,6.4,278.8,703,40
2026-07-18,文华街道,文华苑,854,841,601.1,132.2,7.3,292.6,809,32
2026-07-19,文华街道,文华苑,854,816,457.0,170.6,7.0,327.8,772,44
2026-07-20,文华街道,文华苑,854,796,437.7,144.3,5.7,348.6,763,33
2026-07-21,文华街道,文华苑,854,747,406.1,114.7,6.1,258.0,705,42
2026-07-22,文华街道,文华苑,854,780,392.2,117.0,5.5,290.2,767,13
2026-07-23,文华街道,文华苑,854,791,382.9,141.5,6.1,345.0,773,18
2026-07-24,文华街道,文华苑,854,777,491.2,143.7,6.9,360.9,744,33
2026-07-25,文华街道,文华苑,854,843,529.4,166.9,5.6,379.8,793,50
2026-07-26,文华街道,文华苑,854,833,486.9,141.3,6.9,348.0,828,5
2026-07-27,文华街道,文华苑,854,751,381.8,132.0,5.3,332.3,703,48
2026-07-28,文华街道,文华苑,854,734,378.7,131.9,5.6,308.4,687,47
2026-07-29,文华街道,文华苑,854,745,443.3,136.6,5.6,300.3,742,3
2026-07-30,文华街道,文华苑,854,770,425.1,142.8,7.3,322.0,738,32
2026-07-31,文华街道,文华苑,854,763,459.8,120.6,6.8,307.1,735,28
2026-08-01,文华街道,文华苑,854,827,405.3,168.6,6.6,360.3,801,26
2026-08-02,文华街道,文华苑,854,829,434.5,130.6,8.2,313.0,777,52
2026-08-03,文华街道,文华苑,854,775,366.1,150.0,4.7,386.9,769,6
2026-08-04,文华街道,文华苑,854,711,408.6,120.4,4.8,315.5,691,20
2026-08-05,文华街道,文华苑,854,725,398.6,150.6,5.3,279.3,713,12
2026-08-06,文华街道,文华苑,854,739,407.6,129.1,5.5,263.0,734,5
2026-08-07,文华街道,文华苑,854,752,426.3,148.4,6.2,291.3,737,15
2026-08-08,文华街道,文华苑,854,829,489.0,134.4,7.0,333.5,797,32
2026-08-09,文华街道,文华苑,854,840,505.5,166.8,7.5,307.3,801,39
2026-08-10,文华街道,文华苑,854,747,338.0,112.1,6.6,354.6,724,23
2026-08-11,文华街道,文华苑,854,799,430.7,157.2,5.7,327.6,774,25
2026-08-12,文华街道,文华苑,854,753,423.1,155.7,6.8,314.5,715,38
2026-08-13,文华街道,文华苑,854,698,405.6,146.2,5.3,280.6,669,29
2026-08-14,文华街道,文华苑,854,763,386.6,134.4,6.7,308.1,743,20
2026-08-15,文华街道,文华苑,854,809,469.2,165.8,6.2,323.5,770,39
2026-08-16,文华街道,文华苑,854,839,480.8,191.1,6.5,341.5,796,43
2026-08-17,文华街道,文华苑,854,781,438.7,152.4,5.7,335.7,727,54
2026-08-18,文华街道,文华苑,854,771,438.2,158.9,8.5,341.4,727,44
2026-08-19,文华街道,文华苑,854,800,433.6,145.1,6.6,339.3,783,17
2026-08-20,文华街道,文华苑,854,749,434.1,154.5,5.9,313.7,724,25
2026-08-21,文华街道,文华苑,854,788,427.6,146.4,6.1,335.4,761,27
2026-08-22,文华街道,文华苑,854,821,498.2,164.0,6.8,382.3,787,34
2026-08-23,文华街道,文华苑,854,766,371.4,138.9,7.5,368.3,757,9
2026-08-24,文华街道,文华苑,854,776,445.1,133.7,5.5,330.2,750,26
2026-08-25,文华街道,文华苑,854,738,420.3,121.5,7.5,315.2,719,19
2026-08-26,文华街道,文华苑,854,783,517.7,133.2,7.0,310.5,749,34
2026-08-27,文华街道,文华苑,854,756,483.4,149.2,5.4,368.1,752,4
2026-08-28,文华街道,文华苑,854,770,391.8,142.1,7.4,354.3,755,15
2026-08-29,文华街道,文华苑,854,829,377.1,176.7,5.1,332.6,813,16
2026-08-30,文华街道,文华苑,854,786,423.3,145.5,5.5,289.5,735,51
2026-08-31,文华街道,文华苑,854,761,385.5,147.0,6.7,342.8,736,25
2026-01-01,文华街道,学府家园,1380,1143,612.6,193.3,8.3,439.4,1036,107
2026-01-02,文华街道,学府家园,1380,1065,566.7,165.2,10.5,450.7,938,127
2026-01-03,文华街道,学府家园,1380,1240,724.3,211.5,9.7,511.8,1123,117
2026-01-04,文华街道,学府家园,1380,1230,725.3,237.4,8.7,513.5,1131,99
2026-01-05,文华街道,学府家园,1380,1185,693.8,242.2,9.8,556.3,1081,104
2026-01-06,文华街道,学府家园,1380,1143,573.4,226.9,8.0,493.4,1017,126
2026-01-07,文华街道,学府家园,1380,1144,671.4,199.3,8.5,454.6,1010,134
2026-01-08,文华街道,学府家园,1380,1151,591.8,201.2,8.4,532.8,1034,117
2026-01-09,文华街道,学府家园,1380,1068,645.3,190.5,8.9,509.0,968,100
2026-01-10,文华街道,学府家园,1380,1216,675.0,266.0,11.0,514.6,1094,122
2026-01-11,文华街道,学府家园,1380,1235,623.1,260.6,11.9,486.5,1098,137
2026-01-12,文华街道,学府家园,1380,1174,563.3,243.7,9.5,525.0,1024,150
2026-01-13,文华街道,学府家园,1380,1149,599.7,218.1,12.2,533.1,1033,116
2026-01-14,文华街道,学府家园,1380,1170,593.0,216.8,8.0,473.7,1029,141
2026-01-15,文华街道,学府家园,1380,1095,545.4,185.3,15.8,499.6,963,132
2026-01-16,文华街道,学府家园,1380,1138,587.6,234.6,9.8,433.1,981,157
2026-01-17,文华街道,学府家园,1380,1262,655.9,241.8,10.4,518.8,1109,153
2026-01-18,文华街道,学府家园,1380,1213,578.7,210.0,10.8,433.0,1077,136
2026-01-19,文华街道,学府家园,1380,1156,642.3,205.0,9.1,502.3,1020,136
2026-01-20,文华街道,学府家园,1380,1085,713.0,161.4,7.8,518.4,994,91
2026-01-21,文华街道,学府家园,1380,1209,630.7,191.8,8.3,504.2,1078,131
2026-01-22,文华街道,学府家园,1380,1158,702.1,219.1,11.2,491.3,1028,130
2026-01-23,文华街道,学府家园,1380,1132,618.7,181.5,10.6,414.7,1040,92
2026-01-24,文华街道,学府家园,1380,1193,687.2,210.8,10.3,549.9,1104,89
2026-01-25,文华街道,学府家园,1380,1220,717.3,209.3,8.7,563.9,1097,123
2026-01-26,文华街道,学府家园,1380,1086,722.7,182.5,8.6,436.6,980,106
2026-01-27,文华街道,学府家园,1380,1190,585.6,231.6,10.8,504.4,995,195
2026-01-28,文华街道,学府家园,1380,1107,571.5,196.5,10.2,481.5,1011,96
2026-01-29,文华街道,学府家园,1380,1101,616.5,223.9,9.8,405.1,975,126
2026-01-30,文华街道,学府家园,1380,1165,592.1,225.2,11.5,527.6,1057,108
2026-01-31,文华街道,学府家园,1380,1221,744.2,242.5,10.1,486.3,1088,133
2026-02-01,文华街道,学府家园,1380,1241,702.4,219.2,11.5,565.1,1117,124
2026-02-02,文华街道,学府家园,1380,1149,575.2,201.1,8.3,494.5,1043,106
2026-02-03,文华街道,学府家园,1380,1158,575.4,201.3,10.2,479.3,1014,144
2026-02-04,文华街道,学府家园,1380,1143,633.1,168.9,9.4,490.2,1011,132
2026-02-05,文华街道,学府家园,1380,1110,624.7,208.6,7.4,444.7,999,111
2026-02-06,文华街道,学府家园,1380,1168,676.6,237.3,8.3,472.1,1071,97
2026-02-07,文华街道,学府家园,1380,1161,591.8,210.3,8.7,531.8,1039,122
2026-02-08,文华街道,学府家园,1380,1235,649.8,211.4,9.1,529.8,1151,84
2026-02-09,文华街道,学府家园,1380,1207,677.0,210.7,8.9,543.4,1096,111
2026-02-10,文华街道,学府家园,1380,1192,571.5,224.7,10.5,542.2,1037,155
2026-02-11,文华街道,学府家园,1380,1155,597.0,200.2,10.4,492.0,1032,123
2026-02-12,文华街道,学府家园,1380,1170,652.7,191.4,8.1,445.3,1026,144
2026-02-13,文华街道,学府家园,1380,1128,678.7,209.2,11.0,455.8,1012,116
2026-02-14,文华街道,学府家园,1380,1238,642.2,261.5,9.7,524.9,1122,116
2026-02-15,文华街道,学府家园,1380,1282,793.1,218.7,9.2,600.2,1148,134
2026-02-16,文华街道,学府家园,1380,1142,571.7,223.1,9.4,454.6,989,153
2026-02-17,文华街道,学府家园,1380,1183,712.4,227.6,11.1,548.5,1056,127
2026-02-18,文华街道,学府家园,1380,1151,600.9,219.7,7.7,445.5,992,159
2026-02-19,文华街道,学府家园,1380,1132,637.9,196.2,7.8,419.6,1022,110
2026-02-20,文华街道,学府家园,1380,1204,688.8,224.4,10.0,478.2,1083,121
2026-02-21,文华街道,学府家园,1380,1177,689.6,195.9,8.3,436.2,1072,105
2026-02-22,文华街道,学府家园,1380,1207,660.4,192.8,12.0,467.5,1093,114
2026-02-23,文华街道,学府家园,1380,1126,544.2,204.6,9.3,431.2,990,136
2026-02-24,文华街道,学府家园,1380,1198,703.0,212.6,13.6,483.1,1059,139
2026-02-25,文华街道,学府家园,1380,1168,652.6,233.6,8.8,434.6,1056,112
2026-02-26,文华街道,学府家园,1380,1107,492.3,171.7,9.2,477.3,1033,74
2026-02-27,文华街道,学府家园,1380,1154,625.4,220.9,7.1,507.7,1026,128
2026-02-28,文华街道,学府家园,1380,1207,689.1,266.8,10.7,541.8,1112,95
2026-03-01,文华街道,学府家园,1380,1243,754.2,204.6,9.7,475.5,1149,94
2026-03-02,文华街道,学府家园,1380,1196,740.7,186.1,11.1,518.3,1057,139
2026-03-03,文华街道,学府家园,1380,1197,635.7,219.0,8.4,500.0,1077,120
2026-03-04,文华街道,学府家园,1380,1120,597.7,169.5,9.4,446.5,1011,109
2026-03-05,文华街道,学府家园,1380,1059,686.2,243.1,7.0,443.0,954,105
2026-03-06,文华街道,学府家园,1380,1168,695.8,244.1,8.4,436.9,1036,132
2026-03-07,文华街道,学府家园,1380,1172,650.4,209.0,10.1,487.1,1035,137
2026-03-08,文华街道,学府家园,1380,1231,590.3,216.6,9.8,444.3,1120,111
2026-03-09,文华街道,学府家园,1380,1201,700.0,173.8,9.2,492.6,1108,93
2026-03-10,文华街道,学府家园,1380,1125,669.3,185.6,8.3,425.7,986,139
2026-03-11,文华街道,学府家园,1380,1122,664.6,198.2,10.8,515.8,1065,57
2026-03-12,文华街道,学府家园,1380,1163,648.5,191.6,10.4,481.2,1034,129
2026-03-13,文华街道,学府家园,1380,1190,609.4,200.1,10.2,451.7,1055,135
2026-03-14,文华街道,学府家园,1380,1228,690.2,195.6,9.3,493.7,1114,114
2026-03-15,文华街道,学府家园,1380,1245,794.7,228.7,7.2,461.2,1152,93
2026-03-16,文华街道,学府家园,1380,1131,631.4,227.1,7.5,435.8,1016,115
2026-03-17,文华街道,学府家园,1380,1180,644.4,226.6,11.9,481.0,1059,121
2026-03-18,文华街道,学府家园,1380,1147,663.1,205.9,9.3,467.9,1074,73
2026-03-19,文华街道,学府家园,1380,1213,699.6,236.6,10.1,513.5,1052,161
2026-03-20,文华街道,学府家园,1380,1103,623.7,175.2,9.5,487.3,1010,93
2026-03-21,文华街道,学府家园,1380,1260,610.4,266.1,11.2,584.4,1129,131
2026-03-22,文华街道,学府家园,1380,1278,721.2,226.1,10.3,587.5,1171,107
2026-03-23,文华街道,学府家园,1380,1134,563.3,192.3,11.5,465.1,1033,101
2026-03-24,文华街道,学府家园,1380,1135,595.0,203.3,9.0,423.6,1021,114
2026-03-25,文华街道,学府家园,1380,1075,557.4,216.4,7.8,406.3,1002,73
2026-03-26,文华街道,学府家园,1380,1166,708.7,211.3,7.4,534.8,1052,114
2026-03-27,文华街道,学府家园,1380,1157,596.7,228.6,9.6,462.4,1046,111
2026-03-28,文华街道,学府家园,1380,1231,692.5,199.2,10.1,493.5,1081,150
2026-03-29,文华街道,学府家园,1380,1248,740.9,285.2,12.2,545.3,1150,98
2026-03-30,文华街道,学府家园,1380,1145,658.1,211.0,8.8,510.9,1069,76
2026-03-31,文华街道,学府家园,1380,1170,699.4,222.7,9.6,568.9,1101,69
2026-04-01,文华街道,学府家园,1380,1156,677.3,221.5,8.9,463.4,1058,98
2026-04-02,文华街道,学府家园,1380,1158,592.8,201.0,7.9,388.6,1058,100
2026-04-03,文华街道,学府家园,1380,1217,683.1,194.6,10.6,532.2,1125,92
2026-04-04,文华街道,学府家园,1380,1245,732.5,218.9,10.5,583.8,1125,120
2026-04-05,文华街道,学府家园,1380,1231,855.5,190.4,11.2,450.2,1082,149
2026-04-06,文华街道,学府家园,1380,1174,620.5,197.0,11.3,515.7,1047,127
2026-04-07,文华街道,学府家园,1380,1150,595.9,212.1,12.4,469.8,1083,67
2026-04-08,文华街道,学府家园,1380,1127,583.2,226.1,11.0,477.9,1044,83
2026-04-09,文华街道,学府家园,1380,1147,636.3,184.4,11.2,487.5,1062,85
2026-04-10,文华街道,学府家园,1380,1230,690.1,189.6,9.6,497.2,1148,82
2026-04-11,文华街道,学府家园,1380,1279,722.6,239.4,7.9,604.6,1226,53
2026-04-12,文华街道,学府家园,1380,1262,708.5,233.9,16.2,589.9,1158,104
2026-04-13,文华街道,学府家园,1380,1155,625.2,195.1,10.2,514.3,1151,4
2026-04-14,文华街道,学府家园,1380,1201,694.0,211.3,8.7,543.0,1116,85
2026-04-15,文华街道,学府家园,1380,1140,692.9,228.0,11.0,404.7,1088,52
2026-04-16,文华街道,学府家园,1380,1133,634.2,197.3,9.1,510.3,1057,76
2026-04-17,文华街道,学府家园,1380,1193,661.0,209.7,9.2,480.1,1123,70
2026-04-18,文华街道,学府家园,1380,1264,781.4,220.7,12.2,610.6,1160,104
2026-04-19,文华街道,学府家园,1380,1224,655.1,235.8,12.1,510.1,1129,95
2026-04-20,文华街道,学府家园,1380,1204,658.4,200.2,8.0,533.3,1077,127
2026-04-21,文华街道,学府家园,1380,1159,646.1,177.3,10.8,570.2,1055,104
2026-04-22,文华街道,学府家园,1380,1183,673.3,219.7,9.4,534.8,1067,116
2026-04-23,文华街道,学府家园,1380,1191,666.8,245.4,7.5,474.3,1099,92
2026-04-24,文华街道,学府家园,1380,1145,588.6,203.1,11.1,497.2,1032,113
2026-04-25,文华街道,学府家园,1380,1300,816.3,255.6,10.5,540.6,1188,112
2026-04-26,文华街道,学府家园,1380,1199,690.8,217.6,7.6,539.0,1086,113
2026-04-27,文华街道,学府家园,1380,1157,639.7,233.4,9.3,492.0,1048,109
2026-04-28,文华街道,学府家园,1380,1153,658.3,198.6,9.7,532.9,1030,123
2026-04-29,文华街道,学府家园,1380,1169,709.6,233.3,8.2,484.4,1061,108
2026-04-30,文华街道,学府家园,1380,1115,586.1,173.3,6.7,502.1,1020,95
2026-05-01,文华街道,学府家园,1380,1171,684.1,189.4,11.0,567.4,1119,52
2026-05-02,文华街道,学府家园,1380,1260,649.1,190.3,10.1,505.2,1197,63
2026-05-03,文华街道,学府家园,1380,1246,733.2,232.5,10.8,563.7,1207,39
2026-05-04,文华街道,学府家园,1380,1144,536.6,226.5,12.0,474.4,1080,64
2026-05-05,文华街道,学府家园,1380,1127,641.6,199.3,9.4,552.8,1070,57
2026-05-06,文华街道,学府家园,1380,1153,597.5,217.4,10.1,488.8,1076,77
2026-05-07,文华街道,学府家园,1380,1115,568.7,206.8,7.5,449.0,1032,83
2026-05-08,文华街道,学府家园,1380,1127,625.6,188.4,11.4,439.3,1047,80
2026-05-09,文华街道,学府家园,1380,1270,669.7,252.7,9.0,504.8,1144,126
2026-05-10,文华街道,学府家园,1380,1172,696.0,190.9,9.1,474.6,1106,66
2026-05-11,文华街道,学府家园,1380,1179,687.7,236.8,8.9,517.3,1107,72
2026-05-12,文华街道,学府家园,1380,1194,556.5,211.4,11.2,523.3,1097,97
2026-05-13,文华街道,学府家园,1380,1135,553.1,195.2,8.8,444.0,1084,51
2026-05-14,文华街道,学府家园,1380,1172,629.9,191.1,9.5,529.0,1048,124
2026-05-15,文华街道,学府家园,1380,1151,636.4,189.5,8.6,482.2,1027,124
2026-05-16,文华街道,学府家园,1380,1252,721.5,237.5,10.4,435.1,1183,69
2026-05-17,文华街道,学府家园,1380,1244,652.7,237.2,10.9,528.6,1140,104
2026-05-18,文华街道,学府家园,1380,1171,586.1,222.7,8.7,483.0,1090,81
2026-05-19,文华街道,学府家园,1380,1144,724.7,173.4,8.0,485.3,1066,78
2026-05-20,文华街道,学府家园,1380,1143,597.0,187.0,9.2,504.9,1085,58
2026-05-21,文华街道,学府家园,1380,1145,591.0,202.4,9.0,456.3,1051,94
2026-05-22,文华街道,学府家园,1380,1096,618.3,159.9,10.5,423.2,992,104
2026-05-23,文华街道,学府家园,1380,1209,700.9,224.8,10.5,454.2,1135,74
2026-05-24,文华街道,学府家园,1380,1253,674.5,178.2,9.7,545.6,1192,61
2026-05-25,文华街道,学府家园,1380,1125,648.5,218.4,8.7,460.9,1045,80
2026-05-26,文华街道,学府家园,1380,1146,627.2,214.7,8.6,545.7,1036,110
2026-05-27,文华街道,学府家园,1380,1116,563.7,201.1,8.2,462.9,1043,73
2026-05-28,文华街道,学府家园,1380,1108,584.1,188.2,10.1,546.8,1041,67
2026-05-29,文华街道,学府家园,1380,1096,554.0,201.7,10.3,451.7,1033,63
2026-05-30,文华街道,学府家园,1380,1260,735.8,240.6,9.2,513.1,1187,73
2026-05-31,文华街道,学府家园,1380,1250,746.4,261.4,11.2,510.0,1114,136
2026-06-01,文华街道,学府家园,1380,1143,667.4,217.4,9.5,488.9,1116,27
2026-06-02,文华街道,学府家园,1380,1172,662.7,193.2,10.3,548.2,1066,106
2026-06-03,文华街道,学府家园,1380,1085,515.3,187.3,10.7,442.4,1045,40
2026-06-04,文华街道,学府家园,1380,1231,765.4,252.0,11.8,470.2,1172,59
2026-06-05,文华街道,学府家园,1380,1139,651.3,215.4,7.8,465.8,1086,53
2026-06-06,文华街道,学府家园,1380,1173,605.2,223.4,12.0,475.2,1083,90
2026-06-07,文华街道,学府家园,1380,1204,666.4,205.2,9.3,528.8,1125,79
2026-06-08,文华街道,学府家园,1380,1194,640.5,249.5,9.9,514.4,1084,110
2026-06-09,文华街道,学府家园,1380,1146,682.7,180.3,9.6,558.9,1048,98
2026-06-10,文华街道,学府家园,1380,1195,590.3,202.4,9.1,534.1,1132,63
2026-06-11,文华街道,学府家园,1380,1185,634.6,188.2,12.0,494.7,1106,79
2026-06-12,文华街道,学府家园,1380,1124,654.8,189.9,7.2,453.5,1073,51
2026-06-13,文华街道,学府家园,1380,1234,633.0,210.5,11.2,515.6,1159,75
2026-06-14,文华街道,学府家园,1380,1234,682.1,222.3,8.2,602.0,1128,106
2026-06-15,文华街道,学府家园,1380,1156,628.1,224.6,11.1,492.8,1054,102
2026-06-16,文华街道,学府家园,1380,1124,633.3,188.4,7.6,544.3,1019,105
2026-06-17,文华街道,学府家园,1380,1084,661.7,207.3,9.5,471.8,1038,46
2026-06-18,文华街道,学府家园,1380,1179,585.3,208.8,10.1,477.1,1060,119
2026-06-19,文华街道,学府家园,1380,1165,611.9,251.1,10.3,492.9,1142,23
2026-06-20,文华街道,学府家园,1380,1221,734.5,218.1,9.0,493.9,1166,55
2026-06-21,文华街道,学府家园,1380,1246,622.2,217.8,9.2,498.3,1201,45
2026-06-22,文华街道,学府家园,1380,1165,717.6,231.3,7.0,473.1,1057,108
2026-06-23,文华街道,学府家园,1380,1221,756.9,227.6,11.8,488.0,1209,12
2026-06-24,文华街道,学府家园,1380,1165,629.3,225.7,10.6,458.6,1090,75
2026-06-25,文华街道,学府家园,1380,1185,718.1,241.5,8.5,491.9,1131,54
2026-06-26,文华街道,学府家园,1380,1138,675.0,203.3,7.3,470.4,1050,88
2026-06-27,文华街道,学府家园,1380,1286,826.2,245.3,8.3,547.4,1204,82
2026-06-28,文华街道,学府家园,1380,1267,662.4,224.0,12.6,531.9,1149,118
2026-06-29,文华街道,学府家园,1380,1232,633.2,206.4,9.3,475.4,1112,120
2026-06-30,文华街道,学府家园,1380,1207,652.4,232.6,9.0,488.1,1167,40
2026-07-01,文华街道,学府家园,1380,1186,571.9,222.0,8.6,446.0,1098,88
2026-07-02,文华街道,学府家园,1380,1138,703.5,243.7,7.7,482.3,1060,78
2026-07-03,文华街道,学府家园,1380,1132,626.5,184.5,9.5,492.5,1073,59
2026-07-04,文华街道,学府家园,1380,1281,712.4,229.9,8.8,546.8,1217,64
2026-07-05,文华街道,学府家园,1380,1231,694.8,243.0,11.9,451.3,1131,100
2026-07-06,文华街道,学府家园,1380,1194,576.0,229.3,7.8,505.8,1124,70
2026-07-07,文华街道,学府家园,1380,1146,596.1,219.9,6.6,500.1,1054,92
2026-07-08,文华街道,学府家园,1380,1156,683.0,207.9,11.6,535.0,1068,88
2026-07-09,文华街道,学府家园,1380,1178,608.3,280.2,7.5,490.4,1115,63
2026-07-10,文华街道,学府家园,1380,1168,639.0,205.4,8.7,536.3,1107,61
2026-07-11,文华街道,学府家园,1380,1277,669.8,196.2,9.7,532.5,1172,105
2026-07-12,文华街道,学府家园,1380,1224,721.2,258.4,8.7,440.2,1181,43
2026-07-13,文华街道,学府家园,1380,1102,626.0,222.4,8.2,495.5,1012,90
2026-07-14,文华街道,学府家园,1380,1170,808.9,186.9,10.4,414.6,1094,76
2026-07-15,文华街道,学府家园,1380,1245,733.8,283.0,9.4,503.1,1172,73
2026-07-16,文华街道,学府家园,1380,1224,628.5,204.4,11.1,535.3,1141,83
2026-07-17,文华街道,学府家园,1380,1196,771.2,191.4,8.0,483.7,1164,32
2026-07-18,文华街道,学府家园,1380,1224,632.9,210.4,13.2,499.6,1117,107
2026-07-19,文华街道,学府家园,1380,1255,668.2,224.8,7.2,541.9,1186,69
2026-07-20,文华街道,学府家园,1380,1162,619.8,220.9,10.6,556.9,1073,89
2026-07-21,文华街道,学府家园,1380,1175,671.8,237.8,7.7,535.8,1109,66
2026-07-22,文华街道,学府家园,1380,1145,709.7,185.2,8.6,527.5,1117,28
2026-07-23,文华街道,学府家园,1380,1166,603.6,225.3,9.3,550.8,1118,48
2026-07-24,文华街道,学府家园,1380,1249,718.4,191.4,9.9,520.1,1163,86
2026-07-25,文华街道,学府家园,1380,1270,692.4,244.5,8.7,518.8,1228,42
2026-07-26,文华街道,学府家园,1380,1274,804.2,272.8,8.5,516.9,1183,91
2026-07-27,文华街道,学府家园,1380,1228,710.5,239.5,11.1,483.5,1189,39
2026-07-28,文华街道,学府家园,1380,1142,574.7,188.6,9.9,484.5,1089,53
2026-07-29,文华街道,学府家园,1380,1247,687.5,218.2,9.4,560.5,1169,78
2026-07-30,文华街道,学府家园,1380,1123,714.3,222.5,10.9,440.8,1006,117
2026-07-31,文华街道,学府家园,1380,1184,695.3,183.9,11.8,459.2,1105,79
2026-08-01,文华街道,学府家园,1380,1264,697.3,196.1,9.1,438.6,1240,24
2026-08-02,文华街道,学府家园,1380,1279,757.4,220.4,9.0,489.5,1225,54
2026-08-03,文华街道,学府家园,1380,1156,600.1,275.7,10.3,463.6,1149,7
2026-08-04,文华街道,学府家园,1380,1198,607.1,234.6,9.4,494.3,1151,47
2026-08-05,文华街道,学府家园,1380,1219,599.6,196.9,12.5,497.8,1178,41
2026-08-06,文华街道,学府家园,1380,1209,816.0,199.7,7.8,489.7,1181,28
2026-08-07,文华街道,学府家园,1380,1215,711.8,250.4,8.2,586.9,1160,55
2026-08-08,文华街道,学府家园,1380,1306,670.2,245.5,9.3,591.0,1261,45
2026-08-09,文华街道,学府家园,1380,1263,800.3,205.1,9.9,494.4,1178,85
2026-08-10,文华街道,学府家园,1380,1162,595.3,249.0,9.5,514.2,1107,55
2026-08-11,文华街道,学府家园,1380,1283,669.1,270.6,9.9,595.3,1245,38
2026-08-12,文华街道,学府家园,1380,1186,729.8,203.9,10.7,502.6,1118,68
2026-08-13,文华街道,学府家园,1380,1173,686.5,244.4,7.6,553.2,1136,37
2026-08-14,文华街道,学府家园,1380,1131,552.1,205.5,9.6,446.0,1078,53
2026-08-15,文华街道,学府家园,1380,1298,783.0,220.2,11.9,486.8,1272,26
2026-08-16,文华街道,学府家园,1380,1324,719.6,270.3,9.2,589.3,1283,41
2026-08-17,文华街道,学府家园,1380,1218,712.2,221.1,8.9,501.2,1173,45
2026-08-18,文华街道,学府家园,1380,1176,650.5,201.2,7.9,459.3,1170,6
2026-08-19,文华街道,学府家园,1380,1192,740.5,228.4,8.3,482.1,1119,73
2026-08-20,文华街道,学府家园,1380,1154,650.9,213.1,8.4,494.0,1110,44
2026-08-21,文华街道,学府家园,1380,1178,636.2,199.4,7.5,520.6,1150,28
2026-08-22,文华街道,学府家园,1380,1309,748.9,264.4,10.6,533.2,1267,42
2026-08-23,文华街道,学府家园,1380,1230,722.0,209.3,9.3,489.3,1191,39
2026-08-24,文华街道,学府家园,1380,1160,622.1,193.4,8.3,410.1,1048,112
2026-08-25,文华街道,学府家园,1380,1164,592.4,231.6,9.9,499.4,1096,68
2026-08-26,文华街道,学府家园,1380,1166,707.8,194.8,9.0,475.4,1126,40
2026-08-27,文华街道,学府家园,1380,1141,582.3,193.6,7.7,526.8,1076,65
2026-08-28,文华街道,学府家园,1380,1190,710.4,253.9,9.9,464.3,1147,43
2026-08-29,文华街道,学府家园,1380,1279,620.4,237.9,9.4,577.7,1166,113
2026-08-30,文华街道,学府家园,1380,1236,634.8,241.1,9.4,488.6,1182,54
2026-08-31,文华街道,学府家园,1380,1178,637.1,246.6,9.2,559.5,1145,33
2026-01-01,文华街道,梧桐里,370,283,131.9,50.4,2.2,102.6,259,24
2026-01-02,文华街道,梧桐里,370,294,192.7,62.6,2.4,126.9,255,39
2026-01-03,文华街道,梧桐里,370,296,154.1,55.5,2.2,127.9,254,42
2026-01-04,文华街道,梧桐里,370,324,178.8,60.5,2.5,123.4,269,55
2026-01-05,文华街道,梧桐里,370,290,140.6,50.8,2.7,114.9,263,27
2026-01-06,文华街道,梧桐里,370,279,153.5,46.8,2.0,119.4,242,37
2026-01-07,文华街道,梧桐里,370,284,136.5,51.8,3.2,127.5,262,22
2026-01-08,文华街道,梧桐里,370,315,166.2,53.6,2.6,136.3,270,45
2026-01-09,文华街道,梧桐里,370,321,167.5,61.9,2.3,154.8,287,34
2026-01-10,文华街道,梧桐里,370,329,169.6,57.6,2.4,139.6,287,42
2026-01-11,文华街道,梧桐里,370,313,154.6,47.6,2.7,146.5,267,46
2026-01-12,文华街道,梧桐里,370,274,131.9,53.8,1.6,111.0,228,46
2026-01-13,文华街道,梧桐里,370,285,160.7,41.9,1.8,125.3,251,34
2026-01-14,文华街道,梧桐里,370,284,148.0,47.5,2.3,113.2,236,48
2026-01-15,文华街道,梧桐里,370,285,144.1,44.9,2.2,102.8,233,52
2026-01-16,文华街道,梧桐里,370,305,176.3,56.6,3.2,125.9,248,57
2026-01-17,文华街道,梧桐里,370,317,184.2,46.3,2.0,112.0,280,37
2026-01-18,文华街道,梧桐里,370,316,181.4,53.2,2.3,120.3,289,27
2026-01-19,文华街道,梧桐里,370,293,176.7,47.8,2.2,136.8,257,36
2026-01-20,文华街道,梧桐里,370,314,171.6,48.6,2.0,138.8,261,53
2026-01-21,文华街道,梧桐里,370,310,151.1,51.6,2.7,133.2,270,40
2026-01-22,文华街道,梧桐里,370,280,161.0,44.3,2.1,122.6,237,43
2026-01-23,文华街道,梧桐里,370,285,164.5,49.3,2.0,126.4,250,35
2026-01-24,文华街道,梧桐里,370,339,197.2,54.5,2.3,127.3,297,42
2026-01-25,文华街道,梧桐里,370,308,177.8,57.1,2.9,137.1,258,50
2026-01-26,文华街道,梧桐里,370,325,162.4,68.4,2.8,151.3,283,42
2026-01-27,文华街道,梧桐里,370,287,173.9,48.3,1.5,129.7,234,53
2026-01-28,文华街道,梧桐里,370,307,164.2,51.6,1.7,126.5,281,26
2026-01-29,文华街道,梧桐里,370,289,164.4,52.9,2.1,121.2,256,33
2026-01-30,文华街道,梧桐里,370,272,136.6,44.0,2.3,117.1,242,30
2026-01-31,文华街道,梧桐里,370,331,173.7,62.3,2.2,131.8,296,35
2026-02-01,文华街道,梧桐里,370,330,201.1,63.4,3.2,155.8,299,31
2026-02-02,文华街道,梧桐里,370,268,150.3,41.8,2.5,108.2,232,36
2026-02-03,文华街道,梧桐里,370,286,141.0,59.6,2.4,116.8,265,21
2026-02-04,文华街道,梧桐里,370,287,166.3,57.4,2.8,116.0,255,32
2026-02-05,文华街道,梧桐里,370,304,163.8,51.9,2.3,122.9,269,35
2026-02-06,文华街道,梧桐里,370,258,112.3,46.2,2.0,110.1,219,39
2026-02-07,文华街道,梧桐里,370,315,161.4,65.4,2.5,123.4,274,41
2026-02-08,文华街道,梧桐里,370,333,201.7,74.5,2.3,154.9,284,49
2026-02-09,文华街道,梧桐里,370,297,152.7,53.8,2.0,106.3,261,36
2026-02-10,文华街道,梧桐里,370,295,156.4,51.9,2.7,131.1,258,37
2026-02-11,文华街道,梧桐里,370,301,177.7,56.4,3.2,120.4,256,45
2026-02-12,文华街道,梧桐里,370,282,166.0,38.0,2.2,125.0,267,15
2026-02-13,文华街道,梧桐里,370,282,156.8,41.5,2.8,127.5,248,34
2026-02-14,文华街道,梧桐里,370,298,157.3,55.5,2.4,123.4,269,29
2026-02-15,文华街道,梧桐里,370,305,185.9,59.3,2.6,121.4,262,43
2026-02-16,文华街道,梧桐里,370,296,173.9,54.3,2.0,110.7,272,24
2026-02-17,文华街道,梧桐里,370,306,175.7,64.6,2.6,133.0,284,22
2026-02-18,文华街道,梧桐里,370,328,159.9,57.7,2.6,133.5,280,48
2026-02-19,文华街道,梧桐里,370,311,180.6,51.7,2.9,140.7,278,33
2026-02-20,文华街道,梧桐里,370,303,157.4,60.2,2.2,117.2,254,49
2026-02-21,文华街道,梧桐里,370,299,162.8,58.5,2.1,129.6,262,37
2026-02-22,文华街道,梧桐里,370,320,170.8,55.1,1.9,133.3,281,39
2026-02-23,文华街道,梧桐里,370,304,155.4,54.3,2.1,138.0,273,31
2026-02-24,文华街道,梧桐里,370,298,154.9,55.9,2.2,129.5,260,38
2026-02-25,文华街道,梧桐里,370,301,168.9,59.2,2.3,96.4,247,54
2026-02-26,文华街道,梧桐里,370,281,178.2,48.6,2.3,113.5,246,35
2026-02-27,文华街道,梧桐里,370,300,183.2,54.9,2.0,122.0,262,38
2026-02-28,文华街道,梧桐里,370,322,173.7,60.6,2.9,139.9,280,42
2026-03-01,文华街道,梧桐里,370,309,172.5,64.2,2.3,125.5,279,30
2026-03-02,文华街道,梧桐里,370,276,151.9,48.1,2.5,110.1,258,18
2026-03-03,文华街道,梧桐里,370,288,143.3,53.9,2.7,131.7,258,30
2026-03-04,文华街道,梧桐里,370,296,159.2,51.4,2.1,113.7,273,23
2026-03-05,文华街道,梧桐里,370,268,155.3,47.6,1.4,124.2,222,46
2026-03-06,文华街道,梧桐里,370,300,180.6,62.2,3.1,133.0,264,36
2026-03-07,文华街道,梧桐里,370,330,171.0,63.7,2.7,159.0,297,33
2026-03-08,文华街道,梧桐里,370,327,178.7,64.8,3.0,154.4,280,47
2026-03-09,文华街道,梧桐里,370,298,172.7,52.3,2.2,122.7,264,34
2026-03-10,文华街道,梧桐里,370,310,177.8,51.9,2.7,122.4,272,38
2026-03-11,文华街道,梧桐里,370,312,200.2,49.7,2.1,134.4,273,39
2026-03-12,文华街道,梧桐里,370,312,161.9,54.6,2.1,119.3,257,55
2026-03-13,文华街道,梧桐里,370,298,175.2,51.8,2.3,112.2,250,48
2026-03-14,文华街道,梧桐里,370,305,170.9,55.8,2.3,117.8,277,28
2026-03-15,文华街道,梧桐里,370,291,167.8,51.3,2.2,135.0,268,23
2026-03-16,文华街道,梧桐里,370,281,149.0,49.2,2.9,108.9,242,39
2026-03-17,文华街道,梧桐里,370,301,165.4,50.3,2.5,104.8,268,33
2026-03-18,文华街道,梧桐里,370,282,156.3,44.2,1.7,125.1,255,27
2026-03-19,文华街道,梧桐里,370,290,143.1,52.0,1.9,119.3,257,33
2026-03-20,文华街道,梧桐里,370,286,154.6,47.8,2.1,103.2,257,29
2026-03-21,文华街道,梧桐里,370,306,164.9,58.8,2.7,127.6,257,49
2026-03-22,文华街道,梧桐里,370,325,206.6,57.7,2.6,163.5,290,35
2026-03-23,文华街道,梧桐里,370,307,176.1,42.7,2.4,131.3,265,42
2026-03-24,文华街道,梧桐里,370,289,162.5,56.0,2.3,114.7,262,27
2026-03-25,文华街道,梧桐里,370,286,149.7,50.0,3.0,123.8,250,36
2026-03-26,文华街道,梧桐里,370,275,150.2,52.4,1.7,106.2,247,28
2026-03-27,文华街道,梧桐里,370,292,139.1,59.1,2.6,128.9,264,28
2026-03-28,文华街道,梧桐里,370,327,193.5,57.8,2.6,154.9,289,38
2026-03-29,文华街道,梧桐里,370,323,183.7,61.4,3.3,155.3,285,38
2026-03-30,文华街道,梧桐里,370,311,186.6,49.5,2.4,137.1,288,23
2026-03-31,文华街道,梧桐里,370,303,163.3,54.7,1.9,132.3,277,26
2026-04-01,文华街道,梧桐里,370,304,164.3,55.1,2.3,144.9,288,16
2026-04-02,文华街道,梧桐里,370,315,206.7,59.4,2.2,127.2,280,35
2026-04-03,文华街道,梧桐里,370,281,161.2,43.9,3.4,100.4,243,38
2026-04-04,文华街道,梧桐里,370,327,173.5,56.7,2.6,127.3,298,29
2026-04-05,文华街道,梧桐里,370,321,169.6,56.1,3.2,134.5,288,33
2026-04-06,文华街道,梧桐里,370,277,153.2,59.3,2.3,116.7,232,45
2026-04-07,文华街道,梧桐里,370,295,154.8,52.4,2.7,138.1,261,34
2026-04-08,文华街道,梧桐里,370,294,157.2,57.6,1.8,112.9,260,34
2026-04-09,文华街道,梧桐里,370,289,162.1,42.2,1.9,120.8,242,47
2026-04-10,文华街道,梧桐里,370,308,167.9,55.7,2.6,122.4,275,33
2026-04-11,文华街道,梧桐里,370,325,187.6,66.0,2.7,154.2,286,39
2026-04-12,文华街道,梧桐里,370,315,185.8,56.8,2.7,143.2,289,26
2026-04-13,文华街道,梧桐里,370,323,177.9,59.1,2.4,140.6,297,26
2026-04-14,文华街道,梧桐里,370,287,173.6,42.1,2.0,131.4,258,29
2026-04-15,文华街道,梧桐里,370,302,176.6,53.6,3.1,124.0,277,25
2026-04-16,文华街道,梧桐里,370,310,184.4,53.4,1.6,136.4,285,25
2026-04-17,文华街道,梧桐里,370,324,162.9,68.8,2.7,128.0,292,32
2026-04-18,文华街道,梧桐里,370,318,175.8,55.3,2.4,140.5,275,43
2026-04-19,文华街道,梧桐里,370,306,177.3,46.8,2.5,115.2,287,19
2026-04-20,文华街道,梧桐里,370,304,159.2,54.1,2.5,118.4,289,15
2026-04-21,文华街道,梧桐里,370,297,164.4,49.6,2.8,102.2,260,37
2026-04-22,文华街道,梧桐里,370,302,158.4,59.0,3.4,123.3,273,29
2026-04-23,文华街道,梧桐里,370,302,169.1,57.0,2.1,118.3,270,32
2026-04-24,文华街道,梧桐里,370,294,186.1,58.9,2.8,129.4,276,18
2026-04-25,文华街道,梧桐里,370,336,192.7,63.4,2.2,152.9,318,18
2026-04-26,文华街道,梧桐里,370,325,176.3,57.8,3.2,137.0,299,26
2026-04-27,文华街道,梧桐里,370,286,144.0,61.1,2.3,118.7,255,31
2026-04-28,文华街道,梧桐里,370,277,177.7,49.7,2.5,112.8,251,26
2026-04-29,文华街道,梧桐里,370,304,167.9,50.5,3.3,124.1,278,26
2026-04-30,文华街道,梧桐里,370,296,168.5,50.4,2.6,115.6,271,25
2026-05-01,文华街道,梧桐里,370,306,138.9,54.9,3.2,145.2,273,33
2026-05-02,文华街道,梧桐里,370,331,172.2,64.3,2.8,130.3,283,48
2026-05-03,文华街道,梧桐里,370,354,197.2,79.7,3.3,138.1,309,45
2026-05-04,文华街道,梧桐里,370,320,166.5,63.0,2.0,126.8,290,30
2026-05-05,文华街道,梧桐里,370,310,167.9,57.2,2.2,127.3,275,35
2026-05-06,文华街道,梧桐里,370,303,189.8,52.6,2.5,117.1,284,19
2026-05-07,文华街道,梧桐里,370,314,169.2,57.7,2.3,128.0,301,13
2026-05-08,文华街道,梧桐里,370,297,190.4,53.5,2.4,146.8,273,24
2026-05-09,文华街道,梧桐里,370,327,179.4,69.9,2.4,145.2,298,29
2026-05-10,文华街道,梧桐里,370,349,219.1,66.2,2.8,138.0,326,23
2026-05-11,文华街道,梧桐里,370,281,138.9,46.0,2.2,120.1,244,37
2026-05-12,文华街道,梧桐里,370,309,169.0,54.6,2.9,121.9,275,34
2026-05-13,文华街道,梧桐里,370,288,152.7,40.6,2.3,105.7,257,31
2026-05-14,文华街道,梧桐里,370,298,151.0,55.0,2.0,118.7,280,18
2026-05-15,文华街道,梧桐里,370,307,168.9,53.4,2.6,140.3,291,16
2026-05-16,文华街道,梧桐里,370,333,169.4,58.6,3.3,127.2,308,25
2026-05-17,文华街道,梧桐里,370,317,182.1,53.2,2.3,118.8,294,23
2026-05-18,文华街道,梧桐里,370,298,162.5,53.1,1.8,119.0,276,22
2026-05-19,文华街道,梧桐里,370,307,157.0,62.4,3.2,132.5,279,28
2026-05-20,文华街道,梧桐里,370,313,172.3,51.9,1.8,148.4,277,36
2026-05-21,文华街道,梧桐里,370,312,168.2,55.4,2.6,115.6,277,35
2026-05-22,文华街道,梧桐里,370,289,175.9,43.0,2.2,128.9,267,22
2026-05-23,文华街道,梧桐里,370,319,174.6,64.1,2.9,123.8,296,23
2026-05-24,文华街道,梧桐里,370,320,182.8,53.3,1.9,152.1,282,38
2026-05-25,文华街道,梧桐里,370,303,160.9,56.7,2.1,145.5,267,36
2026-05-26,文华街道,梧桐里,370,284,159.2,53.2,2.8,109.8,242,42
2026-05-27,文华街道,梧桐里,370,323,181.0,57.9,3.1,138.8,292,31
2026-05-28,文华街道,梧桐里,370,298,161.7,58.4,2.4,124.5,261,37
2026-05-29,文华街道,梧桐里,370,296,160.5,54.0,2.3,117.1,255,41
2026-05-30,文华街道,梧桐里,370,304,174.4,55.4,2.3,120.9,288,16
2026-05-31,文华街道,梧桐里,370,300,167.1,56.5,2.3,120.1,269,31
2026-06-01,文华街道,梧桐里,370,313,176.8,54.0,2.4,147.1,271,42
2026-06-02,文华街道,梧桐里,370,329,176.9,63.4,1.8,121.7,300,29
2026-06-03,文华街道,梧桐里,370,310,175.0,64.4,2.6,112.8,280,30
2026-06-04,文华街道,梧桐里,370,312,160.9,53.3,2.8,126.4,272,40
2026-06-05,文华街道,梧桐里,370,313,179.7,61.1,2.5,113.6,269,44
2026-06-06,文华街道,梧桐里,370,316,181.8,57.4,3.1,121.9,289,27
2026-06-07,文华街道,梧桐里,370,320,190.7,53.6,2.3,119.6,306,14
2026-06-08,文华街道,梧桐里,370,289,149.3,54.1,2.5,122.7,262,27
2026-06-09,文华街道,梧桐里,370,303,189.7,60.6,3.1,130.5,276,27
2026-06-10,文华街道,梧桐里,370,297,178.5,52.3,2.6,136.3,266,31
2026-06-11,文华街道,梧桐里,370,320,194.6,56.8,2.1,118.9,279,41
2026-06-12,文华街道,梧桐里,370,305,192.7,62.7,2.4,126.2,283,22
2026-06-13,文华街道,梧桐里,370,311,180.7,55.1,2.3,122.1,277,34
2026-06-14,文华街道,梧桐里,370,347,176.0,69.3,2.8,142.9,312,35
2026-06-15,文华街道,梧桐里,370,308,151.3,60.0,2.8,122.8,288,20
2026-06-16,文华街道,梧桐里,370,322,166.3,60.2,2.1,150.2,281,41
2026-06-17,文华街道,梧桐里,370,300,172.1,45.5,3.4,114.4,273,27
2026-06-18,文华街道,梧桐里,370,294,157.7,55.6,2.8,130.9,266,28
2026-06-19,文华街道,梧桐里,370,309,153.4,68.4,2.8,113.6,278,31
2026-06-20,文华街道,梧桐里,370,314,172.3,56.8,2.0,133.3,283,31
2026-06-21,文华街道,梧桐里,370,307,190.8,61.8,2.6,114.3,288,19
2026-06-22,文华街道,梧桐里,370,289,161.4,61.6,2.1,115.8,266,23
2026-06-23,文华街道,梧桐里,370,313,163.8,49.4,2.1,117.8,290,23
2026-06-24,文华街道,梧桐里,370,300,170.7,48.0,2.3,108.8,271,29
2026-06-25,文华街道,梧桐里,370,315,163.9,60.5,1.8,163.8,288,27
2026-06-26,文华街道,梧桐里,370,318,172.8,50.1,2.5,145.9,302,16
2026-06-27,文华街道,梧桐里,370,316,176.9,54.4,2.9,132.7,293,23
2026-06-28,文华街道,梧桐里,370,322,168.8,60.4,3.2,131.1,299,23
2026-06-29,文华街道,梧桐里,370,293,140.9,54.0,1.9,123.4,265,28
2026-06-30,文华街道,梧桐里,370,311,204.1,60.4,2.5,134.1,280,31
2026-07-01,文华街道,梧桐里,370,306,185.8,58.3,2.5,137.3,292,14
2026-07-02,文华街道,梧桐里,370,306,144.3,62.7,3.3,124.3,282,24
2026-07-03,文华街道,梧桐里,370,304,165.3,57.6,2.8,124.0,281,23
2026-07-04,文华街道,梧桐里,370,333,190.3,57.2,2.2,159.0,315,18
2026-07-05,文华街道,梧桐里,370,339,181.6,63.9,2.6,134.1,300,39
2026-07-06,文华街道,梧桐里,370,297,169.3,46.1,3.7,126.2,269,28
2026-07-07,文华街道,梧桐里,370,306,159.2,53.2,2.9,115.1,287,19
2026-07-08,文华街道,梧桐里,370,307,164.7,55.6,2.5,116.2,288,19
2026-07-09,文华街道,梧桐里,370,293,162.4,48.9,3.0,139.6,273,20
2026-07-10,文华街道,梧桐里,370,275,140.5,53.3,2.3,125.1,254,21
2026-07-11,文华街道,梧桐里,370,313,172.8,50.9,3.4,134.7,286,27
2026-07-12,文华街道,梧桐里,370,303,191.9,57.6,2.8,127.1,286,17
2026-07-13,文华街道,梧桐里,370,312,149.8,56.1,2.5,143.5,289,23
2026-07-14,文华街道,梧桐里,370,307,179.9,48.1,2.6,130.5,281,26
2026-07-15,文华街道,梧桐里,370,302,170.2,48.7,2.2,119.9,280,22
2026-07-16,文华街道,梧桐里,370,293,178.4,60.1,2.4,111.3,272,21
2026-07-17,文华街道,梧桐里,370,303,164.7,55.8,2.0,124.8,282,21
2026-07-18,文华街道,梧桐里,370,309,175.2,59.4,2.3,143.7,286,23
2026-07-19,文华街道,梧桐里,370,315,169.1,52.6,2.0,140.9,292,23
2026-07-20,文华街道,梧桐里,370,296,161.5,59.5,1.9,119.1,265,31
2026-07-21,文华街道,梧桐里,370,297,167.8,58.5,2.8,103.7,281,16
2026-07-22,文华街道,梧桐里,370,299,139.9,59.4,2.0,133.3,288,11
2026-07-23,文华街道,梧桐里,370,269,151.5,53.5,2.6,123.9,242,27
2026-07-24,文华街道,梧桐里,370,305,158.3,63.9,2.5,135.5,290,15
2026-07-25,文华街道,梧桐里,370,322,210.7,59.4,2.2,150.1,298,24
2026-07-26,文华街道,梧桐里,370,324,189.1,51.3,1.9,160.6,290,34
2026-07-27,文华街道,梧桐里,370,304,187.1,49.9,2.6,126.1,285,19
2026-07-28,文华街道,梧桐里,370,305,163.4,50.2,2.4,121.2,286,19
2026-07-29,文华街道,梧桐里,370,277,166.6,46.8,2.2,124.7,271,6
2026-07-30,文华街道,梧桐里,370,330,180.1,71.3,2.5,137.0,309,21
2026-07-31,文华街道,梧桐里,370,311,159.1,51.1,2.4,147.7,289,22
2026-08-01,文华街道,梧桐里,370,351,196.0,55.9,3.3,140.6,332,19
2026-08-02,文华街道,梧桐里,370,347,206.4,58.6,3.4,127.0,330,17
2026-08-03,文华街道,梧桐里,370,326,168.4,58.2,2.3,125.2,301,25
2026-08-04,文华街道,梧桐里,370,303,172.3,61.2,2.5,136.5,275,28
2026-08-05,文华街道,梧桐里,370,308,159.1,56.5,2.6,134.0,289,19
2026-08-06,文华街道,梧桐里,370,322,168.4,51.0,2.8,125.1,286,36
2026-08-07,文华街道,梧桐里,370,309,175.0,45.4,2.4,138.9,291,18
2026-08-08,文华街道,梧桐里,370,324,186.6,55.0,2.5,127.7,305,19
2026-08-09,文华街道,梧桐里,370,355,213.1,79.9,2.7,146.8,326,29
2026-08-10,文华街道,梧桐里,370,301,170.2,52.8,2.4,121.6,287,14
2026-08-11,文华街道,梧桐里,370,303,153.5,55.0,2.5,132.2,280,23
2026-08-12,文华街道,梧桐里,370,308,151.6,52.1,2.5,137.3,278,30
2026-08-13,文华街道,梧桐里,370,302,164.6,49.3,2.3,131.3,290,12
2026-08-14,文华街道,梧桐里,370,305,174.6,52.1,2.5,126.8,265,40
2026-08-15,文华街道,梧桐里,370,316,189.2,60.8,2.5,131.6,296,20
2026-08-16,文华街道,梧桐里,370,317,170.5,60.8,2.7,114.1,295,22
2026-08-17,文华街道,梧桐里,370,311,149.1,60.1,2.7,134.4,293,18
2026-08-18,文华街道,梧桐里,370,306,162.9,56.5,2.7,124.0,269,37
2026-08-19,文华街道,梧桐里,370,292,149.3,50.9,2.4,117.4,291,1
2026-08-20,文华街道,梧桐里,370,297,167.5,51.6,2.2,137.6,277,20
2026-08-21,文华街道,梧桐里,370,310,174.9,66.3,2.3,137.1,298,12
2026-08-22,文华街道,梧桐里,370,341,182.1,56.5,2.7,142.3,315,26
2026-08-23,文华街道,梧桐里,370,336,185.2,72.5,2.2,144.3,322,14
2026-08-24,文华街道,梧桐里,370,323,167.0,55.4,2.2,132.0,293,30
2026-08-25,文华街道,梧桐里,370,304,155.5,54.7,2.8,129.0,292,12
2026-08-26,文华街道,梧桐里,370,311,162.9,49.6,2.1,132.8,300,11
2026-08-27,文华街道,梧桐里,370,313,186.4,58.3,3.0,142.8,295,18
2026-08-28,文华街道,梧桐里,370,317,180.9,52.0,2.8,145.2,303,14
2026-08-29,文华街道,梧桐里,370,306,167.3,57.3,2.7,135.9,293,13
2026-08-30,文华街道,梧桐里,370,337,193.3,59.5,2.5,150.4,323,14
2026-08-31,文华街道,梧桐里,370,321,171.3,68.1,4.0,149.5,290,31
2026-01-01,朝阳街道,阳光花园,799,632,327.9,119.6,5.4,250.7,545,87
2026-01-02,朝阳街道,阳光花园,799,651,310.5,136.1,5.5,297.2,565,86
2026-01-03,朝阳街道,阳光花园,799,720,399.1,101.2,5.3,271.0,602,118
2026-01-04,朝阳街道,阳光花园,799,734,406.8,124.0,5.3,334.3,611,123
2026-01-05,朝阳街道,阳光花园,799,679,389.8,127.3,4.3,298.9,578,101
2026-01-06,朝阳街道,阳光花园,799,643,387.4,137.4,4.7,268.2,545,98
2026-01-07,朝阳街道,阳光花园,799,684,422.9,113.6,5.4,299.2,574,110
2026-01-08,朝阳街道,阳光花园,799,661,350.1,106.3,4.7,249.4,566,95
2026-01-09,朝阳街道,阳光花园,799,662,372.2,114.6,4.9,292.8,553,109
2026-01-10,朝阳街道,阳光花园,799,706,379.4,100.4,5.3,288.6,591,115
2026-01-11,朝阳街道,阳光花园,799,718,354.3,144.2,5.5,306.7,601,117
2026-01-12,朝阳街道,阳光花园,799,663,365.1,129.2,5.4,304.5,551,112
2026-01-13,朝阳街道,阳光花园,799,667,389.1,134.9,4.6,282.7,594,73
2026-01-14,朝阳街道,阳光花园,799,676,408.4,136.6,5.0,296.8,600,76
2026-01-15,朝阳街道,阳光花园,799,692,378.7,118.7,5.1,257.7,555,137
2026-01-16,朝阳街道,阳光花园,799,636,343.3,117.0,5.0,291.8,538,98
2026-01-17,朝阳街道,阳光花园,799,706,380.0,144.4,5.1,269.4,624,82
2026-01-18,朝阳街道,阳光花园,799,705,404.3,122.0,6.4,299.3,617,88
2026-01-19,朝阳街道,阳光花园,799,679,417.5,125.6,6.5,251.9,564,115
2026-01-20,朝阳街道,阳光花园,799,661,345.3,88.5,5.5,315.9,538,123
2026-01-21,朝阳街道,阳光花园,799,685,383.5,126.8,7.0,261.6,583,102
2026-01-22,朝阳街道,阳光花园,799,634,337.4,131.1,7.3,281.9,537,97
2026-01-23,朝阳街道,阳光花园,799,652,297.4,136.8,5.2,292.8,578,74
2026-01-24,朝阳街道,阳光花园,799,702,404.3,128.3,4.6,276.4,605,97
2026-01-25,朝阳街道,阳光花园,799,728,430.2,130.0,6.4,296.3,623,105
2026-01-26,朝阳街道,阳光花园,799,670,415.3,125.0,5.0,279.8,549,121
2026-01-27,朝阳街道,阳光花园,799,678,357.4,133.8,6.7,278.2,606,72
2026-01-28,朝阳街道,阳光花园,799,652,370.3,118.9,4.5,300.2,553,99
2026-01-29,朝阳街道,阳光花园,799,644,343.9,117.6,4.4,277.9,569,75
2026-01-30,朝阳街道,阳光花园,799,664,392.5,114.9,3.9,281.4,563,101
2026-01-31,朝阳街道,阳光花园,799,709,356.3,121.5,4.5,296.8,601,108
2026-02-01,朝阳街道,阳光花园,799,692,369.8,138.7,6.7,280.3,586,106
2026-02-02,朝阳街道,阳光花园,799,636,356.6,102.9,5.1,264.0,556,80
2026-02-03,朝阳街道,阳光花园,799,654,363.7,110.1,5.0,312.8,566,88
2026-02-04,朝阳街道,阳光花园,799,671,342.7,131.6,6.9,288.4,557,114
2026-02-05,朝阳街道,阳光花园,799,644,351.6,101.3,4.4,249.9,542,102
2026-02-06,朝阳街道,阳光花园,799,670,345.7,116.4,4.3,284.8,597,73
2026-02-07,朝阳街道,阳光花园,799,701,417.7,156.5,6.1,312.4,612,89
2026-02-08,朝阳街道,阳光花园,799,680,456.1,106.2,5.3,313.9,598,82
2026-02-09,朝阳街道,阳光花园,799,655,396.3,147.3,5.3,258.7,542,113
2026-02-10,朝阳街道,阳光花园,799,624,353.7,107.5,6.3,248.5,562,62
2026-02-11,朝阳街道,阳光花园,799,648,302.6,98.2,4.1,235.4,559,89
2026-02-12,朝阳街道,阳光花园,799,613,310.0,102.6,4.7,250.1,529,84
2026-02-13,朝阳街道,阳光花园,799,640,421.8,118.9,5.6,290.3,550,90
2026-02-14,朝阳街道,阳光花园,799,719,342.1,136.4,6.6,311.6,634,85
2026-02-15,朝阳街道,阳光花园,799,697,395.9,109.5,5.5,288.4,607,90
2026-02-16,朝阳街道,阳光花园,799,672,317.4,114.2,5.8,313.0,563,109
2026-02-17,朝阳街道,阳光花园,799,653,375.9,130.0,5.7,232.6,585,68
2026-02-18,朝阳街道,阳光花园,799,658,372.8,115.2,4.3,313.9,555,103
2026-02-19,朝阳街道,阳光花园,799,646,357.4,121.1,5.2,285.4,558,88
2026-02-20,朝阳街道,阳光花园,799,636,364.9,124.5,4.5,290.1,556,80
2026-02-21,朝阳街道,阳光花园,799,707,376.7,149.9,4.8,336.3,599,108
2026-02-22,朝阳街道,阳光花园,799,721,357.0,132.1,7.1,320.9,637,84
2026-02-23,朝阳街道,阳光花园,799,669,332.3,124.9,6.2,288.7,605,64
2026-02-24,朝阳街道,阳光花园,799,697,411.8,123.7,7.7,337.2,628,69
2026-02-25,朝阳街道,阳光花园,799,644,390.0,122.4,4.0,296.2,561,83
2026-02-26,朝阳街道,阳光花园,799,660,363.6,100.1,4.6,274.0,558,102
2026-02-27,朝阳街道,阳光花园,799,637,323.9,103.5,4.9,266.9,531,106
2026-02-28,朝阳街道,阳光花园,799,687,389.4,99.5,6.1,271.5,584,103
2026-03-01,朝阳街道,阳光花园,799,745,404.8,136.7,5.1,323.8,641,104
2026-03-02,朝阳街道,阳光花园,799,651,338.5,126.8,5.0,280.6,580,71
2026-03-03,朝阳街道,阳光花园,799,624,373.0,116.1,4.7,286.4,525,99
2026-03-04,朝阳街道,阳光花园,799,670,322.8,117.5,4.7,278.9,585,85
2026-03-05,朝阳街道,阳光花园,799,679,322.2,111.6,4.2,270.2,598,81
2026-03-06,朝阳街道,阳光花园,799,661,337.2,102.8,6.5,265.7,572,89
2026-03-07,朝阳街道,阳光花园,799,728,400.5,153.4,4.1,299.5,607,121
2026-03-08,朝阳街道,阳光花园,799,704,334.1,142.5,5.6,277.3,605,99
2026-03-09,朝阳街道,阳光花园,799,662,392.2,133.9,5.1,323.0,580,82
2026-03-10,朝阳街道,阳光花园,799,632,334.1,109.7,4.1,281.2,538,94
2026-03-11,朝阳街道,阳光花园,799,633,376.7,107.6,5.3,276.6,554,79
2026-03-12,朝阳街道,阳光花园,799,638,351.2,119.0,6.0,269.2,544,94
2026-03-13,朝阳街道,阳光花园,799,644,364.7,115.9,5.0,238.4,519,125
2026-03-14,朝阳街道,阳光花园,799,722,466.0,127.2,5.4,341.4,645,77
2026-03-15,朝阳街道,阳光花园,799,735,430.9,139.2,6.5,264.9,646,89
2026-03-16,朝阳街道,阳光花园,799,666,361.0,142.4,5.6,261.4,562,104
2026-03-17,朝阳街道,阳光花园,799,709,404.3,133.5,7.2,299.2,606,103
2026-03-18,朝阳街道,阳光花园,799,633,387.1,104.4,3.7,270.3,550,83
2026-03-19,朝阳街道,阳光花园,799,671,317.1,124.6,4.6,299.7,589,82
2026-03-20,朝阳街道,阳光花园,799,661,352.8,124.8,5.2,270.4,573,88
2026-03-21,朝阳街道,阳光花园,799,712,383.1,129.1,6.7,277.9,628,84
2026-03-22,朝阳街道,阳光花园,799,712,393.3,143.5,4.9,263.9,609,103
2026-03-23,朝阳街道,阳光花园,799,671,329.7,141.2,7.0,275.1,560,111
2026-03-24,朝阳街道,阳光花园,799,656,327.6,121.2,5.8,291.8,571,85
2026-03-25,朝阳街道,阳光花园,799,652,391.4,119.7,4.9,283.3,575,77
2026-03-26,朝阳街道,阳光花园,799,710,394.6,117.3,6.1,291.7,593,117
2026-03-27,朝阳街道,阳光花园,799,676,309.1,115.9,5.3,269.6,599,77
2026-03-28,朝阳街道,阳光花园,799,714,450.2,132.4,4.6,330.7,631,83
2026-03-29,朝阳街道,阳光花园,799,761,377.4,133.9,6.4,328.8,693,68
2026-03-30,朝阳街道,阳光花园,799,662,352.3,119.1,4.1,244.0,566,96
2026-03-31,朝阳街道,阳光花园,799,658,354.3,97.1,4.4,270.6,569,89
2026-04-01,朝阳街道,阳光花园,799,680,389.5,116.1,4.8,361.3,599,81
2026-04-02,朝阳街道,阳光花园,799,681,376.2,123.2,6.9,279.1,570,111
2026-04-03,朝阳街道,阳光花园,799,648,326.9,125.2,5.4,268.7,572,76
2026-04-04,朝阳街道,阳光花园,799,673,369.0,110.3,4.8,335.5,590,83
2026-04-05,朝阳街道,阳光花园,799,685,464.0,144.1,4.5,279.5,586,99
2026-04-06,朝阳街道,阳光花园,799,657,422.6,96.7,5.4,264.1,542,115
2026-04-07,朝阳街道,阳光花园,799,643,385.4,114.2,4.5,246.0,564,79
2026-04-08,朝阳街道,阳光花园,799,677,365.5,140.2,4.6,268.4,603,74
2026-04-09,朝阳街道,阳光花园,799,686,430.1,163.3,5.7,282.7,572,114
2026-04-10,朝阳街道,阳光花园,799,689,390.0,105.3,5.3,292.6,580,109
2026-04-11,朝阳街道,阳光花园,799,702,377.7,121.7,5.3,343.6,626,76
2026-04-12,朝阳街道,阳光花园,799,689,416.4,126.9,5.5,291.7,632,57
2026-04-13,朝阳街道,阳光花园,799,654,375.2,125.8,4.4,269.7,573,81
2026-04-14,朝阳街道,阳光花园,799,661,416.8,116.3,4.9,292.6,583,78
2026-04-15,朝阳街道,阳光花园,799,645,309.9,136.6,5.1,293.1,559,86
2026-04-16,朝阳街道,阳光花园,799,711,472.5,138.0,4.8,285.9,617,94
2026-04-17,朝阳街道,阳光花园,799,663,374.5,135.8,4.5,257.0,564,99
2026-04-18,朝阳街道,阳光花园,799,737,440.6,158.1,6.2,319.8,661,76
2026-04-19,朝阳街道,阳光花园,799,725,400.3,123.5,5.2,297.9,654,71
2026-04-20,朝阳街道,阳光花园,799,635,333.4,143.9,6.2,272.6,547,88
2026-04-21,朝阳街道,阳光花园,799,655,410.7,136.4,5.9,260.8,572,83
2026-04-22,朝阳街道,阳光花园,799,658,385.9,117.0,7.2,264.0,581,77
2026-04-23,朝阳街道,阳光花园,799,664,351.0,140.2,5.0,282.0,565,99
2026-04-24,朝阳街道,阳光花园,799,651,364.7,128.8,5.1,228.0,605,46
2026-04-25,朝阳街道,阳光花园,799,710,367.2,127.7,5.1,290.4,619,91
2026-04-26,朝阳街道,阳光花园,799,719,414.2,138.0,5.7,266.5,633,86
2026-04-27,朝阳街道,阳光花园,799,667,367.0,119.1,5.1,286.9,565,102
2026-04-28,朝阳街道,阳光花园,799,697,355.5,142.2,6.1,312.9,611,86
2026-04-29,朝阳街道,阳光花园,799,661,410.6,106.7,5.1,313.1,591,70
2026-04-30,朝阳街道,阳光花园,799,656,348.6,115.9,3.9,269.2,537,119
2026-05-01,朝阳街道,阳光花园,799,649,319.1,110.4,5.5,271.5,554,95
2026-05-02,朝阳街道,阳光花园,799,713,391.1,128.1,6.3,300.3,616,97
2026-05-03,朝阳街道,阳光花园,799,728,355.0,107.0,5.4,300.1,614,114
2026-05-04,朝阳街道,阳光花园,799,693,365.4,116.1,6.6,310.6,630,63
2026-05-05,朝阳街道,阳光花园,799,654,345.4,112.2,5.8,287.9,574,80
2026-05-06,朝阳街道,阳光花园,799,669,365.3,112.2,5.0,280.8,580,89
2026-05-07,朝阳街道,阳光花园,799,677,368.6,108.8,5.0,263.5,612,65
2026-05-08,朝阳街道,阳光花园,799,661,359.1,105.5,5.6,276.9,582,79
2026-05-09,朝阳街道,阳光花园,799,738,424.0,135.0,6.3,324.5,642,96
2026-05-10,朝阳街道,阳光花园,799,765,437.1,158.6,6.3,311.7,713,52
2026-05-11,朝阳街道,阳光花园,799,682,379.8,125.6,4.6,275.4,609,73
2026-05-12,朝阳街道,阳光花园,799,666,369.0,115.4,6.8,294.3,570,96
2026-05-13,朝阳街道,阳光花园,799,666,370.7,123.3,5.4,295.7,597,69
2026-05-14,朝阳街道,阳光花园,799,673,353.2,126.3,4.7,287.9,584,89
2026-05-15,朝阳街道,阳光花园,799,678,370.6,119.4,5.3,328.5,620,58
2026-05-16,朝阳街道,阳光花园,799,702,424.7,129.8,6.8,277.8,625,77
2026-05-17,朝阳街道,阳光花园,799,718,337.9,139.6,5.4,297.7,650,68
2026-05-18,朝阳街道,阳光花园,799,667,371.9,113.9,5.2,276.1,582,85
2026-05-19,朝阳街道,阳光花园,799,660,384.1,105.1,4.9,324.2,599,61
2026-05-20,朝阳街道,阳光花园,799,657,366.6,118.2,6.9,271.7,589,68
2026-05-21,朝阳街道,阳光花园,799,668,355.0,134.2,4.8,226.9,541,127
2026-05-22,朝阳街道,阳光花园,799,705,410.4,138.1,4.4,267.2,594,111
2026-05-23,朝阳街道,阳光花园,799,722,400.3,135.4,4.4,303.7,626,96
2026-05-24,朝阳街道,阳光花园,799,696,424.7,131.7,4.7,342.4,615,81
2026-05-25,朝阳街道,阳光花园,799,674,393.7,139.9,5.3,283.9,593,81
2026-05-26,朝阳街道,阳光花园,799,680,372.6,137.6,5.9,276.0,587,93
2026-05-27,朝阳街道,阳光花园,799,630,372.0,121.4,5.7,281.2,524,106
2026-05-28,朝阳街道,阳光花园,799,682,380.7,124.2,5.4,303.4,597,85
2026-05-29,朝阳街道,阳光花园,799,679,434.7,120.1,6.2,287.9,585,94
2026-05-30,朝阳街道,阳光花园,799,715,391.0,120.6,6.1,257.2,637,78
2026-05-31,朝阳街道,阳光花园,799,726,385.5,119.5,4.9,312.5,642,84
2026-06-01,朝阳街道,阳光花园,799,662,359.9,110.1,3.6,269.3,577,85
2026-06-02,朝阳街道,阳光花园,799,650,388.9,120.0,6.3,265.9,559,91
2026-06-03,朝阳街道,阳光花园,799,693,347.3,120.6,5.8,288.7,659,34
2026-06-04,朝阳街道,阳光花园,799,650,361.5,105.0,7.5,283.2,573,77
2026-06-05,朝阳街道,阳光花园,799,671,362.1,101.6,4.5,327.4,581,90
2026-06-06,朝阳街道,阳光花园,799,742,391.9,131.3,5.9,316.9,646,96
2026-06-07,朝阳街道,阳光花园,799,702,333.4,147.6,6.8,347.1,624,78
2026-06-08,朝阳街道,阳光花园,799,643,316.9,122.8,5.9,285.5,589,54
2026-06-09,朝阳街道,阳光花园,799,670,394.8,129.9,5.1,270.9,546,124
2026-06-10,朝阳街道,阳光花园,799,659,346.8,105.7,5.1,276.9,594,65
2026-06-11,朝阳街道,阳光花园,799,670,395.2,93.6,4.5,291.9,586,84
2026-06-12,朝阳街道,阳光花园,799,691,388.6,131.0,6.4,304.7,601,90
2026-06-13,朝阳街道,阳光花园,799,709,320.5,152.7,4.8,306.2,602,107
2026-06-14,朝阳街道,阳光花园,799,696,364.1,127.3,5.7,272.4,618,78
2026-06-15,朝阳街道,阳光花园,799,672,339.5,114.1,7.1,247.3,614,58
2026-06-16,朝阳街道,阳光花园,799,669,353.2,112.0,3.8,242.9,595,74
2026-06-17,朝阳街道,阳光花园,799,710,374.7,169.0,6.5,275.9,639,71
2026-06-18,朝阳街道,阳光花园,799,685,375.7,148.1,5.0,288.3,591,94
2026-06-19,朝阳街道,阳光花园,799,671,408.8,107.6,4.6,259.2,590,81
2026-06-20,朝阳街道,阳光花园,799,713,390.6,116.9,4.6,280.5,665,48
2026-06-21,朝阳街道,阳光花园,799,698,388.3,146.9,5.4,265.6,598,100
2026-06-22,朝阳街道,阳光花园,799,651,359.2,99.9,5.6,254.0,596,55
2026-06-23,朝阳街道,阳光花园,799,674,370.4,111.8,4.9,293.8,565,109
2026-06-24,朝阳街道,阳光花园,799,667,369.5,124.0,4.8,319.5,570,97
2026-06-25,朝阳街道,阳光花园,799,622,342.3,123.4,4.7,224.6,546,76
2026-06-26,朝阳街道,阳光花园,799,677,406.0,120.5,5.5,263.3,565,112
2026-06-27,朝阳街道,阳光花园,799,751,421.8,128.7,6.6,325.6,650,101
2026-06-28,朝阳街道,阳光花园,799,707,362.6,117.0,5.5,315.1,633,74
2026-06-29,朝阳街道,阳光花园,799,654,373.4,123.8,6.6,266.6,578,76
2026-06-30,朝阳街道,阳光花园,799,660,322.4,102.4,5.1,267.5,567,93
2026-07-01,朝阳街道,阳光花园,799,666,292.6,142.2,6.4,290.6,582,84
2026-07-02,朝阳街道,阳光花园,799,662,352.2,108.0,5.1,218.6,593,69
2026-07-03,朝阳街道,阳光花园,799,643,312.6,110.1,5.1,248.1,559,84
2026-07-04,朝阳街道,阳光花园,799,711,424.5,127.2,4.7,295.5,606,105
2026-07-05,朝阳街道,阳光花园,799,729,335.6,127.3,6.8,338.1,642,87
2026-07-06,朝阳街道,阳光花园,799,689,358.6,112.3,5.5,314.0,611,78
2026-07-07,朝阳街道,阳光花园,799,696,382.0,130.7,5.3,260.3,617,79
2026-07-08,朝阳街道,阳光花园,799,669,391.2,136.5,5.5,256.4,606,63
2026-07-09,朝阳街道,阳光花园,799,670,387.7,149.1,6.6,321.8,610,60
2026-07-10,朝阳街道,阳光花园,799,682,409.0,138.8,5.5,286.5,585,97
2026-07-11,朝阳街道,阳光花园,799,733,467.3,119.6,5.0,288.1,652,81
2026-07-12,朝阳街道,阳光花园,799,735,427.6,114.5,5.5,371.3,659,76
2026-07-13,朝阳街道,阳光花园,799,682,368.8,134.9,4.9,276.3,635,47
2026-07-14,朝阳街道,阳光花园,799,670,373.0,117.6,5.6,228.6,606,64
2026-07-15,朝阳街道,阳光花园,799,675,409.4,104.4,6.2,247.8,600,75
2026-07-16,朝阳街道,阳光花园,799,672,299.2,140.6,4.1,265.1,631,41
2026-07-17,朝阳街道,阳光花园,799,661,342.4,118.2,4.9,275.6,572,89
2026-07-18,朝阳街道,阳光花园,799,728,382.8,126.9,5.6,339.4,657,71
2026-07-19,朝阳街道,阳光花园,799,686,385.6,143.5,5.8,267.9,620,66
2026-07-20,朝阳街道,阳光花园,799,673,375.5,105.8,5.0,275.9,596,77
2026-07-21,朝阳街道,阳光花园,799,700,401.1,156.6,6.3,292.6,625,75
2026-07-22,朝阳街道,阳光花园,799,639,344.9,115.0,5.6,261.1,574,65
2026-07-23,朝阳街道,阳光花园,799,677,367.0,140.9,5.5,352.8,617,60
2026-07-24,朝阳街道,阳光花园,799,673,346.4,142.8,5.0,308.0,600,73
2026-07-25,朝阳街道,阳光花园,799,732,369.2,137.3,6.7,264.0,677,55
2026-07-26,朝阳街道,阳光花园,799,713,409.2,140.9,5.3,288.7,625,88
2026-07-27,朝阳街道,阳光花园,799,652,383.3,122.4,4.4,269.2,574,78
2026-07-28,朝阳街道,阳光花园,799,713,444.7,155.8,5.5,230.0,617,96
2026-07-29,朝阳街道,阳光花园,799,692,406.4,125.8,5.1,289.9,627,65
2026-07-30,朝阳街道,阳光花园,799,623,368.7,103.1,5.3,268.1,567,56
2026-07-31,朝阳街道,阳光花园,799,692,387.4,110.7,5.2,283.8,601,91
2026-08-01,朝阳街道,阳光花园,799,713,306.6,135.3,5.7,292.8,634,79
2026-08-02,朝阳街道,阳光花园,799,739,449.7,157.7,6.0,313.6,657,82
2026-08-03,朝阳街道,阳光花园,799,694,375.4,116.2,4.5,259.7,608,86
2026-08-04,朝阳街道,阳光花园,799,675,341.2,107.0,4.9,274.6,600,75
2026-08-05,朝阳街道,阳光花园,799,646,331.1,104.4,4.8,273.6,564,82
2026-08-06,朝阳街道,阳光花园,799,671,362.7,114.3,5.2,273.3,615,56
2026-08-07,朝阳街道,阳光花园,799,672,372.5,107.1,5.8,277.2,618,54
2026-08-08,朝阳街道,阳光花园,799,739,411.0,129.6,6.4,300.5,672,67
2026-08-09,朝阳街道,阳光花园,799,736,475.6,118.0,5.3,306.5,655,81
2026-08-10,朝阳街道,阳光花园,799,665,421.8,129.7,6.3,279.3,604,61
2026-08-11,朝阳街道,阳光花园,799,663,351.6,148.6,4.4,268.1,582,81
2026-08-12,朝阳街道,阳光花园,799,674,426.9,101.3,4.7,320.9,575,99
2026-08-13,朝阳街道,阳光花园,799,667,344.8,107.6,6.2,282.4,597,70
2026-08-14,朝阳街道,阳光花园,799,657,348.5,128.5,4.3,290.5,592,65
2026-08-15,朝阳街道,阳光花园,799,720,478.7,127.3,4.3,343.7,659,61
2026-08-16,朝阳街道,阳光花园,799,709,386.1,135.4,6.6,309.8,610,99
2026-08-17,朝阳街道,阳光花园,799,712,397.8,154.8,5.5,268.1,629,83
2026-08-18,朝阳街道,阳光花园,799,697,338.5,123.5,5.1,275.4,624,73
2026-08-19,朝阳街道,阳光花园,799,676,331.6,126.9,4.6,313.3,607,69
2026-08-20,朝阳街道,阳光花园,799,678,333.4,123.3,5.6,279.9,576,102
2026-08-21,朝阳街道,阳光花园,799,688,357.2,148.7,4.9,313.5,573,115
2026-08-22,朝阳街道,阳光花园,799,688,500.3,133.7,6.9,314.7,584,104
2026-08-23,朝阳街道,阳光花园,799,703,406.4,125.8,6.1,290.1,628,75
2026-08-24,朝阳街道,阳光花园,799,659,410.5,136.9,4.3,275.4,582,77
2026-08-25,朝阳街道,阳光花园,799,655,359.7,106.4,6.1,250.1,584,71
2026-08-26,朝阳街道,阳光花园,799,637,328.5,121.3,4.2,263.2,586,51
2026-08-27,朝阳街道,阳光花园,799,680,361.5,117.7,5.4,301.5,597,83
2026-08-28,朝阳街道,阳光花园,799,636,372.3,105.3,4.5,268.4,587,49
2026-08-29,朝阳街道,阳光花园,799,739,430.6,127.4,4.8,278.0,657,82
2026-08-30,朝阳街道,阳光花园,799,712,430.7,144.7,6.3,274.2,644,68
2026-08-31,朝阳街道,阳光花园,799,662,343.6,110.6,4.5,258.9,602,60
2026-01-01,朝阳街道,朝阳新村,490,343,148.1,65.7,2.8,144.4,299,44
2026-01-02,朝阳街道,朝阳新村,490,364,210.9,80.2,2.9,143.9,311,53
2026-01-03,朝阳街道,朝阳新村,490,394,211.1,68.3,3.5,161.7,335,59
2026-01-04,朝阳街道,朝阳新村,490,400,237.1,74.0,3.2,179.9,333,67
2026-01-05,朝阳街道,朝阳新村,490,368,205.5,66.6,3.6,161.5,321,47
2026-01-06,朝阳街道,朝阳新村,490,371,196.3,74.7,2.9,146.8,308,63
2026-01-07,朝阳街道,朝阳新村,490,359,201.3,72.0,3.5,139.2,314,45
2026-01-08,朝阳街道,朝阳新村,490,377,203.9,75.8,2.7,186.0,335,42
2026-01-09,朝阳街道,朝阳新村,490,361,213.0,70.2,2.3,162.8,326,35
2026-01-10,朝阳街道,朝阳新村,490,378,224.7,69.2,2.9,148.1,325,53
2026-01-11,朝阳街道,朝阳新村,490,399,247.3,71.6,3.0,176.1,356,43
2026-01-12,朝阳街道,朝阳新村,490,325,196.4,59.5,2.7,141.6,278,47
2026-01-13,朝阳街道,朝阳新村,490,328,175.2,62.3,2.6,136.2,287,41
2026-01-14,朝阳街道,朝阳新村,490,381,197.0,66.9,2.8,158.9,348,33
2026-01-15,朝阳街道,朝阳新村,490,378,216.4,73.3,3.5,150.7,332,46
2026-01-16,朝阳街道,朝阳新村,490,364,182.9,59.9,2.8,170.9,327,37
2026-01-17,朝阳街道,朝阳新村,490,397,200.0,74.9,4.2,171.8,358,39
2026-01-18,朝阳街道,朝阳新村,490,400,242.0,71.6,2.8,166.0,345,55
2026-01-19,朝阳街道,朝阳新村,490,391,235.5,66.4,2.9,145.6,341,50
2026-01-20,朝阳街道,朝阳新村,490,358,198.7,62.5,2.9,179.5,323,35
2026-01-21,朝阳街道,朝阳新村,490,363,199.8,50.9,2.4,134.6,326,37
2026-01-22,朝阳街道,朝阳新村,490,347,219.2,61.3,2.4,148.5,310,37
2026-01-23,朝阳街道,朝阳新村,490,348,193.4,47.4,3.0,165.5,303,45
2026-01-24,朝阳街道,朝阳新村,490,397,216.5,79.1,2.8,166.8,339,58
2026-01-25,朝阳街道,朝阳新村,490,395,241.7,76.1,2.7,184.6,341,54
2026-01-26,朝阳街道,朝阳新村,490,370,196.8,58.9,2.5,149.9,321,49
2026-01-27,朝阳街道,朝阳新村,490,347,207.5,58.2,2.3,145.6,305,42
2026-01-28,朝阳街道,朝阳新村,490,386,252.3,66.4,3.2,182.8,345,41
2026-01-29,朝阳街道,朝阳新村,490,349,196.6,72.9,3.2,142.9,296,53
2026-01-30,朝阳街道,朝阳新村,490,356,198.2,71.0,2.9,160.1,308,48
2026-01-31,朝阳街道,朝阳新村,490,388,192.1,68.3,3.5,146.1,331,57
2026-02-01,朝阳街道,朝阳新村,490,378,198.8,70.5,2.6,165.2,326,52
2026-02-02,朝阳街道,朝阳新村,490,385,212.4,60.4,2.6,176.3,341,44
2026-02-03,朝阳街道,朝阳新村,490,358,220.4,53.6,2.2,149.4,307,51
2026-02-04,朝阳街道,朝阳新村,490,343,185.8,66.1,2.6,132.3,310,33
2026-02-05,朝阳街道,朝阳新村,490,345,196.7,66.5,3.2,151.0,293,52
2026-02-06,朝阳街道,朝阳新村,490,336,195.9,56.3,2.6,161.2,292,44
2026-02-07,朝阳街道,朝阳新村,490,378,205.1,60.8,3.7,152.0,341,37
2026-02-08,朝阳街道,朝阳新村,490,404,235.6,74.4,3.7,174.6,342,62
2026-02-09,朝阳街道,朝阳新村,490,377,194.8,66.2,2.6,150.0,327,50
2026-02-10,朝阳街道,朝阳新村,490,351,162.1,62.0,3.0,152.7,309,42
2026-02-11,朝阳街道,朝阳新村,490,354,188.0,56.0,2.2,145.5,305,49
2026-02-12,朝阳街道,朝阳新村,490,358,197.8,54.4,2.6,147.2,329,29
2026-02-13,朝阳街道,朝阳新村,490,351,183.9,67.4,2.9,165.2,305,46
2026-02-14,朝阳街道,朝阳新村,490,396,210.6,64.0,3.3,170.2,360,36
2026-02-15,朝阳街道,朝阳新村,490,381,219.1,82.5,2.6,133.4,348,33
2026-02-16,朝阳街道,朝阳新村,490,348,191.4,57.4,2.8,138.6,315,33
2026-02-17,朝阳街道,朝阳新村,490,375,204.6,74.5,2.8,163.7,319,56
2026-02-18,朝阳街道,朝阳新村,490,375,214.5,85.1,3.2,188.0,338,37
2026-02-19,朝阳街道,朝阳新村,490,356,184.4,64.9,4.3,154.7,318,38
2026-02-20,朝阳街道,朝阳新村,490,334,174.3,60.5,2.9,140.3,299,35
2026-02-21,朝阳街道,朝阳新村,490,404,257.8,76.1,3.0,160.2,356,48
2026-02-22,朝阳街道,朝阳新村,490,387,218.9,61.2,3.5,169.9,338,49
2026-02-23,朝阳街道,朝阳新村,490,357,216.5,72.7,2.3,139.1,317,40
2026-02-24,朝阳街道,朝阳新村,490,351,217.8,68.0,3.0,150.8,310,41
2026-02-25,朝阳街道,朝阳新村,490,379,198.2,59.7,2.9,138.1,337,42
2026-02-26,朝阳街道,朝阳新村,490,329,191.2,56.4,3.4,145.9,298,31
2026-02-27,朝阳街道,朝阳新村,490,378,206.6,84.5,3.1,133.5,343,35
2026-02-28,朝阳街道,朝阳新村,490,367,222.4,67.2,3.1,148.3,317,50
2026-03-01,朝阳街道,朝阳新村,490,378,229.8,69.2,2.9,188.0,341,37
2026-03-02,朝阳街道,朝阳新村,490,381,217.1,66.2,2.5,149.4,334,47
2026-03-03,朝阳街道,朝阳新村,490,350,214.4,69.2,3.3,136.7,301,49
2026-03-04,朝阳街道,朝阳新村,490,340,176.7,57.6,2.5,142.9,301,39
2026-03-05,朝阳街道,朝阳新村,490,355,192.1,71.2,3.2,134.8,319,36
2026-03-06,朝阳街道,朝阳新村,490,320,176.0,58.8,1.9,145.1,301,19
2026-03-07,朝阳街道,朝阳新村,490,372,237.3,58.9,2.3,149.0,337,35
2026-03-08,朝阳街道,朝阳新村,490,394,219.5,67.6,3.4,147.0,355,39
2026-03-09,朝阳街道,朝阳新村,490,362,190.0,67.8,2.9,151.2,323,39
2026-03-10,朝阳街道,朝阳新村,490,382,190.9,65.1,3.0,160.6,351,31
2026-03-11,朝阳街道,朝阳新村,490,339,209.0,53.6,3.0,147.2,301,38
2026-03-12,朝阳街道,朝阳新村,490,342,191.2,72.4,3.1,136.4,319,23
2026-03-13,朝阳街道,朝阳新村,490,374,200.1,63.2,2.8,165.5,335,39
2026-03-14,朝阳街道,朝阳新村,490,380,191.5,61.2,2.5,155.5,337,43
2026-03-15,朝阳街道,朝阳新村,490,392,271.9,67.4,2.7,148.4,345,47
2026-03-16,朝阳街道,朝阳新村,490,353,211.1,69.0,3.1,136.2,311,42
2026-03-17,朝阳街道,朝阳新村,490,354,186.8,57.4,3.0,148.7,316,38
2026-03-18,朝阳街道,朝阳新村,490,359,205.2,58.2,2.5,153.4,315,44
2026-03-19,朝阳街道,朝阳新村,490,370,217.7,69.8,2.6,155.3,345,25
2026-03-20,朝阳街道,朝阳新村,490,325,190.2,48.5,2.6,127.7,295,30
2026-03-21,朝阳街道,朝阳新村,490,377,188.2,68.4,3.0,146.4,329,48
2026-03-22,朝阳街道,朝阳新村,490,383,201.1,64.2,2.4,162.7,346,37
2026-03-23,朝阳街道,朝阳新村,490,376,209.5,64.7,3.6,139.6,343,33
2026-03-24,朝阳街道,朝阳新村,490,349,174.3,63.6,2.4,150.8,318,31
2026-03-25,朝阳街道,朝阳新村,490,355,202.4,51.2,2.7,146.4,318,37
2026-03-26,朝阳街道,朝阳新村,490,381,182.3,78.2,2.9,156.8,337,44
2026-03-27,朝阳街道,朝阳新村,490,390,214.2,63.6,4.1,165.1,337,53
2026-03-28,朝阳街道,朝阳新村,490,392,231.8,86.2,3.0,158.5,358,34
2026-03-29,朝阳街道,朝阳新村,490,375,206.3,63.3,2.9,166.2,325,50
2026-03-30,朝阳街道,朝阳新村,490,327,187.2,55.5,3.3,152.2,294,33
2026-03-31,朝阳街道,朝阳新村,490,373,180.5,62.1,3.3,180.4,343,30
2026-04-01,朝阳街道,朝阳新村,490,381,181.4,72.6,2.9,145.6,344,37
2026-04-02,朝阳街道,朝阳新村,490,371,229.9,64.4,3.3,160.0,327,44
2026-04-03,朝阳街道,朝阳新村,490,347,173.3,54.5,2.3,147.8,314,33
2026-04-04,朝阳街道,朝阳新村,490,393,218.6,65.6,3.6,187.1,346,47
2026-04-05,朝阳街道,朝阳新村,490,380,206.9,73.7,2.3,152.1,336,44
2026-04-06,朝阳街道,朝阳新村,490,373,194.2,66.7,3.4,137.6,332,41
2026-04-07,朝阳街道,朝阳新村,490,338,188.3,62.9,2.4,140.8,307,31
2026-04-08,朝阳街道,朝阳新村,490,361,221.6,64.9,2.7,148.7,327,34
2026-04-09,朝阳街道,朝阳新村,490,366,219.8,66.9,3.3,150.2,346,20
2026-04-10,朝阳街道,朝阳新村,490,355,203.5,69.8,2.9,164.6,305,50
2026-04-11,朝阳街道,朝阳新村,490,376,194.8,65.2,2.7,152.3,337,39
2026-04-12,朝阳街道,朝阳新村,490,390,223.7,62.1,4.2,172.1,329,61
2026-04-13,朝阳街道,朝阳新村,490,325,205.6,63.9,2.9,132.9,288,37
2026-04-14,朝阳街道,朝阳新村,490,371,207.8,68.3,3.1,140.0,330,41
2026-04-15,朝阳街道,朝阳新村,490,339,226.9,61.8,2.0,131.5,320,19
2026-04-16,朝阳街道,朝阳新村,490,372,197.3,68.6,2.0,155.6,339,33
2026-04-17,朝阳街道,朝阳新村,490,338,181.8,66.2,3.0,130.6,292,46
2026-04-18,朝阳街道,朝阳新村,490,396,209.9,81.7,3.0,164.1,351,45
2026-04-19,朝阳街道,朝阳新村,490,381,210.1,58.1,3.0,183.3,335,46
2026-04-20,朝阳街道,朝阳新村,490,362,209.4,76.8,4.2,160.2,335,27
2026-04-21,朝阳街道,朝阳新村,490,340,200.4,56.3,2.6,130.0,312,28
2026-04-22,朝阳街道,朝阳新村,490,380,196.4,58.4,3.7,163.0,307,73
2026-04-23,朝阳街道,朝阳新村,490,360,220.3,69.7,2.9,148.2,312,48
2026-04-24,朝阳街道,朝阳新村,490,372,209.6,71.4,3.1,162.1,330,42
2026-04-25,朝阳街道,朝阳新村,490,401,209.7,63.5,3.4,163.0,369,32
2026-04-26,朝阳街道,朝阳新村,490,399,195.0,71.3,2.6,183.7,354,45
2026-04-27,朝阳街道,朝阳新村,490,352,173.8,58.4,3.2,145.7,317,35
2026-04-28,朝阳街道,朝阳新村,490,330,166.6,57.1,2.6,142.3,275,55
2026-04-29,朝阳街道,朝阳新村,490,371,230.5,65.8,2.6,172.5,338,33
2026-04-30,朝阳街道,朝阳新村,490,354,191.2,60.7,2.5,142.3,324,30
2026-05-01,朝阳街道,朝阳新村,490,351,176.9,52.0,3.0,166.6,324,27
2026-05-02,朝阳街道,朝阳新村,490,373,237.0,72.3,3.5,166.9,344,29
2026-05-03,朝阳街道,朝阳新村,490,372,199.2,54.0,2.5,169.9,338,34
2026-05-04,朝阳街道,朝阳新村,490,358,209.8,63.6,2.7,161.8,336,22
2026-05-05,朝阳街道,朝阳新村,490,359,222.2,69.2,3.4,154.4,300,59
2026-05-06,朝阳街道,朝阳新村,490,338,195.3,58.0,2.3,137.2,310,28
2026-05-07,朝阳街道,朝阳新村,490,371,250.1,72.9,2.7,162.7,316,55
2026-05-08,朝阳街道,朝阳新村,490,358,168.4,48.7,2.9,157.5,326,32
2026-05-09,朝阳街道,朝阳新村,490,404,228.4,60.0,4.4,161.6,359,45
2026-05-10,朝阳街道,朝阳新村,490,435,273.6,75.5,3.2,171.3,399,36
2026-05-11,朝阳街道,朝阳新村,490,336,255.0,56.6,2.3,134.3,301,35
2026-05-12,朝阳街道,朝阳新村,490,367,221.5,63.7,3.4,152.3,341,26
2026-05-13,朝阳街道,朝阳新村,490,363,186.6,65.0,2.4,176.0,313,50
2026-05-14,朝阳街道,朝阳新村,490,372,237.4,64.9,2.9,171.4,347,25
2026-05-15,朝阳街道,朝阳新村,490,331,188.7,60.7,2.3,134.6,323,8
2026-05-16,朝阳街道,朝阳新村,490,355,204.6,64.0,2.9,154.8,323,32
2026-05-17,朝阳街道,朝阳新村,490,408,222.0,71.6,2.6,175.8,369,39
2026-05-18,朝阳街道,朝阳新村,490,356,180.5,61.3,3.4,128.9,331,25
2026-05-19,朝阳街道,朝阳新村,490,367,209.3,69.1,4.0,156.9,333,34
2026-05-20,朝阳街道,朝阳新村,490,358,180.5,58.5,2.8,155.6,333,25
2026-05-21,朝阳街道,朝阳新村,490,360,202.4,68.4,2.8,170.5,308,52
2026-05-22,朝阳街道,朝阳新村,490,343,181.0,65.7,2.1,126.2,308,35
2026-05-23,朝阳街道,朝阳新村,490,384,204.1,70.0,3.4,178.6,360,24
2026-05-24,朝阳街道,朝阳新村,490,400,253.4,72.3,2.8,154.9,360,40
2026-05-25,朝阳街道,朝阳新村,490,377,195.8,67.2,2.4,168.0,333,44
2026-05-26,朝阳街道,朝阳新村,490,356,190.8,72.5,2.9,167.4,323,33
2026-05-27,朝阳街道,朝阳新村,490,396,188.0,75.0,2.2,161.5,342,54
2026-05-28,朝阳街道,朝阳新村,490,325,192.6,64.3,2.3,151.8,301,24
2026-05-29,朝阳街道,朝阳新村,490,347,189.2,54.4,3.0,145.1,323,24
2026-05-30,朝阳街道,朝阳新村,490,399,246.7,75.5,3.7,152.6,373,26
2026-05-31,朝阳街道,朝阳新村,490,333,185.4,58.9,3.3,152.6,293,40
2026-06-01,朝阳街道,朝阳新村,490,316,173.2,57.4,2.2,122.5,285,31
2026-06-02,朝阳街道,朝阳新村,490,354,185.4,69.2,2.9,166.1,324,30
2026-06-03,朝阳街道,朝阳新村,490,355,200.9,57.6,3.7,169.0,329,26
2026-06-04,朝阳街道,朝阳新村,490,364,187.1,76.3,3.0,131.9,341,23
2026-06-05,朝阳街道,朝阳新村,490,387,211.5,62.1,3.6,156.0,352,35
2026-06-06,朝阳街道,朝阳新村,490,404,229.3,76.6,2.9,195.4,370,34
2026-06-07,朝阳街道,朝阳新村,490,387,230.6,71.0,3.6,177.9,356,31
2026-06-08,朝阳街道,朝阳新村,490,339,176.5,74.4,2.7,135.3,302,37
2026-06-09,朝阳街道,朝阳新村,490,342,179.7,64.0,2.3,133.4,304,38
2026-06-10,朝阳街道,朝阳新村,490,362,232.7,54.7,2.3,156.9,336,26
2026-06-11,朝阳街道,朝阳新村,490,365,228.1,67.4,3.3,149.0,308,57
2026-06-12,朝阳街道,朝阳新村,490,358,205.4,62.9,2.5,139.3,320,38
2026-06-13,朝阳街道,朝阳新村,490,414,247.9,64.9,2.9,167.4,373,41
2026-06-14,朝阳街道,朝阳新村,490,376,177.5,66.0,2.8,139.7,336,40
2026-06-15,朝阳街道,朝阳新村,490,358,194.6,61.5,2.3,154.9,309,49
2026-06-16,朝阳街道,朝阳新村,490,358,189.7,72.6,3.5,142.3,307,51
2026-06-17,朝阳街道,朝阳新村,490,394,236.8,73.9,2.7,170.5,372,22
2026-06-18,朝阳街道,朝阳新村,490,388,200.1,79.1,2.8,191.5,352,36
2026-06-19,朝阳街道,朝阳新村,490,379,192.9,57.7,3.2,153.4,333,46
2026-06-20,朝阳街道,朝阳新村,490,399,215.5,73.1,3.0,153.0,346,53
2026-06-21,朝阳街道,朝阳新村,490,346,180.8,63.7,3.3,153.9,317,29
2026-06-22,朝阳街道,朝阳新村,490,376,199.0,66.5,3.1,177.5,333,43
2026-06-23,朝阳街道,朝阳新村,490,356,198.9,61.4,2.8,152.9,325,31
2026-06-24,朝阳街道,朝阳新村,490,391,193.1,70.2,3.1,172.9,359,32
2026-06-25,朝阳街道,朝阳新村,490,339,179.1,53.3,3.2,132.9,291,48
2026-06-26,朝阳街道,朝阳新村,490,377,192.4,67.0,3.1,160.9,334,43
2026-06-27,朝阳街道,朝阳新村,490,383,234.5,82.1,3.5,162.2,342,41
2026-06-28,朝阳街道,朝阳新村,490,382,201.8,75.9,2.9,143.1,355,27
2026-06-29,朝阳街道,朝阳新村,490,372,215.0,73.3,3.7,134.9,342,30
2026-06-30,朝阳街道,朝阳新村,490,333,183.6,56.4,2.8,142.4,311,22
2026-07-01,朝阳街道,朝阳新村,490,353,177.5,64.1,2.6,143.9,317,36
2026-07-02,朝阳街道,朝阳新村,490,376,185.7,64.8,3.0,175.0,344,32
2026-07-03,朝阳街道,朝阳新村,490,333,156.4,45.8,3.0,125.1,285,48
2026-07-04,朝阳街道,朝阳新村,490,363,185.0,57.8,2.9,165.4,345,18
2026-07-05,朝阳街道,朝阳新村,490,394,230.9,64.8,2.8,166.2,365,29
2026-07-06,朝阳街道,朝阳新村,490,362,222.3,52.8,3.3,129.8,340,22
2026-07-07,朝阳街道,朝阳新村,490,385,232.5,73.5,3.5,153.5,366,19
2026-07-08,朝阳街道,朝阳新村,490,363,223.7,74.1,2.8,174.3,332,31
2026-07-09,朝阳街道,朝阳新村,490,387,187.3,68.6,3.1,168.5,355,32
2026-07-10,朝阳街道,朝阳新村,490,394,227.2,76.3,3.2,174.7,356,38
2026-07-11,朝阳街道,朝阳新村,490,388,191.6,80.4,2.5,146.7,344,44
2026-07-12,朝阳街道,朝阳新村,490,401,217.8,68.3,3.2,153.7,372,29
2026-07-13,朝阳街道,朝阳新村,490,362,196.2,61.3,3.0,147.3,336,26
2026-07-14,朝阳街道,朝阳新村,490,337,159.6,70.2,2.8,154.4,296,41
2026-07-15,朝阳街道,朝阳新村,490,353,207.8,71.1,2.6,162.0,308,45
2026-07-16,朝阳街道,朝阳新村,490,375,231.1,73.4,3.1,163.4,328,47
2026-07-17,朝阳街道,朝阳新村,490,351,176.7,56.7,2.8,151.5,308,43
2026-07-18,朝阳街道,朝阳新村,490,378,182.3,80.6,3.1,149.7,349,29
2026-07-19,朝阳街道,朝阳新村,490,406,236.2,85.5,3.1,164.1,356,50
2026-07-20,朝阳街道,朝阳新村,490,370,199.1,64.4,2.3,156.5,330,40
2026-07-21,朝阳街道,朝阳新村,490,351,170.1,64.2,2.9,163.3,334,17
2026-07-22,朝阳街道,朝阳新村,490,363,187.7,65.0,2.5,157.6,333,30
2026-07-23,朝阳街道,朝阳新村,490,374,198.7,75.8,3.2,158.7,350,24
2026-07-24,朝阳街道,朝阳新村,490,366,219.2,78.8,3.0,160.2,331,35
2026-07-25,朝阳街道,朝阳新村,490,415,203.8,88.6,4.1,186.1,372,43
2026-07-26,朝阳街道,朝阳新村,490,400,232.8,66.3,2.6,167.8,343,57
2026-07-27,朝阳街道,朝阳新村,490,384,187.9,69.5,4.4,157.0,363,21
2026-07-28,朝阳街道,朝阳新村,490,368,200.3,57.9,3.3,172.1,331,37
2026-07-29,朝阳街道,朝阳新村,490,359,197.1,58.9,2.5,141.0,316,43
2026-07-30,朝阳街道,朝阳新村,490,389,211.2,66.3,3.1,178.1,364,25
2026-07-31,朝阳街道,朝阳新村,490,381,239.0,65.5,4.2,188.6,345,36
2026-08-01,朝阳街道,朝阳新村,490,408,184.6,80.7,4.0,178.0,371,37
2026-08-02,朝阳街道,朝阳新村,490,385,213.2,79.7,3.7,174.0,347,38
2026-08-03,朝阳街道,朝阳新村,490,340,185.1,63.7,2.6,143.8,310,30
2026-08-04,朝阳街道,朝阳新村,490,364,196.9,58.0,2.1,148.9,347,17
2026-08-05,朝阳街道,朝阳新村,490,395,213.9,69.9,2.6,173.0,367,28
2026-08-06,朝阳街道,朝阳新村,490,355,192.6,63.7,2.4,144.5,334,21
2026-08-07,朝阳街道,朝阳新村,490,356,194.9,75.9,3.5,140.5,321,35
2026-08-08,朝阳街道,朝阳新村,490,385,194.2,71.6,3.1,189.4,353,32
2026-08-09,朝阳街道,朝阳新村,490,391,196.7,73.2,2.2,174.0,369,22
2026-08-10,朝阳街道,朝阳新村,490,388,217.8,66.3,2.9,160.2,360,28
2026-08-11,朝阳街道,朝阳新村,490,327,176.4,62.2,3.1,139.8,303,24
2026-08-12,朝阳街道,朝阳新村,490,358,192.1,78.2,2.5,163.9,332,26
2026-08-13,朝阳街道,朝阳新村,490,372,193.8,71.9,3.6,160.1,343,29
2026-08-14,朝阳街道,朝阳新村,490,381,222.6,68.9,2.7,128.3,357,24
2026-08-15,朝阳街道,朝阳新村,490,400,177.2,66.8,3.0,193.0,366,34
2026-08-16,朝阳街道,朝阳新村,490,398,211.3,73.8,2.8,142.7,356,42
2026-08-17,朝阳街道,朝阳新村,490,375,188.6,73.9,2.5,154.3,343,32
2026-08-18,朝阳街道,朝阳新村,490,393,194.7,69.0,2.4,157.5,343,50
2026-08-19,朝阳街道,朝阳新村,490,379,197.7,62.2,2.5,152.7,362,17
2026-08-20,朝阳街道,朝阳新村,490,362,219.1,70.9,3.4,134.9,323,39
2026-08-21,朝阳街道,朝阳新村,490,390,213.3,76.5,2.6,177.9,367,23
2026-08-22,朝阳街道,朝阳新村,490,396,195.5,70.5,3.3,171.0,368,28
2026-08-23,朝阳街道,朝阳新村,490,364,211.3,51.4,2.2,145.6,342,22
2026-08-24,朝阳街道,朝阳新村,490,359,196.4,62.5,3.1,156.5,326,33
2026-08-25,朝阳街道,朝阳新村,490,381,207.6,61.7,3.4,148.0,355,26
2026-08-26,朝阳街道,朝阳新村,490,382,206.9,83.6,3.4,165.9,338,44
2026-08-27,朝阳街道,朝阳新村,490,349,185.9,51.5,3.0,138.5,327,22
2026-08-28,朝阳街道,朝阳新村,490,377,216.0,64.5,2.8,176.2,344,33
2026-08-29,朝阳街道,朝阳新村,490,356,212.9,64.8,2.7,149.0,316,40
2026-08-30,朝阳街道,朝阳新村,490,415,238.9,77.2,3.6,167.1,370,45
2026-08-31,朝阳街道,朝阳新村,490,394,218.3,70.4,3.3,167.0,372,22
2026-01-01,朝阳街道,翠湖天地,1367,1191,622.6,205.4,8.8,486.3,983,208
2026-01-02,朝阳街道,翠湖天地,1367,1144,653.9,229.9,9.7,432.0,1022,122
2026-01-03,朝阳街道,翠湖天地,1367,1257,741.4,251.9,8.7,472.6,1114,143
2026-01-04,朝阳街道,翠湖天地,1367,1209,640.0,254.9,8.1,474.7,1039,170
2026-01-05,朝阳街道,翠湖天地,1367,1148,652.6,181.2,7.9,446.1,984,164
2026-01-06,朝阳街道,翠湖天地,1367,1172,630.1,186.4,9.8,469.3,1000,172
2026-01-07,朝阳街道,翠湖天地,1367,1105,638.4,220.1,9.3,462.0,979,126
2026-01-08,朝阳街道,翠湖天地,1367,1111,640.5,212.5,8.0,472.8,939,172
2026-01-09,朝阳街道,翠湖天地,1367,1151,656.3,202.4,8.4,501.0,933,218
2026-01-10,朝阳街道,翠湖天地,1367,1216,655.7,234.4,11.2,488.2,1074,142
2026-01-11,朝阳街道,翠湖天地,1367,1189,628.0,194.8,8.6,601.8,1012,177
2026-01-12,朝阳街道,翠湖天地,1367,1174,636.1,205.9,8.8,487.8,961,213
2026-01-13,朝阳街道,翠湖天地,1367,1104,590.6,213.2,8.8,436.9,936,168
2026-01-14,朝阳街道,翠湖天地,1367,1166,642.9,229.6,11.9,491.0,981,185
2026-01-15,朝阳街道,翠湖天地,1367,1142,619.2,198.2,9.0,490.5,1001,141
2026-01-16,朝阳街道,翠湖天地,1367,1178,648.0,191.7,8.2,483.9,969,209
2026-01-17,朝阳街道,翠湖天地,1367,1262,817.8,217.6,7.4,572.7,1061,201
2026-01-18,朝阳街道,翠湖天地,1367,1198,632.0,203.5,7.4,543.4,977,221
2026-01-19,朝阳街道,翠湖天地,1367,1202,638.7,224.5,8.9,520.3,962,240
2026-01-20,朝阳街道,翠湖天地,1367,1129,607.4,196.3,7.8,469.1,989,140
2026-01-21,朝阳街道,翠湖天地,1367,1210,587.5,183.7,7.6,588.8,1049,161
2026-01-22,朝阳街道,翠湖天地,1367,1222,709.1,210.2,10.6,604.1,1049,173
2026-01-23,朝阳街道,翠湖天地,1367,1114,559.8,196.5,9.7,461.8,925,189
2026-01-24,朝阳街道,翠湖天地,1367,1220,667.4,212.3,11.5,524.3,1034,186
2026-01-25,朝阳街道,翠湖天地,1367,1277,688.0,222.2,10.8,498.0,1071,206
2026-01-26,朝阳街道,翠湖天地,1367,1212,590.4,197.8,10.3,517.4,999,213
2026-01-27,朝阳街道,翠湖天地,1367,1118,607.8,180.7,9.0,531.9,967,151
2026-01-28,朝阳街道,翠湖天地,1367,1141,529.8,223.1,8.9,400.7,1015,126
2026-01-29,朝阳街道,翠湖天地,1367,1241,667.8,253.5,10.7,569.3,1047,194
2026-01-30,朝阳街道,翠湖天地,1367,1222,634.7,211.9,7.6,474.4,1073,149
2026-01-31,朝阳街道,翠湖天地,1367,1227,742.3,207.3,11.6,450.9,1087,140
2026-02-01,朝阳街道,翠湖天地,1367,1261,837.4,204.4,9.7,516.3,1115,146
2026-02-02,朝阳街道,翠湖天地,1367,1106,561.9,186.9,8.9,481.3,910,196
2026-02-03,朝阳街道,翠湖天地,1367,1146,702.0,182.3,8.1,476.9,998,148
2026-02-04,朝阳街道,翠湖天地,1367,1122,638.0,191.9,11.2,561.9,1026,96
2026-02-05,朝阳街道,翠湖天地,1367,1139,659.8,210.4,7.1,497.8,1009,130
2026-02-06,朝阳街道,翠湖天地,1367,1113,601.5,216.0,10.0,515.6,939,174
2026-02-07,朝阳街道,翠湖天地,1367,1240,720.4,219.2,9.6,487.6,1076,164
2026-02-08,朝阳街道,翠湖天地,1367,1262,769.5,284.6,9.8,520.1,1140,122
2026-02-09,朝阳街道,翠湖天地,1367,1192,596.7,199.8,8.6,569.5,1082,110
2026-02-10,朝阳街道,翠湖天地,1367,1113,616.1,190.6,8.7,448.7,964,149
2026-02-11,朝阳街道,翠湖天地,1367,1110,562.1,181.1,7.0,453.3,1038,72
2026-02-12,朝阳街道,翠湖天地,1367,1123,564.0,247.8,12.6,415.1,981,142
2026-02-13,朝阳街道,翠湖天地,1367,1144,734.0,251.0,7.6,444.1,1009,135
2026-02-14,朝阳街道,翠湖天地,1367,1160,591.5,198.2,12.4,433.0,1004,156
2026-02-15,朝阳街道,翠湖天地,1367,1160,585.6,176.3,11.9,536.6,1041,119
2026-02-16,朝阳街道,翠湖天地,1367,1196,640.1,195.9,11.0,511.3,1093,103
2026-02-17,朝阳街道,翠湖天地,1367,1127,660.6,217.7,8.5,514.2,996,131
2026-02-18,朝阳街道,翠湖天地,1367,1058,609.1,194.8,8.4,474.6,895,163
2026-02-19,朝阳街道,翠湖天地,1367,1130,524.8,211.9,9.8,499.2,991,139
2026-02-20,朝阳街道,翠湖天地,1367,1134,645.0,206.7,9.7,479.6,976,158
2026-02-21,朝阳街道,翠湖天地,1367,1183,631.9,221.6,6.9,476.0,1040,143
2026-02-22,朝阳街道,翠湖天地,1367,1193,623.6,207.2,9.5,469.5,997,196
2026-02-23,朝阳街道,翠湖天地,1367,1186,684.5,195.6,10.5,513.4,1013,173
2026-02-24,朝阳街道,翠湖天地,1367,1191,728.0,224.4,9.7,513.5,1057,134
2026-02-25,朝阳街道,翠湖天地,1367,1168,635.2,232.8,11.5,517.9,1050,118
2026-02-26,朝阳街道,翠湖天地,1367,1188,620.5,215.8,9.9,476.8,979,209
2026-02-27,朝阳街道,翠湖天地,1367,1149,750.1,198.4,11.8,471.9,998,151
2026-02-28,朝阳街道,翠湖天地,1367,1173,725.5,248.1,7.6,561.9,1021,152
2026-03-01,朝阳街道,翠湖天地,1367,1241,717.4,183.3,9.5,487.6,1126,115
2026-03-02,朝阳街道,翠湖天地,1367,1118,646.0,203.4,11.0,477.7,993,125
2026-03-03,朝阳街道,翠湖天地,1367,1125,712.1,210.8,9.8,493.2,962,163
2026-03-04,朝阳街道,翠湖天地,1367,1236,590.2,227.8,9.2,506.3,1098,138
2026-03-05,朝阳街道,翠湖天地,1367,1135,649.3,187.3,6.4,485.4,991,144
2026-03-06,朝阳街道,翠湖天地,1367,1181,571.7,210.4,11.1,512.0,1033,148
2026-03-07,朝阳街道,翠湖天地,1367,1262,636.9,211.2,9.8,509.5,1127,135
2026-03-08,朝阳街道,翠湖天地,1367,1222,688.6,206.0,10.3,552.1,1058,164
2026-03-09,朝阳街道,翠湖天地,1367,1151,574.9,234.7,8.8,447.1,984,167
2026-03-10,朝阳街道,翠湖天地,1367,1152,553.8,214.0,8.9,507.1,1012,140
2026-03-11,朝阳街道,翠湖天地,1367,1115,560.1,181.7,12.0,481.3,974,141
2026-03-12,朝阳街道,翠湖天地,1367,1146,572.5,192.0,9.5,465.7,1022,124
2026-03-13,朝阳街道,翠湖天地,1367,1190,650.2,202.7,10.1,506.6,1007,183
2026-03-14,朝阳街道,翠湖天地,1367,1260,680.9,193.8,9.7,520.3,1076,184
2026-03-15,朝阳街道,翠湖天地,1367,1283,737.7,234.7,10.2,550.5,1116,167
2026-03-16,朝阳街道,翠湖天地,1367,1214,557.7,242.2,9.1,421.5,1026,188
2026-03-17,朝阳街道,翠湖天地,1367,1240,674.3,214.7,9.3,487.4,1123,117
2026-03-18,朝阳街道,翠湖天地,1367,1099,526.9,216.7,7.8,490.5,987,112
2026-03-19,朝阳街道,翠湖天地,1367,1135,582.2,194.8,8.5,474.8,969,166
2026-03-20,朝阳街道,翠湖天地,1367,1198,598.3,222.7,10.1,507.6,1138,60
2026-03-21,朝阳街道,翠湖天地,1367,1214,687.5,225.1,12.4,566.6,1022,192
2026-03-22,朝阳街道,翠湖天地,1367,1214,603.6,197.8,11.1,550.4,1059,155
2026-03-23,朝阳街道,翠湖天地,1367,1075,539.8,220.2,9.5,476.1,941,134
2026-03-24,朝阳街道,翠湖天地,1367,1168,621.3,196.8,10.5,507.4,1021,147
2026-03-25,朝阳街道,翠湖天地,1367,1234,742.7,201.7,9.1,491.9,1050,184
2026-03-26,朝阳街道,翠湖天地,1367,1093,580.0,201.3,6.8,480.1,975,118
2026-03-27,朝阳街道,翠湖天地,1367,1169,711.6,162.7,8.6,478.8,1046,123
2026-03-28,朝阳街道,翠湖天地,1367,1261,760.9,237.1,9.3,450.2,1098,163
2026-03-29,朝阳街道,翠湖天地,1367,1217,634.6,225.3,8.5,478.4,1067,150
2026-03-30,朝阳街道,翠湖天地,1367,1139,581.9,258.6,10.1,468.6,992,147
2026-03-31,朝阳街道,翠湖天地,1367,1114,664.0,211.9,10.9,473.7,971,143
2026-04-01,朝阳街道,翠湖天地,1367,1122,573.2,228.7,8.9,453.4,979,143
2026-04-02,朝阳街道,翠湖天地,1367,1097,661.3,169.1,7.9,386.3,995,102
2026-04-03,朝阳街道,翠湖天地,1367,1197,627.2,160.9,10.8,473.4,1041,156
2026-04-04,朝阳街道,翠湖天地,1367,1244,764.5,251.5,9.1,586.0,1057,187
2026-04-05,朝阳街道,翠湖天地,1367,1170,655.9,217.5,8.0,534.3,1041,129
2026-04-06,朝阳街道,翠湖天地,1367,1136,689.6,183.3,8.9,451.3,1053,83
2026-04-07,朝阳街道,翠湖天地,1367,1110,571.3,148.6,8.6,476.2,987,123
2026-04-08,朝阳街道,翠湖天地,1367,1176,579.4,216.4,7.6,493.8,1039,137
2026-04-09,朝阳街道,翠湖天地,1367,1088,510.4,208.1,12.0,444.5,941,147
2026-04-10,朝阳街道,翠湖天地,1367,1167,653.4,248.7,9.3,460.4,1039,128
2026-04-11,朝阳街道,翠湖天地,1367,1222,638.6,213.1,10.5,472.4,1061,161
2026-04-12,朝阳街道,翠湖天地,1367,1206,669.5,201.8,10.6,552.7,1071,135
2026-04-13,朝阳街道,翠湖天地,1367,1161,650.0,232.1,8.1,512.5,1049,112
2026-04-14,朝阳街道,翠湖天地,1367,1126,590.3,201.9,9.4,456.4,974,152
2026-04-15,朝阳街道,翠湖天地,1367,1150,583.7,200.1,8.1,541.1,1006,144
2026-04-16,朝阳街道,翠湖天地,1367,1157,636.3,182.0,8.1,479.2,969,188
2026-04-17,朝阳街道,翠湖天地,1367,1121,617.1,201.6,9.7,473.7,992,129
2026-04-18,朝阳街道,翠湖天地,1367,1194,698.0,232.2,10.7,452.9,1006,188
2026-04-19,朝阳街道,翠湖天地,1367,1194,541.0,190.3,9.2,418.6,1040,154
2026-04-20,朝阳街道,翠湖天地,1367,1183,598.8,276.8,9.7,467.8,1032,151
2026-04-21,朝阳街道,翠湖天地,1367,1135,598.5,214.3,7.2,489.3,1007,128
2026-04-22,朝阳街道,翠湖天地,1367,1207,680.3,222.2,11.9,452.5,1041,166
2026-04-23,朝阳街道,翠湖天地,1367,1190,613.9,241.3,8.4,533.8,1067,123
2026-04-24,朝阳街道,翠湖天地,1367,1107,557.9,234.8,11.0,447.8,983,124
2026-04-25,朝阳街道,翠湖天地,1367,1166,630.6,212.6,8.9,545.3,1041,125
2026-04-26,朝阳街道,翠湖天地,1367,1253,711.6,216.3,10.1,531.7,1088,165
2026-04-27,朝阳街道,翠湖天地,1367,1151,612.5,199.3,8.3,418.7,998,153
2026-04-28,朝阳街道,翠湖天地,1367,1166,697.7,188.9,9.8,494.9,1041,125
2026-04-29,朝阳街道,翠湖天地,1367,1082,666.0,174.8,6.4,418.9,974,108
2026-04-30,朝阳街道,翠湖天地,1367,1125,551.2,244.6,12.0,506.7,943,182
2026-05-01,朝阳街道,翠湖天地,1367,1133,575.6,214.4,8.2,448.8,986,147
2026-05-02,朝阳街道,翠湖天地,1367,1213,720.3,209.9,10.9,498.7,1073,140
2026-05-03,朝阳街道,翠湖天地,1367,1218,683.0,199.1,8.9,526.4,1101,117
2026-05-04,朝阳街道,翠湖天地,1367,1144,685.7,207.2,11.7,536.7,1001,143
2026-05-05,朝阳街道,翠湖天地,1367,1143,615.2,175.7,8.6,484.0,1023,120
2026-05-06,朝阳街道,翠湖天地,1367,1079,557.4,171.5,8.8,440.4,945,134
2026-05-07,朝阳街道,翠湖天地,1367,1159,652.7,234.7,10.2,496.1,1025,134
2026-05-08,朝阳街道,翠湖天地,1367,1165,590.3,230.0,8.3,476.3,1057,108
2026-05-09,朝阳街道,翠湖天地,1367,1221,755.4,235.5,9.9,530.2,1115,106
2026-05-10,朝阳街道,翠湖天地,1367,1254,621.8,202.5,11.6,440.6,1105,149
2026-05-11,朝阳街道,翠湖天地,1367,1151,562.8,191.2,11.5,559.3,977,174
2026-05-12,朝阳街道,翠湖天地,1367,1183,622.7,191.4,7.4,508.1,1015,168
2026-05-13,朝阳街道,翠湖天地,1367,1224,652.7,208.7,8.7,538.0,1052,172
2026-05-14,朝阳街道,翠湖天地,1367,1154,653.7,219.6,9.5,608.5,1020,134
2026-05-15,朝阳街道,翠湖天地,1367,1209,689.0,231.3,9.8,509.0,1099,110
2026-05-16,朝阳街道,翠湖天地,1367,1177,693.4,218.9,9.3,514.5,1043,134
2026-05-17,朝阳街道,翠湖天地,1367,1268,684.2,248.1,8.5,476.1,1157,111
2026-05-18,朝阳街道,翠湖天地,1367,1089,619.7,179.5,7.3,441.0,963,126
2026-05-19,朝阳街道,翠湖天地,1367,1143,701.1,209.9,7.7,493.2,985,158
2026-05-20,朝阳街道,翠湖天地,1367,1128,664.3,195.7,9.6,502.5,992,136
2026-05-21,朝阳街道,翠湖天地,1367,1160,686.7,189.4,10.9,453.1,1034,126
2026-05-22,朝阳街道,翠湖天地,1367,1136,527.5,192.5,10.4,447.7,1004,132
2026-05-23,朝阳街道,翠湖天地,1367,1219,695.0,240.8,9.2,575.6,1077,142
2026-05-24,朝阳街道,翠湖天地,1367,1221,711.5,245.5,7.9,527.3,1098,123
2026-05-25,朝阳街道,翠湖天地,1367,1164,720.2,197.3,7.8,517.6,1005,159
2026-05-26,朝阳街道,翠湖天地,1367,1163,599.3,177.3,9.2,537.4,1032,131
2026-05-27,朝阳街道,翠湖天地,1367,1137,602.0,222.1,8.4,533.2,1043,94
2026-05-28,朝阳街道,翠湖天地,1367,1147,572.4,190.0,8.8,449.4,966,181
2026-05-29,朝阳街道,翠湖天地,1367,1168,651.5,194.2,7.1,498.3,1028,140
2026-05-30,朝阳街道,翠湖天地,1367,1227,717.8,217.2,9.2,492.7,1072,155
2026-05-31,朝阳街道,翠湖天地,1367,1254,639.5,207.6,11.5,521.1,1131,123
2026-06-01,朝阳街道,翠湖天地,1367,1200,726.9,271.4,9.7,500.9,1095,105
2026-06-02,朝阳街道,翠湖天地,1367,1152,725.7,209.6,7.5,503.4,1048,104
2026-06-03,朝阳街道,翠湖天地,1367,1189,574.1,213.8,10.0,439.3,1039,150
2026-06-04,朝阳街道,翠湖天地,1367,1163,715.1,194.7,8.8,466.3,1042,121
2026-06-05,朝阳街道,翠湖天地,1367,1182,714.8,208.2,8.5,459.0,1015,167
2026-06-06,朝阳街道,翠湖天地,1367,1278,779.3,237.1,7.3,544.0,1147,131
2026-06-07,朝阳街道,翠湖天地,1367,1193,796.0,176.8,9.9,461.0,1068,125
2026-06-08,朝阳街道,翠湖天地,1367,1177,599.5,206.4,10.6,524.8,1038,139
2026-06-09,朝阳街道,翠湖天地,1367,1165,662.2,218.3,8.7,461.1,1059,106
2026-06-10,朝阳街道,翠湖天地,1367,1188,614.8,234.6,7.7,502.4,1075,113
2026-06-11,朝阳街道,翠湖天地,1367,1164,626.9,203.2,8.3,409.8,1064,100
2026-06-12,朝阳街道,翠湖天地,1367,1214,643.3,190.1,8.5,463.1,1092,122
2026-06-13,朝阳街道,翠湖天地,1367,1184,599.6,199.2,9.0,411.7,1020,164
2026-06-14,朝阳街道,翠湖天地,1367,1220,720.3,235.5,8.4,470.7,1061,159
2026-06-15,朝阳街道,翠湖天地,1367,1160,672.3,235.8,10.5,414.2,1027,133
2026-06-16,朝阳街道,翠湖天地,1367,1163,632.5,188.4,10.7,436.7,1006,157
2026-06-17,朝阳街道,翠湖天地,1367,1220,762.0,185.7,8.6,493.7,1117,103
2026-06-18,朝阳街道,翠湖天地,1367,1137,585.2,184.7,10.1,414.0,1034,103
2026-06-19,朝阳街道,翠湖天地,1367,1130,632.4,199.2,6.6,443.1,984,146
2026-06-20,朝阳街道,翠湖天地,1367,1259,781.9,257.1,10.9,645.8,1140,119
2026-06-21,朝阳街道,翠湖天地,1367,1193,665.6,211.8,11.4,489.1,1060,133
2026-06-22,朝阳街道,翠湖天地,1367,1173,680.1,236.1,10.5,543.5,1014,159
2026-06-23,朝阳街道,翠湖天地,1367,1134,573.8,206.2,8.9,506.5,1011,123
2026-06-24,朝阳街道,翠湖天地,1367,1089,597.9,166.5,10.3,415.1,951,138
2026-06-25,朝阳街道,翠湖天地,1367,1138,633.3,225.5,10.0,468.0,1023,115
2026-06-26,朝阳街道,翠湖天地,1367,1195,598.3,205.0,11.2,466.5,1040,155
2026-06-27,朝阳街道,翠湖天地,1367,1197,692.8,225.9,12.2,458.6,1079,118
2026-06-28,朝阳街道,翠湖天地,1367,1247,758.2,270.8,12.7,563.4,1165,82
2026-06-29,朝阳街道,翠湖天地,1367,1150,671.9,228.7,8.4,512.5,1000,150
2026-06-30,朝阳街道,翠湖天地,1367,1154,703.2,177.9,12.8,471.3,1059,95
2026-07-01,朝阳街道,翠湖天地,1367,1176,648.5,207.0,8.6,426.2,1053,123
2026-07-02,朝阳街道,翠湖天地,1367,1128,611.0,203.9,9.2,472.9,970,158
2026-07-03,朝阳街道,翠湖天地,1367,1220,684.3,246.4,9.0,532.5,1117,103
2026-07-04,朝阳街道,翠湖天地,1367,1283,684.0,200.5,9.8,534.6,1144,139
2026-07-05,朝阳街道,翠湖天地,1367,1294,659.5,227.1,10.0,510.7,1145,149
2026-07-06,朝阳街道,翠湖天地,1367,1189,615.4,229.8,7.2,549.5,1026,163
2026-07-07,朝阳街道,翠湖天地,1367,1170,630.1,176.1,9.7,484.2,1047,123
2026-07-08,朝阳街道,翠湖天地,1367,1178,690.3,193.5,9.6,455.8,1040,138
2026-07-09,朝阳街道,翠湖天地,1367,1135,595.3,186.0,9.3,496.5,1031,104
2026-07-10,朝阳街道,翠湖天地,1367,1202,660.7,200.2,10.3,558.0,1059,143
2026-07-11,朝阳街道,翠湖天地,1367,1335,799.7,237.6,9.3,548.5,1199,136
2026-07-12,朝阳街道,翠湖天地,1367,1286,708.4,210.9,9.7,528.6,1163,123
2026-07-13,朝阳街道,翠湖天地,1367,1208,755.1,196.0,9.5,556.2,1049,159
2026-07-14,朝阳街道,翠湖天地,1367,1127,581.1,191.0,11.8,467.5,1022,105
2026-07-15,朝阳街道,翠湖天地,1367,1108,595.4,187.0,11.4,570.6,997,111
2026-07-16,朝阳街道,翠湖天地,1367,1127,690.5,153.9,10.9,437.5,1013,114
2026-07-17,朝阳街道,翠湖天地,1367,1136,624.4,217.0,9.2,479.5,1039,97
2026-07-18,朝阳街道,翠湖天地,1367,1269,640.0,240.1,8.8,488.4,1118,151
2026-07-19,朝阳街道,翠湖天地,1367,1288,757.7,250.7,10.1,563.4,1153,135
2026-07-20,朝阳街道,翠湖天地,1367,1121,600.0,189.6,9.2,490.0,1017,104
2026-07-21,朝阳街道,翠湖天地,1367,1221,694.1,210.1,11.3,561.3,1098,123
2026-07-22,朝阳街道,翠湖天地,1367,1202,614.7,217.7,9.6,444.0,1085,117
2026-07-23,朝阳街道,翠湖天地,1367,1247,682.7,270.7,11.4,553.4,1109,138
2026-07-24,朝阳街道,翠湖天地,1367,1251,651.3,226.9,10.7,484.9,1135,116
2026-07-25,朝阳街道,翠湖天地,1367,1249,577.3,266.3,11.1,544.6,1178,71
2026-07-26,朝阳街道,翠湖天地,1367,1240,664.7,206.2,11.4,559.6,1135,105
2026-07-27,朝阳街道,翠湖天地,1367,1212,605.2,210.6,11.4,482.9,1074,138
2026-07-28,朝阳街道,翠湖天地,1367,1153,627.3,194.5,9.1,520.1,1059,94
2026-07-29,朝阳街道,翠湖天地,1367,1208,707.3,203.3,12.5,485.5,1083,125
2026-07-30,朝阳街道,翠湖天地,1367,1180,753.9,210.2,10.2,517.9,1088,92
2026-07-31,朝阳街道,翠湖天地,1367,1162,660.9,209.7,7.0,528.2,1074,88
2026-08-01,朝阳街道,翠湖天地,1367,1220,661.8,215.3,11.3,498.9,1105,115
2026-08-02,朝阳街道,翠湖天地,1367,1198,673.3,235.5,12.3,447.6,1070,128
2026-08-03,朝阳街道,翠湖天地,1367,1154,563.5,239.6,10.2,534.9,1021,133
2026-08-04,朝阳街道,翠湖天地,1367,1177,627.5,185.7,9.4,507.3,1071,106
2026-08-05,朝阳街道,翠湖天地,1367,1177,685.2,198.6,7.8,475.5,1044,133
2026-08-06,朝阳街道,翠湖天地,1367,1208,707.2,223.3,11.6,508.9,1089,119
2026-08-07,朝阳街道,翠湖天地,1367,1185,590.1,235.5,9.3,507.4,1106,79
2026-08-08,朝阳街道,翠湖天地,1367,1280,691.6,190.4,8.5,612.4,1170,110
2026-08-09,朝阳街道,翠湖天地,1367,1251,709.4,231.2,7.2,589.7,1152,99
2026-08-10,朝阳街道,翠湖天地,1367,1212,652.5,223.5,8.0,474.2,1102,110
2026-08-11,朝阳街道,翠湖天地,1367,1189,639.0,261.4,9.9,503.0,1079,110
2026-08-12,朝阳街道,翠湖天地,1367,1133,715.5,199.0,9.5,411.2,1082,51
2026-08-13,朝阳街道,翠湖天地,1367,1251,677.2,190.9,8.9,492.4,1141,110
2026-08-14,朝阳街道,翠湖天地,1367,1175,654.0,197.7,9.1,465.9,1062,113
2026-08-15,朝阳街道,翠湖天地,1367,1226,643.4,237.6,10.7,562.1,1116,110
2026-08-16,朝阳街道,翠湖天地,1367,1230,556.9,224.3,10.9,556.8,1137,93
2026-08-17,朝阳街道,翠湖天地,1367,1182,577.1,190.6,10.5,473.5,1046,136
2026-08-18,朝阳街道,翠湖天地,1367,1211,689.5,242.7,11.8,484.7,1096,115
2026-08-19,朝阳街道,翠湖天地,1367,1115,658.3,225.0,7.8,467.7,1033,82
2026-08-20,朝阳街道,翠湖天地,1367,1168,649.3,207.1,10.2,478.2,1062,106
2026-08-21,朝阳街道,翠湖天地,1367,1149,626.0,210.1,9.1,460.6,1036,113
2026-08-22,朝阳街道,翠湖天地,1367,1284,724.1,224.1,10.6,508.0,1199,85
2026-08-23,朝阳街道,翠湖天地,1367,1258,886.7,234.0,9.7,585.9,1130,128
2026-08-24,朝阳街道,翠湖天地,1367,1170,637.9,197.9,12.1,504.3,1072,98
2026-08-25,朝阳街道,翠湖天地,1367,1123,558.9,253.3,8.9,397.8,1045,78
2026-08-26,朝阳街道,翠湖天地,1367,1161,585.5,220.1,7.2,460.5,1037,124
2026-08-27,朝阳街道,翠湖天地,1367,1177,591.5,243.9,9.9,505.7,1081,96
2026-08-28,朝阳街道,翠湖天地,1367,1154,603.0,213.0,10.4,416.3,1051,103
2026-08-29,朝阳街道,翠湖天地,1367,1304,646.4,250.2,14.7,562.9,1193,111
2026-08-30,朝阳街道,翠湖天地,1367,1309,799.3,253.9,12.2,604.3,1188,121
2026-08-31,朝阳街道,翠湖天地,1367,1193,589.3,206.4,8.6,486.0,1094,99
2026-01-01,朝阳街道,金桂苑,1017,764,467.6,143.7,5.0,274.1,640,124
2026-01-02,朝阳街道,金桂苑,1017,776,413.5,136.0,5.0,326.5,683,93
2026-01-03,朝阳街道,金桂苑,1017,826,451.0,124.4,6.7,364.8,730,96
2026-01-04,朝阳街道,金桂苑,1017,820,397.1,147.5,6.3,349.7,694,126
2026-01-05,朝阳街道,金桂苑,1017,733,415.4,151.8,5.2,292.8,660,73
2026-01-06,朝阳街道,金桂苑,1017,759,398.7,124.6,6.4,317.6,652,107
2026-01-07,朝阳街道,金桂苑,1017,782,469.0,168.2,7.2,328.0,687,95
2026-01-08,朝阳街道,金桂苑,1017,757,384.9,146.9,6.4,369.8,660,97
2026-01-09,朝阳街道,金桂苑,1017,731,403.4,135.5,4.6,324.6,646,85
2026-01-10,朝阳街道,金桂苑,1017,831,402.6,128.8,9.1,370.4,755,76
2026-01-11,朝阳街道,金桂苑,1017,844,499.6,183.3,6.8,352.7,740,104
2026-01-12,朝阳街道,金桂苑,1017,751,416.3,161.6,6.5,360.4,669,82
2026-01-13,朝阳街道,金桂苑,1017,725,361.0,117.1,5.5,264.9,673,52
2026-01-14,朝阳街道,金桂苑,1017,789,386.9,131.3,6.2,379.1,690,99
2026-01-15,朝阳街道,金桂苑,1017,799,455.5,160.5,6.3,288.6,695,104
2026-01-16,朝阳街道,金桂苑,1017,757,425.0,151.8,4.8,309.7,666,91
2026-01-17,朝阳街道,金桂苑,1017,853,470.2,160.6,5.3,312.3,785,68
2026-01-18,朝阳街道,金桂苑,1017,840,426.7,147.5,7.9,344.2,734,106
2026-01-19,朝阳街道,金桂苑,1017,745,453.8,126.6,6.7,358.7,647,98
2026-01-20,朝阳街道,金桂苑,1017,714,332.6,138.1,6.0,305.0,639,75
2026-01-21,朝阳街道,金桂苑,1017,748,398.0,148.7,5.9,294.9,664,84
2026-01-22,朝阳街道,金桂苑,1017,786,454.5,148.7,6.6,346.3,701,85
2026-01-23,朝阳街道,金桂苑,1017,801,437.1,155.1,7.7,346.0,712,89
2026-01-24,朝阳街道,金桂苑,1017,819,532.8,153.4,6.1,315.3,733,86
2026-01-25,朝阳街道,金桂苑,1017,784,465.2,123.9,5.8,348.1,678,106
2026-01-26,朝阳街道,金桂苑,1017,720,416.9,137.8,7.2,296.5,642,78
2026-01-27,朝阳街道,金桂苑,1017,798,419.0,152.2,6.3,361.2,680,118
2026-01-28,朝阳街道,金桂苑,1017,784,480.0,124.3,6.0,321.8,731,53
2026-01-29,朝阳街道,金桂苑,1017,823,557.1,129.2,6.6,332.3,724,99
2026-01-30,朝阳街道,金桂苑,1017,808,432.8,190.7,7.4,332.0,701,107
2026-01-31,朝阳街道,金桂苑,1017,832,373.8,146.6,6.1,345.4,753,79
2026-02-01,朝阳街道,金桂苑,1017,838,484.3,132.0,8.3,363.3,752,86
2026-02-02,朝阳街道,金桂苑,1017,768,415.5,124.8,7.3,336.5,682,86
2026-02-03,朝阳街道,金桂苑,1017,764,436.1,142.0,4.7,302.8,671,93
2026-02-04,朝阳街道,金桂苑,1017,745,399.3,145.7,6.7,256.7,662,83
2026-02-05,朝阳街道,金桂苑,1017,804,458.0,138.9,6.6,306.0,722,82
2026-02-06,朝阳街道,金桂苑,1017,791,479.7,134.0,6.1,309.6,714,77
2026-02-07,朝阳街道,金桂苑,1017,811,405.7,155.5,5.0,361.7,692,119
2026-02-08,朝阳街道,金桂苑,1017,849,463.4,122.4,6.3,426.7,763,86
2026-02-09,朝阳街道,金桂苑,1017,742,429.8,158.9,6.0,276.9,621,121
2026-02-10,朝阳街道,金桂苑,1017,718,419.3,126.9,6.4,284.2,621,97
2026-02-11,朝阳街道,金桂苑,1017,768,460.3,117.7,5.2,363.1,663,105
2026-02-12,朝阳街道,金桂苑,1017,764,413.1,144.2,7.7,309.8,687,77
2026-02-13,朝阳街道,金桂苑,1017,805,459.2,161.5,7.7,351.4,706,99
2026-02-14,朝阳街道,金桂苑,1017,873,515.4,171.7,5.9,326.0,803,70
2026-02-15,朝阳街道,金桂苑,1017,811,388.8,184.9,5.4,350.5,704,107
2026-02-16,朝阳街道,金桂苑,1017,794,429.8,150.7,6.2,315.0,699,95
2026-02-17,朝阳街道,金桂苑,1017,740,444.5,138.4,4.7,306.7,640,100
2026-02-18,朝阳街道,金桂苑,1017,750,434.2,135.4,5.7,314.5,645,105
2026-02-19,朝阳街道,金桂苑,1017,789,473.8,159.0,6.5,342.7,676,113
2026-02-20,朝阳街道,金桂苑,1017,806,433.8,133.0,7.9,347.7,737,69
2026-02-21,朝阳街道,金桂苑,1017,828,448.4,166.0,7.2,352.6,742,86
2026-02-22,朝阳街道,金桂苑,1017,780,419.9,150.7,7.1,289.6,704,76
2026-02-23,朝阳街道,金桂苑,1017,743,402.9,117.1,7.8,307.3,668,75
2026-02-24,朝阳街道,金桂苑,1017,750,469.5,137.9,6.1,345.2,660,90
2026-02-25,朝阳街道,金桂苑,1017,767,428.9,154.5,8.0,307.0,679,88
2026-02-26,朝阳街道,金桂苑,1017,737,409.3,114.1,6.4,315.9,650,87
2026-02-27,朝阳街道,金桂苑,1017,786,390.1,129.8,7.0,323.8,710,76
2026-02-28,朝阳街道,金桂苑,1017,804,379.9,132.0,6.7,357.3,738,66
2026-03-01,朝阳街道,金桂苑,1017,847,444.9,161.7,7.1,400.0,744,103
2026-03-02,朝阳街道,金桂苑,1017,761,443.0,138.8,5.6,326.3,655,106
2026-03-03,朝阳街道,金桂苑,1017,744,370.5,121.4,4.6,374.6,642,102
2026-03-04,朝阳街道,金桂苑,1017,803,410.2,136.2,7.6,333.3,720,83
2026-03-05,朝阳街道,金桂苑,1017,762,429.8,125.7,6.5,339.2,698,64
2026-03-06,朝阳街道,金桂苑,1017,823,427.0,175.3,5.4,347.0,753,70
2026-03-07,朝阳街道,金桂苑,1017,815,404.1,143.8,5.9,352.1,719,96
2026-03-08,朝阳街道,金桂苑,1017,827,448.7,148.2,7.2,349.3,771,56
2026-03-09,朝阳街道,金桂苑,1017,763,419.6,137.1,4.7,311.7,669,94
2026-03-10,朝阳街道,金桂苑,1017,831,476.3,158.1,6.0,316.0,730,101
2026-03-11,朝阳街道,金桂苑,1017,761,447.4,138.7,5.2,369.2,661,100
2026-03-12,朝阳街道,金桂苑,1017,777,425.6,166.3,7.6,309.5,676,101
2026-03-13,朝阳街道,金桂苑,1017,781,438.0,142.9,7.9,330.8,697,84
2026-03-14,朝阳街道,金桂苑,1017,859,533.8,134.9,6.1,385.5,761,98
2026-03-15,朝阳街道,金桂苑,1017,812,433.5,156.5,8.9,287.7,722,90
2026-03-16,朝阳街道,金桂苑,1017,766,449.4,133.0,8.4,311.4,680,86
2026-03-17,朝阳街道,金桂苑,1017,755,368.0,149.8,5.6,306.7,703,52
2026-03-18,朝阳街道,金桂苑,1017,793,461.4,145.1,4.4,377.3,722,71
2026-03-19,朝阳街道,金桂苑,1017,768,416.0,124.3,6.3,331.2,701,67
2026-03-20,朝阳街道,金桂苑,1017,810,456.9,142.1,6.7,319.5,707,103
2026-03-21,朝阳街道,金桂苑,1017,832,407.6,148.7,6.4,320.8,754,78
2026-03-22,朝阳街道,金桂苑,1017,778,433.2,135.5,5.9,316.2,683,95
2026-03-23,朝阳街道,金桂苑,1017,823,512.8,197.6,6.7,332.1,722,101
2026-03-24,朝阳街道,金桂苑,1017,789,435.2,135.5,7.0,318.8,666,123
2026-03-25,朝阳街道,金桂苑,1017,764,473.8,139.6,6.5,333.3,708,56
2026-03-26,朝阳街道,金桂苑,1017,801,434.8,141.9,7.0,309.2,727,74
2026-03-27,朝阳街道,金桂苑,1017,775,385.5,143.4,6.0,371.3,685,90
2026-03-28,朝阳街道,金桂苑,1017,829,440.0,136.3,5.9,336.2,721,108
2026-03-29,朝阳街道,金桂苑,1017,829,418.7,155.0,6.3,371.9,762,67
2026-03-30,朝阳街道,金桂苑,1017,740,397.1,129.6,6.5,292.1,640,100
2026-03-31,朝阳街道,金桂苑,1017,742,448.9,113.3,6.2,311.7,667,75
2026-04-01,朝阳街道,金桂苑,1017,776,473.2,176.2,7.0,309.8,720,56
2026-04-02,朝阳街道,金桂苑,1017,773,485.9,139.8,5.4,334.4,655,118
2026-04-03,朝阳街道,金桂苑,1017,790,422.0,120.7,7.8,382.7,747,43
2026-04-04,朝阳街道,金桂苑,1017,855,438.8,127.8,5.9,324.0,775,80
2026-04-05,朝阳街道,金桂苑,1017,848,487.5,151.2,7.2,422.1,771,77
2026-04-06,朝阳街道,金桂苑,1017,804,415.8,176.7,6.8,326.2,722,82
2026-04-07,朝阳街道,金桂苑,1017,798,438.6,158.0,6.9,365.5,725,73
2026-04-08,朝阳街道,金桂苑,1017,785,507.7,161.9,6.5,330.5,692,93
2026-04-09,朝阳街道,金桂苑,1017,768,450.5,150.8,5.1,299.9,649,119
2026-04-10,朝阳街道,金桂苑,1017,767,459.6,146.2,5.3,296.8,709,58
2026-04-11,朝阳街道,金桂苑,1017,839,423.7,157.0,6.2,365.3,752,87
2026-04-12,朝阳街道,金桂苑,1017,821,461.1,136.7,6.0,324.9,721,100
2026-04-13,朝阳街道,金桂苑,1017,777,455.1,141.2,5.2,300.8,710,67
2026-04-14,朝阳街道,金桂苑,1017,762,428.4,128.3,5.4,271.5,700,62
2026-04-15,朝阳街道,金桂苑,1017,803,467.9,139.4,6.8,367.7,709,94
2026-04-16,朝阳街道,金桂苑,1017,749,425.8,130.9,7.2,298.7,666,83
2026-04-17,朝阳街道,金桂苑,1017,780,443.5,143.1,6.9,369.2,711,69
2026-04-18,朝阳街道,金桂苑,1017,843,414.5,184.4,5.7,306.5,756,87
2026-04-19,朝阳街道,金桂苑,1017,846,434.2,146.9,7.9,332.9,757,89
2026-04-20,朝阳街道,金桂苑,1017,742,444.4,143.9,6.8,291.9,684,58
2026-04-21,朝阳街道,金桂苑,1017,785,382.7,130.8,6.9,308.3,705,80
2026-04-22,朝阳街道,金桂苑,1017,723,475.0,133.8,6.0,376.6,645,78
2026-04-23,朝阳街道,金桂苑,1017,809,523.5,129.1,8.2,361.5,726,83
2026-04-24,朝阳街道,金桂苑,1017,796,480.8,156.9,7.2,423.5,691,105
2026-04-25,朝阳街道,金桂苑,1017,869,458.1,166.7,8.5,329.2,746,123
2026-04-26,朝阳街道,金桂苑,1017,842,388.3,163.1,6.7,351.1,743,99
2026-04-27,朝阳街道,金桂苑,1017,758,440.8,147.5,6.7,320.7,682,76
2026-04-28,朝阳街道,金桂苑,1017,773,436.6,140.9,5.5,361.1,677,96
2026-04-29,朝阳街道,金桂苑,1017,831,438.3,137.0,6.0,329.9,753,78
2026-04-30,朝阳街道,金桂苑,1017,746,460.4,122.2,4.6,329.2,664,82
2026-05-01,朝阳街道,金桂苑,1017,803,478.8,141.1,5.7,380.6,704,99
2026-05-02,朝阳街道,金桂苑,1017,828,477.1,153.8,6.8,364.3,734,94
2026-05-03,朝阳街道,金桂苑,1017,839,452.2,165.9,6.5,357.2,728,111
2026-05-04,朝阳街道,金桂苑,1017,766,407.8,135.8,6.2,305.3,678,88
2026-05-05,朝阳街道,金桂苑,1017,761,436.1,115.6,5.2,292.7,683,78
2026-05-06,朝阳街道,金桂苑,1017,750,380.2,142.0,6.3,275.0,687,63
2026-05-07,朝阳街道,金桂苑,1017,748,443.5,130.2,5.0,259.3,693,55
2026-05-08,朝阳街道,金桂苑,1017,777,486.8,146.0,6.2,317.2,712,65
2026-05-09,朝阳街道,金桂苑,1017,873,474.3,171.3,6.9,352.3,806,67
2026-05-10,朝阳街道,金桂苑,1017,853,517.5,157.0,9.1,356.5,739,114
2026-05-11,朝阳街道,金桂苑,1017,773,358.6,153.6,7.2,341.5,722,51
2026-05-12,朝阳街道,金桂苑,1017,721,431.3,129.7,5.7,284.3,648,73
2026-05-13,朝阳街道,金桂苑,1017,741,429.1,133.5,6.1,330.4,649,92
2026-05-14,朝阳街道,金桂苑,1017,797,417.9,117.2,8.6,309.9,713,84
2026-05-15,朝阳街道,金桂苑,1017,792,432.0,143.4,6.0,390.2,703,89
2026-05-16,朝阳街道,金桂苑,1017,848,498.2,151.2,5.9,363.7,754,94
2026-05-17,朝阳街道,金桂苑,1017,861,500.5,140.4,7.0,366.0,779,82
2026-05-18,朝阳街道,金桂苑,1017,798,501.0,147.3,8.4,321.9,736,62
2026-05-19,朝阳街道,金桂苑,1017,820,475.7,133.9,5.6,353.2,736,84
2026-05-20,朝阳街道,金桂苑,1017,801,489.6,134.8,5.4,339.6,722,79
2026-05-21,朝阳街道,金桂苑,1017,814,483.7,152.1,5.8,316.6,731,83
2026-05-22,朝阳街道,金桂苑,1017,829,371.4,132.3,6.9,360.6,754,75
2026-05-23,朝阳街道,金桂苑,1017,849,432.0,154.8,5.1,383.9,754,95
2026-05-24,朝阳街道,金桂苑,1017,806,456.4,121.2,6.1,310.2,743,63
2026-05-25,朝阳街道,金桂苑,1017,778,431.9,144.6,6.3,315.6,673,105
2026-05-26,朝阳街道,金桂苑,1017,791,402.2,176.8,5.7,360.4,701,90
2026-05-27,朝阳街道,金桂苑,1017,719,450.4,103.8,5.4,349.7,645,74
2026-05-28,朝阳街道,金桂苑,1017,767,362.7,159.7,6.8,290.5,721,46
2026-05-29,朝阳街道,金桂苑,1017,833,444.7,158.0,7.1,356.6,756,77
2026-05-30,朝阳街道,金桂苑,1017,808,440.9,135.2,7.1,350.0,753,55
2026-05-31,朝阳街道,金桂苑,1017,807,501.4,160.8,7.4,345.7,770,37
2026-06-01,朝阳街道,金桂苑,1017,730,416.0,141.1,4.7,306.8,676,54
2026-06-02,朝阳街道,金桂苑,1017,779,395.1,152.8,6.2,358.8,723,56
2026-06-03,朝阳街道,金桂苑,1017,773,364.9,180.1,7.2,346.3,700,73
2026-06-04,朝阳街道,金桂苑,1017,815,463.8,151.6,5.9,383.6,736,79
2026-06-05,朝阳街道,金桂苑,1017,839,423.2,150.1,7.9,404.9,778,61
2026-06-06,朝阳街道,金桂苑,1017,865,499.8,152.5,7.8,367.4,772,93
2026-06-07,朝阳街道,金桂苑,1017,798,383.0,116.8,6.9,341.3,732,66
2026-06-08,朝阳街道,金桂苑,1017,793,403.8,148.3,6.3,334.4,748,45
2026-06-09,朝阳街道,金桂苑,1017,812,492.5,151.0,6.9,327.6,742,70
2026-06-10,朝阳街道,金桂苑,1017,747,331.9,144.5,5.7,285.5,666,81
2026-06-11,朝阳街道,金桂苑,1017,809,467.1,160.4,7.1,304.0,704,105
2026-06-12,朝阳街道,金桂苑,1017,791,434.0,156.7,7.0,279.3,721,70
2026-06-13,朝阳街道,金桂苑,1017,834,521.7,168.5,9.7,326.6,733,101
2026-06-14,朝阳街道,金桂苑,1017,784,444.3,156.0,5.9,303.7,683,101
2026-06-15,朝阳街道,金桂苑,1017,788,467.4,136.7,6.8,344.4,753,35
2026-06-16,朝阳街道,金桂苑,1017,804,430.3,169.0,5.3,338.3,737,67
2026-06-17,朝阳街道,金桂苑,1017,757,404.0,157.0,4.2,322.7,693,64
2026-06-18,朝阳街道,金桂苑,1017,771,444.9,123.8,5.8,306.5,713,58
2026-06-19,朝阳街道,金桂苑,1017,785,466.9,149.5,5.7,284.9,695,90
2026-06-20,朝阳街道,金桂苑,1017,827,503.4,167.0,6.2,374.7,719,108
2026-06-21,朝阳街道,金桂苑,1017,832,509.9,135.3,7.6,311.4,719,113
2026-06-22,朝阳街道,金桂苑,1017,753,440.8,150.8,5.8,307.1,670,83
2026-06-23,朝阳街道,金桂苑,1017,808,432.2,183.9,6.4,305.5,738,70
2026-06-24,朝阳街道,金桂苑,1017,782,377.4,135.8,5.6,311.3,703,79
2026-06-25,朝阳街道,金桂苑,1017,737,391.1,144.0,6.4,289.1,688,49
2026-06-26,朝阳街道,金桂苑,1017,748,455.2,128.8,5.5,287.1,665,83
2026-06-27,朝阳街道,金桂苑,1017,851,444.3,173.5,6.7,369.3,788,63
2026-06-28,朝阳街道,金桂苑,1017,796,472.4,140.4,5.2,304.3,708,88
2026-06-29,朝阳街道,金桂苑,1017,797,454.1,145.5,6.8,313.3,730,67
2026-06-30,朝阳街道,金桂苑,1017,769,464.2,128.0,7.9,301.8,728,41
2026-07-01,朝阳街道,金桂苑,1017,805,507.7,149.8,6.6,318.7,766,39
2026-07-02,朝阳街道,金桂苑,1017,814,370.1,152.1,6.7,322.0,750,64
2026-07-03,朝阳街道,金桂苑,1017,756,395.1,140.9,7.8,302.7,690,66
2026-07-04,朝阳街道,金桂苑,1017,831,493.3,151.8,6.2,382.9,777,54
2026-07-05,朝阳街道,金桂苑,1017,864,465.6,159.7,7.0,416.8,815,49
2026-07-06,朝阳街道,金桂苑,1017,781,431.2,174.2,7.4,286.3,705,76
2026-07-07,朝阳街道,金桂苑,1017,793,399.7,144.2,5.1,304.3,730,63
2026-07-08,朝阳街道,金桂苑,1017,797,415.7,134.4,6.5,369.2,723,74
2026-07-09,朝阳街道,金桂苑,1017,822,397.4,139.0,8.2,307.9,721,101
2026-07-10,朝阳街道,金桂苑,1017,833,492.4,150.1,5.9,295.2,774,59
2026-07-11,朝阳街道,金桂苑,1017,814,472.0,122.5,7.2,340.6,743,71
2026-07-12,朝阳街道,金桂苑,1017,867,530.2,144.1,6.9,377.7,816,51
2026-07-13,朝阳街道,金桂苑,1017,766,381.7,140.6,5.3,326.4,698,68
2026-07-14,朝阳街道,金桂苑,1017,803,450.7,141.7,5.9,348.6,721,82
2026-07-15,朝阳街道,金桂苑,1017,819,497.4,166.3,7.1,361.1,751,68
2026-07-16,朝阳街道,金桂苑,1017,750,447.2,130.6,5.5,310.1,680,70
2026-07-17,朝阳街道,金桂苑,1017,780,434.6,149.8,6.7,383.6,715,65
2026-07-18,朝阳街道,金桂苑,1017,884,487.6,169.7,7.9,436.3,784,100
2026-07-19,朝阳街道,金桂苑,1017,818,453.0,154.4,6.1,381.1,772,46
2026-07-20,朝阳街道,金桂苑,1017,715,386.0,123.8,5.4,332.4,642,73
2026-07-21,朝阳街道,金桂苑,1017,773,450.8,136.8,5.6,328.3,727,46
2026-07-22,朝阳街道,金桂苑,1017,783,401.2,165.3,7.4,343.1,703,80
2026-07-23,朝阳街道,金桂苑,1017,783,386.5,133.5,7.3,287.3,704,79
2026-07-24,朝阳街道,金桂苑,1017,808,487.9,131.0,5.8,349.4,754,54
2026-07-25,朝阳街道,金桂苑,1017,839,418.6,158.4,8.3,362.1,761,78
2026-07-26,朝阳街道,金桂苑,1017,834,412.6,129.0,8.2,335.3,741,93
2026-07-27,朝阳街道,金桂苑,1017,838,517.2,178.9,7.1,409.2,761,77
2026-07-28,朝阳街道,金桂苑,1017,810,462.2,162.7,8.2,319.2,733,77
2026-07-29,朝阳街道,金桂苑,1017,813,475.2,139.0,8.0,339.2,708,105
2026-07-30,朝阳街道,金桂苑,1017,830,409.8,125.4,6.5,342.1,781,49
2026-07-31,朝阳街道,金桂苑,1017,791,403.8,158.0,6.3,361.7,745,46
2026-08-01,朝阳街道,金桂苑,1017,857,419.5,165.9,5.6,336.9,797,60
2026-08-02,朝阳街道,金桂苑,1017,829,488.2,151.0,6.8,343.0,740,89
2026-08-03,朝阳街道,金桂苑,1017,804,419.3,135.9,5.5,311.8,740,64
2026-08-04,朝阳街道,金桂苑,1017,777,394.7,165.9,7.6,322.9,676,101
2026-08-05,朝阳街道,金桂苑,1017,808,450.7,128.3,5.6,384.1,725,83
2026-08-06,朝阳街道,金桂苑,1017,809,461.7,134.4,6.7,331.0,752,57
2026-08-07,朝阳街道,金桂苑,1017,782,478.7,133.7,5.0,345.4,729,53
2026-08-08,朝阳街道,金桂苑,1017,858,455.5,153.8,6.7,388.6,748,110
2026-08-09,朝阳街道,金桂苑,1017,840,456.3,153.0,6.6,350.2,733,107
2026-08-10,朝阳街道,金桂苑,1017,808,422.5,110.5,6.7,327.6,767,41
2026-08-11,朝阳街道,金桂苑,1017,812,452.9,161.3,8.2,343.6,725,87
2026-08-12,朝阳街道,金桂苑,1017,817,521.8,147.3,6.0,343.7,782,35
2026-08-13,朝阳街道,金桂苑,1017,764,452.0,136.2,6.9,330.7,666,98
2026-08-14,朝阳街道,金桂苑,1017,827,447.2,143.1,6.8,341.5,736,91
2026-08-15,朝阳街道,金桂苑,1017,877,443.4,154.8,7.5,359.6,804,73
2026-08-16,朝阳街道,金桂苑,1017,845,434.9,137.1,6.8,352.2,765,80
2026-08-17,朝阳街道,金桂苑,1017,825,474.7,135.1,5.6,340.2,776,49
2026-08-18,朝阳街道,金桂苑,1017,813,442.6,131.2,6.6,322.0,762,51
2026-08-19,朝阳街道,金桂苑,1017,791,496.2,167.6,6.9,315.1,689,102
2026-08-20,朝阳街道,金桂苑,1017,769,500.9,141.6,7.1,330.8,693,76
2026-08-21,朝阳街道,金桂苑,1017,773,393.1,143.6,7.1,360.6,680,93
2026-08-22,朝阳街道,金桂苑,1017,810,488.8,154.8,7.5,306.3,738,72
2026-08-23,朝阳街道,金桂苑,1017,861,491.3,150.0,5.6,341.1,780,81
2026-08-24,朝阳街道,金桂苑,1017,764,403.1,135.4,6.2,330.2,684,80
2026-08-25,朝阳街道,金桂苑,1017,782,475.2,163.1,6.7,275.8,765,17
2026-08-26,朝阳街道,金桂苑,1017,746,380.8,148.8,5.2,287.2,687,59
2026-08-27,朝阳街道,金桂苑,1017,755,395.5,115.7,5.1,268.4,709,46
2026-08-28,朝阳街道,金桂苑,1017,749,392.7,139.0,5.3,335.8,719,30
2026-08-29,朝阳街道,金桂苑,1017,868,455.3,138.9,6.8,362.7,769,99
2026-08-30,朝阳街道,金桂苑,1017,798,434.9,153.1,5.5,324.7,713,85
2026-08-31,朝阳街道,金桂苑,1017,777,387.4,153.7,6.4,329.6,741,36
2026-01-01,滨江街道,江畔人家,827,580,330.8,103.0,4.5,232.3,479,101
2026-01-02,滨江街道,江畔人家,827,605,301.0,138.7,4.7,255.3,483,122
2026-01-03,滨江街道,江畔人家,827,669,329.1,129.1,5.8,296.3,555,114
2026-01-04,滨江街道,江畔人家,827,671,381.9,121.7,5.0,322.2,592,79
2026-01-05,滨江街道,江畔人家,827,570,269.6,114.2,4.4,237.9,452,118
2026-01-06,滨江街道,江畔人家,827,587,311.6,103.3,5.1,265.2,476,111
2026-01-07,滨江街道,江畔人家,827,625,342.6,108.2,4.1,281.1,524,101
2026-01-08,滨江街道,江畔人家,827,636,351.6,106.0,7.0,290.0,525,111
2026-01-09,滨江街道,江畔人家,827,619,343.7,115.5,4.9,235.2,525,94
2026-01-10,滨江街道,江畔人家,827,638,355.9,104.4,5.3,263.4,520,118
2026-01-11,滨江街道,江畔人家,827,657,405.2,112.9,5.4,311.7,567,90
2026-01-12,滨江街道,江畔人家,827,616,359.2,125.7,4.3,291.4,531,85
2026-01-13,滨江街道,江畔人家,827,615,364.3,85.0,5.1,249.3,490,125
2026-01-14,滨江街道,江畔人家,827,637,375.6,99.3,6.0,233.4,556,81
2026-01-15,滨江街道,江畔人家,827,619,389.2,117.9,5.0,265.1,527,92
2026-01-16,滨江街道,江畔人家,827,611,329.5,100.7,6.2,286.4,521,90
2026-01-17,滨江街道,江畔人家,827,682,353.0,119.4,5.7,283.1,584,98
2026-01-18,滨江街道,江畔人家,827,647,382.6,100.9,5.0,280.9,540,107
2026-01-19,滨江街道,江畔人家,827,605,306.4,99.2,6.2,249.9,526,79
2026-01-20,滨江街道,江畔人家,827,646,334.3,117.1,4.7,281.5,522,124
2026-01-21,滨江街道,江畔人家,827,617,378.6,99.0,5.2,252.9,524,93
2026-01-22,滨江街道,江畔人家,827,603,339.5,101.9,6.3,266.8,519,84
2026-01-23,滨江街道,江畔人家,827,587,296.0,107.7,5.2,236.4,504,83
2026-01-24,滨江街道,江畔人家,827,691,373.1,134.0,7.3,320.8,589,102
2026-01-25,滨江街道,江畔人家,827,672,375.5,117.7,4.5,297.9,559,113
2026-01-26,滨江街道,江畔人家,827,612,343.5,118.4,5.3,262.6,523,89
2026-01-27,滨江街道,江畔人家,827,666,323.4,114.4,5.5,261.6,559,107
2026-01-28,滨江街道,江畔人家,827,617,321.8,107.0,4.9,256.6,530,87
2026-01-29,滨江街道,江畔人家,827,620,321.7,118.8,6.3,258.3,527,93
2026-01-30,滨江街道,江畔人家,827,619,379.0,106.3,4.0,250.5,530,89
2026-01-31,滨江街道,江畔人家,827,612,352.3,121.0,5.3,288.2,513,99
2026-02-01,滨江街道,江畔人家,827,663,363.0,124.0,7.3,255.6,541,122
2026-02-02,滨江街道,江畔人家,827,633,319.6,99.9,5.3,283.3,550,83
2026-02-03,滨江街道,江畔人家,827,577,401.5,107.2,4.9,226.9,483,94
2026-02-04,滨江街道,江畔人家,827,623,333.5,121.2,4.0,296.2,512,111
2026-02-05,滨江街道,江畔人家,827,613,380.2,136.2,4.0,205.4,508,105
2026-02-06,滨江街道,江畔人家,827,638,366.5,129.4,3.9,280.6,559,79
2026-02-07,滨江街道,江畔人家,827,669,355.4,113.4,6.7,267.5,552,117
2026-02-08,滨江街道,江畔人家,827,665,403.9,120.8,6.8,271.4,553,112
2026-02-09,滨江街道,江畔人家,827,625,377.5,125.3,6.3,247.1,521,104
2026-02-10,滨江街道,江畔人家,827,623,369.9,116.1,5.4,263.2,533,90
2026-02-11,滨江街道,江畔人家,827,628,356.0,97.4,5.3,259.8,566,62
2026-02-12,滨江街道,江畔人家,827,625,334.1,133.2,4.4,243.8,533,92
2026-02-13,滨江街道,江畔人家,827,624,367.7,115.8,6.0,262.1,523,101
2026-02-14,滨江街道,江畔人家,827,664,337.4,102.6,4.8,274.2,565,99
2026-02-15,滨江街道,江畔人家,827,670,363.1,124.4,5.1,253.0,536,134
2026-02-16,滨江街道,江畔人家,827,628,343.5,106.2,5.3,279.4,520,108
2026-02-17,滨江街道,江畔人家,827,636,379.9,126.0,6.1,270.8,519,117
2026-02-18,滨江街道,江畔人家,827,614,314.2,102.6,4.4,295.8,546,68
2026-02-19,滨江街道,江畔人家,827,577,299.3,89.3,4.0,233.4,504,73
2026-02-20,滨江街道,江畔人家,827,629,316.6,96.1,5.8,262.9,554,75
2026-02-21,滨江街道,江畔人家,827,637,395.7,90.8,4.6,243.0,557,80
2026-02-22,滨江街道,江畔人家,827,652,333.5,128.0,5.5,314.7,559,93
2026-02-23,滨江街道,江畔人家,827,638,271.6,118.0,5.6,262.6,549,89
2026-02-24,滨江街道,江畔人家,827,581,294.4,112.5,5.1,228.1,488,93
2026-02-25,滨江街道,江畔人家,827,620,333.2,100.4,5.7,273.0,555,65
2026-02-26,滨江街道,江畔人家,827,634,378.6,115.8,4.4,259.5,554,80
2026-02-27,滨江街道,江畔人家,827,652,336.8,120.6,6.1,268.5,580,72
2026-02-28,滨江街道,江畔人家,827,678,432.5,119.9,7.4,344.2,593,85
2026-03-01,滨江街道,江畔人家,827,645,309.5,123.7,5.6,272.8,535,110
2026-03-02,滨江街道,江畔人家,827,580,362.2,98.1,4.3,240.6,496,84
2026-03-03,滨江街道,江畔人家,827,622,372.1,100.5,3.0,238.5,568,54
2026-03-04,滨江街道,江畔人家,827,648,330.2,127.7,4.3,293.1,581,67
2026-03-05,滨江街道,江畔人家,827,632,342.3,111.4,5.3,259.6,540,92
2026-03-06,滨江街道,江畔人家,827,609,365.8,137.3,4.0,256.7,519,90
2026-03-07,滨江街道,江畔人家,827,637,363.6,94.3,5.0,307.0,552,85
2026-03-08,滨江街道,江畔人家,827,675,383.8,135.8,4.9,309.2,597,78
2026-03-09,滨江街道,江畔人家,827,594,318.0,102.6,5.0,245.5,508,86
2026-03-10,滨江街道,江畔人家,827,635,321.4,122.0,4.9,265.7,567,68
2026-03-11,滨江街道,江畔人家,827,615,331.2,102.1,6.2,249.5,527,88
2026-03-12,滨江街道,江畔人家,827,664,354.4,110.7,3.6,282.7,583,81
2026-03-13,滨江街道,江畔人家,827,603,382.9,109.4,5.5,280.2,506,97
2026-03-14,滨江街道,江畔人家,827,706,363.5,103.4,5.8,272.3,623,83
2026-03-15,滨江街道,江畔人家,827,707,437.2,126.7,5.3,299.6,602,105
2026-03-16,滨江街道,江畔人家,827,656,332.7,122.2,5.8,270.3,567,89
2026-03-17,滨江街道,江畔人家,827,596,352.0,114.7,5.0,296.4,537,59
2026-03-18,滨江街道,江畔人家,827,635,364.5,108.6,4.0,252.6,547,88
2026-03-19,滨江街道,江畔人家,827,635,310.4,120.0,4.6,267.6,561,74
2026-03-20,滨江街道,江畔人家,827,598,357.1,118.3,4.3,251.8,542,56
2026-03-21,滨江街道,江畔人家,827,696,404.7,130.3,5.3,276.2,613,83
2026-03-22,滨江街道,江畔人家,827,683,334.1,125.5,4.6,274.0,599,84
2026-03-23,滨江街道,江畔人家,827,604,340.7,110.7,5.6,276.4,531,73
2026-03-24,滨江街道,江畔人家,827,612,381.8,126.0,4.7,280.1,536,76
2026-03-25,滨江街道,江畔人家,827,633,342.3,110.8,6.1,297.0,530,103
2026-03-26,滨江街道,江畔人家,827,618,322.7,121.0,3.5,276.8,541,77
2026-03-27,滨江街道,江畔人家,827,632,282.6,120.1,7.0,251.1,564,68
2026-03-28,滨江街道,江畔人家,827,668,337.8,136.0,5.6,262.6,578,90
2026-03-29,滨江街道,江畔人家,827,650,328.3,100.3,5.9,288.4,556,94
2026-03-30,滨江街道,江畔人家,827,631,317.5,115.9,4.2,302.4,544,87
2026-03-31,滨江街道,江畔人家,827,641,363.9,118.0,6.0,263.1,554,87
2026-04-01,滨江街道,江畔人家,827,624,340.5,113.9,4.6,271.9,566,58
2026-04-02,滨江街道,江畔人家,827,621,358.5,88.4,4.5,256.0,572,49
2026-04-03,滨江街道,江畔人家,827,662,396.0,95.7,5.4,259.0,550,112
2026-04-04,滨江街道,江畔人家,827,707,375.2,139.8,4.3,323.6,609,98
2026-04-05,滨江街道,江畔人家,827,649,361.1,112.3,5.5,260.9,562,87
2026-04-06,滨江街道,江畔人家,827,586,285.7,117.0,5.5,270.7,516,70
2026-04-07,滨江街道,江畔人家,827,618,322.5,121.6,5.7,257.4,560,58
2026-04-08,滨江街道,江畔人家,827,670,382.8,111.4,4.2,284.0,590,80
2026-04-09,滨江街道,江畔人家,827,654,371.8,101.3,5.3,244.5,597,57
2026-04-10,滨江街道,江畔人家,827,616,355.4,124.1,4.4,273.6,554,62
2026-04-11,滨江街道,江畔人家,827,671,386.9,119.9,5.2,272.7,589,82
2026-04-12,滨江街道,江畔人家,827,680,366.6,112.7,7.7,321.9,588,92
2026-04-13,滨江街道,江畔人家,827,675,353.2,116.7,5.6,296.8,599,76
2026-04-14,滨江街道,江畔人家,827,616,298.4,122.3,6.3,274.9,535,81
2026-04-15,滨江街道,江畔人家,827,637,339.5,128.3,5.7,289.4,552,85
2026-04-16,滨江街道,江畔人家,827,614,321.7,126.7,5.5,252.4,544,70
2026-04-17,滨江街道,江畔人家,827,666,357.5,106.9,4.0,288.8,567,99
2026-04-18,滨江街道,江畔人家,827,679,392.2,118.8,4.3,298.5,604,75
2026-04-19,滨江街道,江畔人家,827,693,368.5,111.1,6.2,280.5,603,90
2026-04-20,滨江街道,江畔人家,827,638,338.0,105.7,5.6,263.1,554,84
2026-04-21,滨江街道,江畔人家,827,666,395.2,108.3,6.4,307.8,605,61
2026-04-22,滨江街道,江畔人家,827,659,347.9,109.6,4.3,274.0,592,67
2026-04-23,滨江街道,江畔人家,827,631,308.6,117.8,4.7,256.3,578,53
2026-04-24,滨江街道,江畔人家,827,604,356.3,102.6,4.4,231.1,567,37
2026-04-25,滨江街道,江畔人家,827,603,330.6,107.6,4.8,250.0,526,77
2026-04-26,滨江街道,江畔人家,827,688,372.9,135.6,6.2,322.4,620,68
2026-04-27,滨江街道,江畔人家,827,650,376.8,96.2,5.0,234.3,563,87
2026-04-28,滨江街道,江畔人家,827,681,342.7,113.7,7.1,329.6,616,65
2026-04-29,滨江街道,江畔人家,827,623,354.5,101.4,5.2,263.9,536,87
2026-04-30,滨江街道,江畔人家,827,631,353.5,101.4,5.3,238.0,581,50
2026-05-01,滨江街道,江畔人家,827,627,345.4,114.8,4.7,286.4,556,71
2026-05-02,滨江街道,江畔人家,827,675,360.1,117.8,5.3,277.0,595,80
2026-05-03,滨江街道,江畔人家,827,733,337.6,142.4,5.0,343.5,629,104
2026-05-04,滨江街道,江畔人家,827,646,333.6,128.0,4.5,263.8,578,68
2026-05-05,滨江街道,江畔人家,827,652,371.6,127.4,6.3,256.1,613,39
2026-05-06,滨江街道,江畔人家,827,633,379.7,116.3,4.8,245.4,569,64
2026-05-07,滨江街道,江畔人家,827,609,344.1,110.9,4.6,217.2,554,55
2026-05-08,滨江街道,江畔人家,827,627,367.5,138.6,6.2,286.5,563,64
2026-05-09,滨江街道,江畔人家,827,715,450.9,143.0,5.4,311.5,645,70
2026-05-10,滨江街道,江畔人家,827,676,321.5,109.7,5.5,251.5,610,66
2026-05-11,滨江街道,江畔人家,827,646,386.4,105.3,5.1,261.2,588,58
2026-05-12,滨江街道,江畔人家,827,639,327.6,116.4,3.9,259.4,554,85
2026-05-13,滨江街道,江畔人家,827,635,421.9,114.8,4.4,265.7,565,70
2026-05-14,滨江街道,江畔人家,827,620,356.8,136.8,4.6,257.1,564,56
2026-05-15,滨江街道,江畔人家,827,600,354.1,111.0,5.7,226.3,533,67
2026-05-16,滨江街道,江畔人家,827,697,332.1,100.8,6.0,311.0,647,50
2026-05-17,滨江街道,江畔人家,827,679,376.8,104.7,5.3,283.6,593,86
2026-05-18,滨江街道,江畔人家,827,624,336.6,137.6,4.5,287.4,544,80
2026-05-19,滨江街道,江畔人家,827,605,295.1,114.2,4.9,244.7,528,77
2026-05-20,滨江街道,江畔人家,827,658,380.0,127.1,4.6,293.4,588,70
2026-05-21,滨江街道,江畔人家,827,628,337.6,140.2,5.4,295.6,557,71
2026-05-22,滨江街道,江畔人家,827,614,283.7,118.1,4.5,288.0,563,51
2026-05-23,滨江街道,江畔人家,827,681,342.3,128.4,6.4,242.6,602,79
2026-05-24,滨江街道,江畔人家,827,661,404.2,133.5,5.7,291.3,583,78
2026-05-25,滨江街道,江畔人家,827,604,373.1,101.4,4.8,239.6,563,41
2026-05-26,滨江街道,江畔人家,827,636,323.3,96.9,4.7,314.0,594,42
2026-05-27,滨江街道,江畔人家,827,676,371.3,143.5,4.5,274.1,601,75
2026-05-28,滨江街道,江畔人家,827,648,352.9,116.8,5.8,234.0,574,74
2026-05-29,滨江街道,江畔人家,827,662,354.2,112.3,6.0,263.0,610,52
2026-05-30,滨江街道,江畔人家,827,676,418.8,111.8,4.6,255.8,600,76
2026-05-31,滨江街道,江畔人家,827,680,398.0,93.3,5.0,282.7,638,42
2026-06-01,滨江街道,江畔人家,827,638,410.2,113.7,4.4,276.3,580,58
2026-06-02,滨江街道,江畔人家,827,621,399.2,108.9,4.8,250.3,557,64
2026-06-03,滨江街道,江畔人家,827,662,336.9,128.3,4.8,274.0,608,54
2026-06-04,滨江街道,江畔人家,827,665,328.9,106.9,5.3,268.8,628,37
2026-06-05,滨江街道,江畔人家,827,642,313.7,110.0,4.3,292.7,592,50
2026-06-06,滨江街道,江畔人家,827,687,378.8,127.7,6.1,223.1,633,54
2026-06-07,滨江街道,江畔人家,827,707,369.1,120.2,5.6,309.6,642,65
2026-06-08,滨江街道,江畔人家,827,627,313.8,105.3,5.0,273.0,534,93
2026-06-09,滨江街道,江畔人家,827,669,349.3,127.2,5.0,283.1,582,87
2026-06-10,滨江街道,江畔人家,827,606,336.9,128.6,4.3,266.4,538,68
2026-06-11,滨江街道,江畔人家,827,633,333.9,109.7,5.3,289.4,555,78
2026-06-12,滨江街道,江畔人家,827,628,325.8,115.8,4.9,252.7,554,74
2026-06-13,滨江街道,江畔人家,827,720,397.0,161.7,5.9,326.6,651,69
2026-06-14,滨江街道,江畔人家,827,685,373.8,123.6,4.7,301.0,636,49
2026-06-15,滨江街道,江畔人家,827,612,324.1,116.8,4.3,327.4,527,85
2026-06-16,滨江街道,江畔人家,827,657,412.7,103.2,4.7,275.0,583,74
2026-06-17,滨江街道,江畔人家,827,594,306.0,100.9,6.4,254.5,553,41
2026-06-18,滨江街道,江畔人家,827,715,401.2,130.8,6.4,291.7,628,87
2026-06-19,滨江街道,江畔人家,827,612,324.1,103.9,4.4,269.2,564,48
2026-06-20,滨江街道,江畔人家,827,678,391.4,135.7,6.6,249.8,622,56
2026-06-21,滨江街道,江畔人家,827,694,364.1,123.2,4.2,290.3,660,34
2026-06-22,滨江街道,江畔人家,827,661,402.7,123.3,4.5,280.8,599,62
2026-06-23,滨江街道,江畔人家,827,623,350.5,114.7,6.4,275.5,581,42
2026-06-24,滨江街道,江畔人家,827,644,373.7,124.6,4.4,244.2,598,46
2026-06-25,滨江街道,江畔人家,827,623,335.3,128.7,5.7,258.0,562,61
2026-06-26,滨江街道,江畔人家,827,659,369.6,119.3,4.9,310.6,588,71
2026-06-27,滨江街道,江畔人家,827,638,359.0,110.8,5.3,270.6,580,58
2026-06-28,滨江街道,江畔人家,827,680,383.3,113.7,3.9,313.1,614,66
2026-06-29,滨江街道,江畔人家,827,638,362.7,97.2,5.7,293.9,584,54
2026-06-30,滨江街道,江畔人家,827,652,331.1,127.5,5.1,270.0,575,77
2026-07-01,滨江街道,江畔人家,827,647,399.1,118.4,5.5,267.0,599,48
2026-07-02,滨江街道,江畔人家,827,653,331.6,95.4,5.2,265.5,618,35
2026-07-03,滨江街道,江畔人家,827,660,367.6,114.1,6.8,283.0,579,81
2026-07-04,滨江街道,江畔人家,827,712,387.2,113.6,5.4,318.5,644,68
2026-07-05,滨江街道,江畔人家,827,694,348.0,111.5,5.0,303.0,644,50
2026-07-06,滨江街道,江畔人家,827,615,293.7,114.6,4.4,243.9,583,32
2026-07-07,滨江街道,江畔人家,827,629,377.0,105.5,3.9,256.1,568,61
2026-07-08,滨江街道,江畔人家,827,627,345.8,136.6,5.1,260.2,583,44
2026-07-09,滨江街道,江畔人家,827,617,336.3,123.0,4.0,283.8,568,49
2026-07-10,滨江街道,江畔人家,827,673,395.8,123.0,5.3,327.9,625,48
2026-07-11,滨江街道,江畔人家,827,682,363.5,124.6,5.3,316.5,623,59
2026-07-12,滨江街道,江畔人家,827,692,401.9,126.6,5.7,281.6,618,74
2026-07-13,滨江街道,江畔人家,827,627,324.4,94.3,5.6,256.9,555,72
2026-07-14,滨江街道,江畔人家,827,637,331.5,95.7,4.1,263.9,560,77
2026-07-15,滨江街道,江畔人家,827,625,297.1,112.7,5.6,241.3,544,81
2026-07-16,滨江街道,江畔人家,827,662,328.0,112.7,4.0,284.4,602,60
2026-07-17,滨江街道,江畔人家,827,651,315.9,115.9,5.3,249.9,582,69
2026-07-18,滨江街道,江畔人家,827,688,404.6,133.7,5.9,255.2,656,32
2026-07-19,滨江街道,江畔人家,827,689,388.8,124.9,6.5,298.6,631,58
2026-07-20,滨江街道,江畔人家,827,673,345.8,147.0,5.2,278.8,625,48
2026-07-21,滨江街道,江畔人家,827,694,361.5,128.9,5.3,273.2,651,43
2026-07-22,滨江街道,江畔人家,827,657,384.5,118.8,5.9,292.4,603,54
2026-07-23,滨江街道,江畔人家,827,644,370.9,130.9,4.9,279.3,591,53
2026-07-24,滨江街道,江畔人家,827,624,406.6,107.1,5.9,253.3,589,35
2026-07-25,滨江街道,江畔人家,827,692,373.3,137.9,3.9,283.3,640,52
2026-07-26,滨江街道,江畔人家,827,673,345.1,126.0,5.5,239.8,630,43
2026-07-27,滨江街道,江畔人家,827,662,336.4,123.1,5.5,239.8,615,47
2026-07-28,滨江街道,江畔人家,827,650,338.7,136.5,5.2,276.5,634,16
2026-07-29,滨江街道,江畔人家,827,648,345.6,110.5,4.3,280.2,591,57
2026-07-30,滨江街道,江畔人家,827,669,418.8,114.2,5.4,282.2,589,80
2026-07-31,滨江街道,江畔人家,827,655,344.6,129.5,4.2,309.0,599,56
2026-08-01,滨江街道,江畔人家,827,682,373.8,110.1,5.9,263.6,612,70
2026-08-02,滨江街道,江畔人家,827,691,360.4,124.6,5.2,283.4,621,70
2026-08-03,滨江街道,江畔人家,827,646,349.8,103.5,5.7,282.6,588,58
2026-08-04,滨江街道,江畔人家,827,607,311.1,108.1,4.9,251.1,558,49
2026-08-05,滨江街道,江畔人家,827,621,316.0,110.2,7.1,252.4,591,30
2026-08-06,滨江街道,江畔人家,827,684,382.3,124.2,5.5,315.9,637,47
2026-08-07,滨江街道,江畔人家,827,623,345.5,115.6,5.8,252.2,571,52
2026-08-08,滨江街道,江畔人家,827,688,363.3,123.7,5.7,236.8,642,46
2026-08-09,滨江街道,江畔人家,827,712,385.2,130.1,3.1,319.7,686,26
2026-08-10,滨江街道,江畔人家,827,682,325.8,125.7,4.8,288.8,647,35
2026-08-11,滨江街道,江畔人家,827,604,328.4,93.8,4.3,209.6,587,17
2026-08-12,滨江街道,江畔人家,827,645,291.6,105.1,5.2,261.5,590,55
2026-08-13,滨江街道,江畔人家,827,660,341.3,113.4,5.8,265.5,601,59
2026-08-14,滨江街道,江畔人家,827,690,343.7,137.6,7.0,332.4,648,42
2026-08-15,滨江街道,江畔人家,827,700,342.7,142.5,4.9,295.2,647,53
2026-08-16,滨江街道,江畔人家,827,714,408.6,116.9,6.8,292.8,664,50
2026-08-17,滨江街道,江畔人家,827,630,328.0,111.0,5.7,284.2,571,59
2026-08-18,滨江街道,江畔人家,827,700,385.1,115.6,4.9,295.1,662,38
2026-08-19,滨江街道,江畔人家,827,653,329.0,116.9,5.1,294.0,627,26
2026-08-20,滨江街道,江畔人家,827,684,344.4,109.8,5.0,327.7,620,64
2026-08-21,滨江街道,江畔人家,827,670,400.8,106.3,5.4,280.4,627,43
2026-08-22,滨江街道,江畔人家,827,677,343.4,128.1,4.5,299.3,642,35
2026-08-23,滨江街道,江畔人家,827,669,378.6,117.4,4.8,281.9,645,24
2026-08-24,滨江街道,江畔人家,827,608,349.6,117.3,4.9,266.8,553,55
2026-08-25,滨江街道,江畔人家,827,655,354.6,127.1,5.4,293.8,620,35
2026-08-26,滨江街道,江畔人家,827,681,353.3,140.1,6.3,301.1,623,58
2026-08-27,滨江街道,江畔人家,827,681,373.2,95.4,5.2,287.4,630,51
2026-08-28,滨江街道,江畔人家,827,637,379.9,118.2,5.1,241.3,592,45
2026-08-29,滨江街道,江畔人家,827,699,351.6,124.7,6.5,305.3,655,44
2026-08-30,滨江街道,江畔人家,827,736,368.6,135.4,5.5,307.0,706,30
2026-08-31,滨江街道,江畔人家,827,629,292.5,101.7,4.0,276.2,595,34
2026-01-01,滨江街道,滨江豪庭,655,504,278.7,96.8,4.5,190.9,423,81
2026-01-02,滨江街道,滨江豪庭,655,535,297.4,98.1,4.4,258.6,439,96
2026-01-03,滨江街道,滨江豪庭,655,580,290.0,120.7,4.4,246.7,481,99
2026-01-04,滨江街道,滨江豪庭,655,542,285.0,77.7,3.6,227.0,431,111
2026-01-05,滨江街道,滨江豪庭,655,559,322.4,101.5,5.5,206.3,457,102
2026-01-06,滨江街道,滨江豪庭,655,516,298.7,82.2,4.6,236.5,442,74
2026-01-07,滨江街道,滨江豪庭,655,510,296.1,94.3,4.2,191.8,404,106
2026-01-08,滨江街道,滨江豪庭,655,525,325.4,93.6,4.5,231.0,428,97
2026-01-09,滨江街道,滨江豪庭,655,535,304.1,108.0,4.8,216.3,420,115
2026-01-10,滨江街道,滨江豪庭,655,600,396.6,127.7,6.4,261.8,510,90
2026-01-11,滨江街道,滨江豪庭,655,554,317.2,98.6,4.9,244.7,432,122
2026-01-12,滨江街道,滨江豪庭,655,517,260.6,88.8,2.9,232.7,422,95
2026-01-13,滨江街道,滨江豪庭,655,489,279.2,84.2,4.1,207.8,406,83
2026-01-14,滨江街道,滨江豪庭,655,530,327.5,84.3,4.3,195.6,440,90
2026-01-15,滨江街道,滨江豪庭,655,521,281.8,89.6,2.7,201.3,432,89
2026-01-16,滨江街道,滨江豪庭,655,514,281.4,91.7,3.8,235.3,424,90
2026-01-17,滨江街道,滨江豪庭,655,556,313.6,93.4,4.9,226.3,486,70
2026-01-18,滨江街道,滨江豪庭,655,560,336.0,101.3,3.7,209.0,474,86
2026-01-19,滨江街道,滨江豪庭,655,564,339.7,105.7,3.7,239.7,461,103
2026-01-20,滨江街道,滨江豪庭,655,533,279.0,76.1,4.4,204.0,450,83
2026-01-21,滨江街道,滨江豪庭,655,526,272.4,101.5,4.1,183.4,446,80
2026-01-22,滨江街道,滨江豪庭,655,528,283.1,101.6,5.3,219.2,434,94
2026-01-23,滨江街道,滨江豪庭,655,497,253.5,103.3,4.6,200.6,413,84
2026-01-24,滨江街道,滨江豪庭,655,548,289.4,79.0,5.9,219.1,482,66
2026-01-25,滨江街道,滨江豪庭,655,588,352.5,86.8,6.0,275.6,482,106
2026-01-26,滨江街道,滨江豪庭,655,552,320.8,114.3,4.9,215.4,449,103
2026-01-27,滨江街道,滨江豪庭,655,506,261.4,87.6,4.3,213.6,427,79
2026-01-28,滨江街道,滨江豪庭,655,517,324.0,100.0,5.8,197.7,425,92
2026-01-29,滨江街道,滨江豪庭,655,507,267.5,89.8,4.8,207.5,418,89
2026-01-30,滨江街道,滨江豪庭,655,554,308.7,92.4,4.5,236.5,455,99
2026-01-31,滨江街道,滨江豪庭,655,546,296.7,93.7,3.5,220.7,461,85
2026-02-01,滨江街道,滨江豪庭,655,578,307.4,88.8,5.0,258.3,470,108
2026-02-02,滨江街道,滨江豪庭,655,534,292.3,108.7,4.6,185.7,449,85
2026-02-03,滨江街道,滨江豪庭,655,520,256.8,99.4,4.5,185.6,435,85
2026-02-04,滨江街道,滨江豪庭,655,546,278.8,103.6,5.2,206.3,470,76
2026-02-05,滨江街道,滨江豪庭,655,519,277.3,76.6,4.0,199.2,444,75
2026-02-06,滨江街道,滨江豪庭,655,545,313.5,105.3,4.3,220.3,467,78
2026-02-07,滨江街道,滨江豪庭,655,544,331.3,102.9,4.7,257.8,481,63
2026-02-08,滨江街道,滨江豪庭,655,550,276.4,98.0,3.6,216.7,478,72
2026-02-09,滨江街道,滨江豪庭,655,497,288.0,76.9,4.0,227.9,411,86
2026-02-10,滨江街道,滨江豪庭,655,556,261.0,105.0,4.1,239.8,466,90
2026-02-11,滨江街道,滨江豪庭,655,547,281.4,93.0,4.2,220.1,448,99
2026-02-12,滨江街道,滨江豪庭,655,570,372.6,116.9,5.6,243.4,489,81
2026-02-13,滨江街道,滨江豪庭,655,530,288.4,87.7,4.8,235.0,450,80
2026-02-14,滨江街道,滨江豪庭,655,544,290.8,102.3,3.9,239.2,472,72
2026-02-15,滨江街道,滨江豪庭,655,566,289.8,115.4,3.9,245.5,473,93
2026-02-16,滨江街道,滨江豪庭,655,549,328.3,94.0,3.3,228.9,454,95
2026-02-17,滨江街道,滨江豪庭,655,525,277.0,108.4,3.2,227.8,425,100
2026-02-18,滨江街道,滨江豪庭,655,561,252.3,103.7,5.4,256.9,456,105
2026-02-19,滨江街道,滨江豪庭,655,500,295.4,74.8,4.3,192.9,434,66
2026-02-20,滨江街道,滨江豪庭,655,519,318.3,99.5,4.2,216.4,433,86
2026-02-21,滨江街道,滨江豪庭,655,562,317.9,97.2,4.3,253.2,485,77
2026-02-22,滨江街道,滨江豪庭,655,544,297.0,91.3,4.0,242.8,458,86
2026-02-23,滨江街道,滨江豪庭,655,528,278.8,94.0,3.6,209.4,441,87
2026-02-24,滨江街道,滨江豪庭,655,559,289.7,96.9,4.5,203.0,453,106
2026-02-25,滨江街道,滨江豪庭,655,486,278.6,85.8,3.6,207.4,412,74
2026-02-26,滨江街道,滨江豪庭,655,522,289.2,100.2,4.3,204.7,433,89
2026-02-27,滨江街道,滨江豪庭,655,526,313.4,85.4,5.4,213.8,431,95
2026-02-28,滨江街道,滨江豪庭,655,591,308.2,100.8,4.9,244.6,517,74
2026-03-01,滨江街道,滨江豪庭,655,573,277.3,98.6,3.9,266.9,490,83
2026-03-02,滨江街道,滨江豪庭,655,543,310.2,93.7,4.4,222.4,486,57
2026-03-03,滨江街道,滨江豪庭,655,561,317.7,87.2,4.0,268.6,474,87
2026-03-04,滨江街道,滨江豪庭,655,543,307.7,100.5,4.3,233.3,456,87
2026-03-05,滨江街道,滨江豪庭,655,552,321.3,105.2,4.5,273.4,477,75
2026-03-06,滨江街道,滨江豪庭,655,534,297.2,92.6,4.4,212.1,462,72
2026-03-07,滨江街道,滨江豪庭,655,554,302.2,100.8,4.3,259.5,492,62
2026-03-08,滨江街道,滨江豪庭,655,572,319.1,104.3,4.4,212.6,475,97
2026-03-09,滨江街道,滨江豪庭,655,526,330.6,93.0,3.4,243.5,442,84
2026-03-10,滨江街道,滨江豪庭,655,519,259.2,107.1,3.3,260.5,433,86
2026-03-11,滨江街道,滨江豪庭,655,538,261.8,135.0,5.7,212.1,466,72
2026-03-12,滨江街道,滨江豪庭,655,533,296.9,108.6,4.2,225.7,447,86
2026-03-13,滨江街道,滨江豪庭,655,573,295.2,97.9,3.9,236.7,481,92
2026-03-14,滨江街道,滨江豪庭,655,578,287.9,108.4,5.3,219.6,496,82
2026-03-15,滨江街道,滨江豪庭,655,565,315.1,112.2,5.7,259.0,498,67
2026-03-16,滨江街道,滨江豪庭,655,545,318.2,101.9,4.4,228.8,469,76
2026-03-17,滨江街道,滨江豪庭,655,518,270.3,84.0,3.4,229.4,445,73
2026-03-18,滨江街道,滨江豪庭,655,512,273.4,89.4,3.4,203.9,430,82
2026-03-19,滨江街道,滨江豪庭,655,550,277.6,93.6,4.6,240.3,471,79
2026-03-20,滨江街道,滨江豪庭,655,537,248.6,97.7,3.4,238.0,457,80
2026-03-21,滨江街道,滨江豪庭,655,561,311.9,110.8,5.0,227.1,471,90
2026-03-22,滨江街道,滨江豪庭,655,575,301.5,86.5,5.9,250.7,495,80
2026-03-23,滨江街道,滨江豪庭,655,561,294.6,93.7,5.0,258.3,493,68
2026-03-24,滨江街道,滨江豪庭,655,517,283.2,102.8,5.0,195.9,452,65
2026-03-25,滨江街道,滨江豪庭,655,515,275.4,96.8,4.7,212.7,454,61
2026-03-26,滨江街道,滨江豪庭,655,522,296.2,101.0,3.7,205.1,429,93
2026-03-27,滨江街道,滨江豪庭,655,517,274.2,108.8,4.5,229.6,454,63
2026-03-28,滨江街道,滨江豪庭,655,569,301.3,96.4,3.6,218.6,481,88
2026-03-29,滨江街道,滨江豪庭,655,570,324.5,106.6,4.2,258.4,502,68
2026-03-30,滨江街道,滨江豪庭,655,535,295.3,87.2,4.3,194.7,462,73
2026-03-31,滨江街道,滨江豪庭,655,533,289.3,84.5,3.8,242.3,444,89
2026-04-01,滨江街道,滨江豪庭,655,528,272.0,107.8,5.1,236.4,469,59
2026-04-02,滨江街道,滨江豪庭,655,530,315.6,111.9,3.7,223.8,485,45
2026-04-03,滨江街道,滨江豪庭,655,519,283.2,94.9,4.3,216.9,449,70
2026-04-04,滨江街道,滨江豪庭,655,557,302.9,86.2,3.6,269.1,509,48
2026-04-05,滨江街道,滨江豪庭,655,577,314.1,101.3,3.7,274.0,500,77
2026-04-06,滨江街道,滨江豪庭,655,500,270.7,97.4,3.7,193.5,431,69
2026-04-07,滨江街道,滨江豪庭,655,537,323.1,99.1,4.4,203.3,474,63
2026-04-08,滨江街道,滨江豪庭,655,538,295.1,82.9,4.8,242.6,472,66
2026-04-09,滨江街道,滨江豪庭,655,510,272.2,75.6,5.5,214.5,439,71
2026-04-10,滨江街道,滨江豪庭,655,562,346.2,87.2,5.1,263.6,470,92
2026-04-11,滨江街道,滨江豪庭,655,562,300.5,94.6,4.5,224.7,505,57
2026-04-12,滨江街道,滨江豪庭,655,607,320.8,114.1,4.9,274.5,534,73
2026-04-13,滨江街道,滨江豪庭,655,559,296.8,113.8,4.1,202.8,473,86
2026-04-14,滨江街道,滨江豪庭,655,527,268.5,95.9,3.5,243.3,474,53
2026-04-15,滨江街道,滨江豪庭,655,532,321.0,92.3,3.7,215.0,457,75
2026-04-16,滨江街道,滨江豪庭,655,519,303.1,105.6,4.4,207.9,457,62
2026-04-17,滨江街道,滨江豪庭,655,519,267.4,96.6,4.7,190.0,469,50
2026-04-18,滨江街道,滨江豪庭,655,582,326.0,99.3,4.3,282.4,531,51
2026-04-19,滨江街道,滨江豪庭,655,585,346.2,105.8,3.7,240.7,497,88
2026-04-20,滨江街道,滨江豪庭,655,535,338.7,92.6,5.1,245.3,473,62
2026-04-21,滨江街道,滨江豪庭,655,552,283.4,109.1,5.2,237.6,457,95
2026-04-22,滨江街道,滨江豪庭,655,560,327.9,107.4,5.1,236.7,493,67
2026-04-23,滨江街道,滨江豪庭,655,529,259.6,103.5,4.1,238.2,460,69
2026-04-24,滨江街道,滨江豪庭,655,532,267.2,85.9,5.8,212.7,481,51
2026-04-25,滨江街道,滨江豪庭,655,556,298.0,102.9,6.0,267.2,479,77
2026-04-26,滨江街道,滨江豪庭,655,577,308.2,105.4,3.9,241.6,474,103
2026-04-27,滨江街道,滨江豪庭,655,541,275.3,98.6,5.5,236.6,442,99
2026-04-28,滨江街道,滨江豪庭,655,553,363.2,95.1,5.4,245.0,465,88
2026-04-29,滨江街道,滨江豪庭,655,547,323.3,101.3,4.8,207.6,473,74
2026-04-30,滨江街道,滨江豪庭,655,543,322.3,97.5,5.2,208.8,470,73
2026-05-01,滨江街道,滨江豪庭,655,559,304.6,92.3,4.1,213.7,489,70
2026-05-02,滨江街道,滨江豪庭,655,576,334.8,107.2,5.2,232.4,526,50
2026-05-03,滨江街道,滨江豪庭,655,589,336.2,117.7,4.8,223.2,521,68
2026-05-04,滨江街道,滨江豪庭,655,549,326.6,92.7,3.6,224.9,456,93
2026-05-05,滨江街道,滨江豪庭,655,541,274.7,99.0,3.6,211.1,490,51
2026-05-06,滨江街道,滨江豪庭,655,543,305.2,110.0,4.7,252.9,463,80
2026-05-07,滨江街道,滨江豪庭,655,546,317.4,115.8,3.5,240.4,473,73
2026-05-08,滨江街道,滨江豪庭,655,530,230.7,83.9,5.1,207.8,479,51
2026-05-09,滨江街道,滨江豪庭,655,580,286.9,119.5,5.3,264.0,526,54
2026-05-10,滨江街道,滨江豪庭,655,554,308.5,91.2,4.3,212.3,476,78
2026-05-11,滨江街道,滨江豪庭,655,527,338.0,85.2,5.0,224.0,448,79
2026-05-12,滨江街道,滨江豪庭,655,536,254.8,97.3,4.8,212.3,487,49
2026-05-13,滨江街道,滨江豪庭,655,534,289.3,90.8,4.3,210.9,476,58
2026-05-14,滨江街道,滨江豪庭,655,524,275.2,78.4,3.9,234.3,456,68
2026-05-15,滨江街道,滨江豪庭,655,510,268.4,107.1,4.1,195.7,449,61
2026-05-16,滨江街道,滨江豪庭,655,573,286.3,115.2,4.8,245.1,505,68
2026-05-17,滨江街道,滨江豪庭,655,597,325.5,109.7,4.7,252.7,519,78
2026-05-18,滨江街道,滨江豪庭,655,530,261.2,115.8,3.6,209.0,470,60
2026-05-19,滨江街道,滨江豪庭,655,521,301.7,102.0,3.8,218.4,441,80
2026-05-20,滨江街道,滨江豪庭,655,563,288.7,96.4,3.8,219.9,480,83
2026-05-21,滨江街道,滨江豪庭,655,546,284.4,107.5,3.9,249.4,483,63
2026-05-22,滨江街道,滨江豪庭,655,499,290.5,90.1,3.8,231.2,439,60
2026-05-23,滨江街道,滨江豪庭,655,591,284.2,102.7,4.2,238.2,496,95
2026-05-24,滨江街道,滨江豪庭,655,583,328.4,88.1,4.6,235.1,525,58
2026-05-25,滨江街道,滨江豪庭,655,542,302.4,116.8,4.4,243.2,451,91
2026-05-26,滨江街道,滨江豪庭,655,543,309.2,104.5,3.9,234.2,479,64
2026-05-27,滨江街道,滨江豪庭,655,551,316.6,101.5,6.3,225.7,479,72
2026-05-28,滨江街道,滨江豪庭,655,549,261.2,112.8,4.8,255.1,462,87
2026-05-29,滨江街道,滨江豪庭,655,574,315.0,117.9,5.7,241.1,514,60
2026-05-30,滨江街道,滨江豪庭,655,585,286.2,92.1,4.9,274.7,509,76
2026-05-31,滨江街道,滨江豪庭,655,570,343.2,124.1,4.8,232.6,520,50
2026-06-01,滨江街道,滨江豪庭,655,567,328.6,108.0,4.5,282.7,517,50
2026-06-02,滨江街道,滨江豪庭,655,524,284.6,95.9,4.2,237.7,503,21
2026-06-03,滨江街道,滨江豪庭,655,518,289.3,94.0,3.9,189.1,482,36
2026-06-04,滨江街道,滨江豪庭,655,547,310.9,98.7,3.4,196.4,480,67
2026-06-05,滨江街道,滨江豪庭,655,561,298.6,114.8,4.4,268.1,494,67
2026-06-06,滨江街道,滨江豪庭,655,609,342.3,108.9,5.5,249.4,549,60
2026-06-07,滨江街道,滨江豪庭,655,590,327.8,103.8,5.6,249.6,552,38
2026-06-08,滨江街道,滨江豪庭,655,539,309.3,117.5,4.4,242.3,497,42
2026-06-09,滨江街道,滨江豪庭,655,538,260.1,107.1,4.2,210.9,494,44
2026-06-10,滨江街道,滨江豪庭,655,544,321.6,103.0,3.2,208.4,466,78
2026-06-11,滨江街道,滨江豪庭,655,551,278.6,107.6,3.4,223.2,483,68
2026-06-12,滨江街道,滨江豪庭,655,565,339.4,109.7,4.3,258.4,519,46
2026-06-13,滨江街道,滨江豪庭,655,591,298.2,97.7,4.6,278.7,515,76
2026-06-14,滨江街道,滨江豪庭,655,598,361.0,111.5,5.7,227.1,539,59
2026-06-15,滨江街道,滨江豪庭,655,531,323.7,91.2,3.8,254.9,482,49
2026-06-16,滨江街道,滨江豪庭,655,505,263.4,104.2,3.9,219.8,468,37
2026-06-17,滨江街道,滨江豪庭,655,561,344.9,106.1,3.7,248.2,506,55
2026-06-18,滨江街道,滨江豪庭,655,534,288.6,96.6,3.4,237.4,473,61
2026-06-19,滨江街道,滨江豪庭,655,548,250.1,99.7,4.9,212.1,477,71
2026-06-20,滨江街道,滨江豪庭,655,601,350.9,123.8,4.5,250.0,516,85
2026-06-21,滨江街道,滨江豪庭,655,601,300.5,108.0,5.8,248.9,544,57
2026-06-22,滨江街道,滨江豪庭,655,580,310.2,93.4,3.0,299.6,491,89
2026-06-23,滨江街道,滨江豪庭,655,539,276.3,97.9,3.9,241.8,490,49
2026-06-24,滨江街道,滨江豪庭,655,551,316.7,98.5,4.6,214.4,488,63
2026-06-25,滨江街道,滨江豪庭,655,529,292.2,103.9,4.5,246.5,481,48
2026-06-26,滨江街道,滨江豪庭,655,554,321.2,101.4,5.9,203.7,523,31
2026-06-27,滨江街道,滨江豪庭,655,596,331.1,98.2,4.7,260.6,542,54
2026-06-28,滨江街道,滨江豪庭,655,576,313.0,104.1,5.1,250.8,498,78
2026-06-29,滨江街道,滨江豪庭,655,528,288.1,90.2,4.4,247.4,482,46
2026-06-30,滨江街道,滨江豪庭,655,537,314.6,98.0,5.1,260.6,481,56
2026-07-01,滨江街道,滨江豪庭,655,557,281.8,91.9,5.0,233.1,512,45
2026-07-02,滨江街道,滨江豪庭,655,521,293.3,113.4,4.3,230.5,480,41
2026-07-03,滨江街道,滨江豪庭,655,558,263.6,84.5,4.3,247.6,499,59
2026-07-04,滨江街道,滨江豪庭,655,586,319.7,100.9,5.6,248.2,535,51
2026-07-05,滨江街道,滨江豪庭,655,562,307.9,116.3,4.3,281.5,506,56
2026-07-06,滨江街道,滨江豪庭,655,532,284.3,99.2,3.9,224.9,477,55
2026-07-07,滨江街道,滨江豪庭,655,593,311.5,116.9,5.5,239.0,539,54
2026-07-08,滨江街道,滨江豪庭,655,517,283.6,88.8,3.5,219.1,448,69
2026-07-09,滨江街道,滨江豪庭,655,553,303.5,109.6,4.7,223.8,499,54
2026-07-10,滨江街道,滨江豪庭,655,568,294.8,100.1,4.8,232.9,505,63
2026-07-11,滨江街道,滨江豪庭,655,601,305.4,84.2,5.2,255.9,555,46
2026-07-12,滨江街道,滨江豪庭,655,571,332.8,105.3,4.8,233.2,516,55
2026-07-13,滨江街道,滨江豪庭,655,551,329.5,102.9,3.0,246.2,507,44
2026-07-14,滨江街道,滨江豪庭,655,552,296.8,86.5,4.4,207.7,496,56
2026-07-15,滨江街道,滨江豪庭,655,545,271.0,90.3,4.3,227.7,495,50
2026-07-16,滨江街道,滨江豪庭,655,593,323.3,112.7,5.2,246.5,563,30
2026-07-17,滨江街道,滨江豪庭,655,558,314.2,113.9,4.2,221.2,516,42
2026-07-18,滨江街道,滨江豪庭,655,578,330.8,108.2,4.6,220.1,507,71
2026-07-19,滨江街道,滨江豪庭,655,602,349.7,102.6,5.8,251.6,563,39
2026-07-20,滨江街道,滨江豪庭,655,521,247.6,111.3,4.6,203.5,446,75
2026-07-21,滨江街道,滨江豪庭,655,540,297.6,88.8,4.7,257.0,483,57
2026-07-22,滨江街道,滨江豪庭,655,545,264.5,99.3,4.3,260.3,479,66
2026-07-23,滨江街道,滨江豪庭,655,566,353.6,94.2,4.7,236.2,502,64
2026-07-24,滨江街道,滨江豪庭,655,552,256.6,109.8,3.5,275.8,515,37
2026-07-25,滨江街道,滨江豪庭,655,594,349.9,112.1,5.6,258.5,544,50
2026-07-26,滨江街道,滨江豪庭,655,574,290.3,103.8,5.0,212.4,525,49
2026-07-27,滨江街道,滨江豪庭,655,529,352.0,95.7,4.0,204.7,478,51
2026-07-28,滨江街道,滨江豪庭,655,535,299.1,98.2,4.9,218.2,500,35
2026-07-29,滨江街道,滨江豪庭,655,573,321.1,99.5,4.6,223.2,521,52
2026-07-30,滨江街道,滨江豪庭,655,570,336.5,103.4,5.3,226.6,509,61
2026-07-31,滨江街道,滨江豪庭,655,577,296.9,117.5,5.3,224.7,515,62
2026-08-01,滨江街道,滨江豪庭,655,578,311.1,88.1,4.4,239.4,534,44
2026-08-02,滨江街道,滨江豪庭,655,545,286.8,102.0,4.2,227.5,482,63
2026-08-03,滨江街道,滨江豪庭,655,545,312.4,94.5,4.5,222.9,490,55
2026-08-04,滨江街道,滨江豪庭,655,526,307.8,87.5,5.1,230.0,498,28
2026-08-05,滨江街道,滨江豪庭,655,550,334.4,116.0,5.8,235.2,516,34
2026-08-06,滨江街道,滨江豪庭,655,561,303.0,96.5,4.9,222.9,525,36
2026-08-07,滨江街道,滨江豪庭,655,550,283.3,88.3,4.4,196.7,507,43
2026-08-08,滨江街道,滨江豪庭,655,579,325.7,101.4,4.7,235.3,519,60
2026-08-09,滨江街道,滨江豪庭,655,581,345.5,110.3,5.6,271.9,539,42
2026-08-10,滨江街道,滨江豪庭,655,558,309.2,113.3,3.7,249.0,496,62
2026-08-11,滨江街道,滨江豪庭,655,581,320.8,100.2,4.8,258.8,527,54
2026-08-12,滨江街道,滨江豪庭,655,543,295.9,96.4,5.0,223.8,513,30
2026-08-13,滨江街道,滨江豪庭,655,535,331.6,104.7,4.9,207.1,495,40
2026-08-14,滨江街道,滨江豪庭,655,551,302.9,122.2,5.1,222.7,521,30
2026-08-15,滨江街道,滨江豪庭,655,584,304.9,104.4,4.0,240.3,529,55
2026-08-16,滨江街道,滨江豪庭,655,617,334.2,110.7,5.0,295.0,539,78
2026-08-17,滨江街道,滨江豪庭,655,560,300.6,93.8,3.9,235.5,532,28
2026-08-18,滨江街道,滨江豪庭,655,518,306.8,84.2,4.0,211.0,482,36
2026-08-19,滨江街道,滨江豪庭,655,545,298.7,95.1,5.9,212.9,515,30
2026-08-20,滨江街道,滨江豪庭,655,558,282.0,100.2,4.8,252.2,512,46
2026-08-21,滨江街道,滨江豪庭,655,543,322.8,109.0,5.0,223.3,493,50
2026-08-22,滨江街道,滨江豪庭,655,598,326.9,111.9,4.6,238.4,577,21
2026-08-23,滨江街道,滨江豪庭,655,583,310.2,107.2,3.9,216.6,535,48
2026-08-24,滨江街道,滨江豪庭,655,563,334.4,106.4,4.5,237.4,542,21
2026-08-25,滨江街道,滨江豪庭,655,536,387.0,104.6,3.6,215.4,480,56
2026-08-26,滨江街道,滨江豪庭,655,495,302.3,83.5,3.6,203.3,469,26
2026-08-27,滨江街道,滨江豪庭,655,543,301.6,94.5,3.9,207.8,504,39
2026-08-28,滨江街道,滨江豪庭,655,570,353.1,111.9,4.3,237.7,520,50
2026-08-29,滨江街道,滨江豪庭,655,590,337.7,111.7,4.5,252.2,524,66
2026-08-30,滨江街道,滨江豪庭,655,589,311.0,100.6,4.4,283.7,559,30
2026-08-31,滨江街道,滨江豪庭,655,536,263.4,115.2,4.1,203.7,493,43
2026-01-01,滨江街道,望江公寓,985,754,470.0,153.1,6.8,302.4,652,102
2026-01-02,滨江街道,望江公寓,985,712,342.8,145.6,5.6,310.9,607,105
2026-01-03,滨江街道,望江公寓,985,766,484.0,134.7,4.4,279.5,642,124
2026-01-04,滨江街道,望江公寓,985,837,459.8,161.6,5.9,372.4,709,128
2026-01-05,滨江街道,望江公寓,985,711,383.6,113.1,6.2,266.1,568,143
2026-01-06,滨江街道,望江公寓,985,760,413.4,140.2,4.6,285.7,660,100
2026-01-07,滨江街道,望江公寓,985,754,440.4,145.9,6.3,343.5,655,99
2026-01-08,滨江街道,望江公寓,985,766,446.3,126.0,5.6,318.5,655,111
2026-01-09,滨江街道,望江公寓,985,732,461.9,119.0,6.4,307.0,611,121
2026-01-10,滨江街道,望江公寓,985,847,443.3,166.6,8.7,314.1,740,107
2026-01-11,滨江街道,望江公寓,985,840,488.9,161.5,5.8,353.3,695,145
2026-01-12,滨江街道,望江公寓,985,752,462.3,133.8,6.4,337.6,633,119
2026-01-13,滨江街道,望江公寓,985,756,430.9,141.0,4.7,314.4,643,113
2026-01-14,滨江街道,望江公寓,985,783,358.0,127.5,5.1,364.6,683,100
2026-01-15,滨江街道,望江公寓,985,706,417.0,159.0,6.2,319.4,607,99
2026-01-16,滨江街道,望江公寓,985,768,447.0,158.5,7.4,326.2,676,92
2026-01-17,滨江街道,望江公寓,985,822,446.1,162.5,7.2,362.0,695,127
2026-01-18,滨江街道,望江公寓,985,865,507.0,149.1,7.9,341.1,762,103
2026-01-19,滨江街道,望江公寓,985,719,364.7,147.5,6.4,293.5,618,101
2026-01-20,滨江街道,望江公寓,985,781,395.2,125.9,7.4,331.7,702,79
2026-01-21,滨江街道,望江公寓,985,781,433.6,168.4,7.7,325.7,704,77
2026-01-22,滨江街道,望江公寓,985,774,396.9,122.7,6.7,303.7,611,163
2026-01-23,滨江街道,望江公寓,985,788,479.9,148.7,6.0,340.9,646,142
2026-01-24,滨江街道,望江公寓,985,815,449.2,152.0,6.2,375.6,721,94
2026-01-25,滨江街道,望江公寓,985,808,390.1,137.0,6.7,381.2,681,127
2026-01-26,滨江街道,望江公寓,985,708,377.5,113.1,6.5,273.7,584,124
2026-01-27,滨江街道,望江公寓,985,733,384.0,137.9,6.8,364.1,612,121
2026-01-28,滨江街道,望江公寓,985,717,422.7,109.3,5.7,309.6,634,83
2026-01-29,滨江街道,望江公寓,985,756,439.3,149.4,5.8,329.6,614,142
2026-01-30,滨江街道,望江公寓,985,786,444.5,121.0,5.0,283.5,654,132
2026-01-31,滨江街道,望江公寓,985,812,487.4,168.5,6.9,383.7,681,131
2026-02-01,滨江街道,望江公寓,985,814,425.9,138.5,9.4,362.4,680,134
2026-02-02,滨江街道,望江公寓,985,784,465.3,132.8,7.4,316.9,688,96
2026-02-03,滨江街道,望江公寓,985,748,410.2,155.1,5.8,344.7,657,91
2026-02-04,滨江街道,望江公寓,985,734,406.1,121.1,7.7,350.0,617,117
2026-02-05,滨江街道,望江公寓,985,772,445.8,138.4,5.4,339.0,682,90
2026-02-06,滨江街道,望江公寓,985,765,505.9,114.6,6.5,307.0,629,136
2026-02-07,滨江街道,望江公寓,985,831,422.7,131.9,7.6,351.5,706,125
2026-02-08,滨江街道,望江公寓,985,823,468.1,134.8,4.9,367.6,713,110
2026-02-09,滨江街道,望江公寓,985,745,404.2,144.3,5.3,313.5,635,110
2026-02-10,滨江街道,望江公寓,985,777,411.7,157.9,5.1,352.6,657,120
2026-02-11,滨江街道,望江公寓,985,762,444.1,155.3,5.4,357.8,662,100
2026-02-12,滨江街道,望江公寓,985,763,370.9,138.6,6.3,307.4,625,138
2026-02-13,滨江街道,望江公寓,985,717,360.8,144.4,7.1,308.4,610,107
2026-02-14,滨江街道,望江公寓,985,822,444.7,157.6,6.1,346.1,666,156
2026-02-15,滨江街道,望江公寓,985,833,410.2,179.7,5.2,418.7,722,111
2026-02-16,滨江街道,望江公寓,985,732,444.3,142.6,6.5,316.6,646,86
2026-02-17,滨江街道,望江公寓,985,754,353.0,125.0,7.0,287.8,691,63
2026-02-18,滨江街道,望江公寓,985,790,473.8,150.0,6.8,325.8,697,93
2026-02-19,滨江街道,望江公寓,985,788,447.3,146.4,7.3,358.3,680,108
2026-02-20,滨江街道,望江公寓,985,705,384.2,132.6,6.8,319.8,637,68
2026-02-21,滨江街道,望江公寓,985,823,472.5,150.8,8.4,374.4,704,119
2026-02-22,滨江街道,望江公寓,985,796,445.4,141.2,6.4,274.2,692,104
2026-02-23,滨江街道,望江公寓,985,766,412.0,122.6,5.7,320.7,657,109
2026-02-24,滨江街道,望江公寓,985,749,384.5,144.1,6.6,343.9,603,146
2026-02-25,滨江街道,望江公寓,985,785,452.7,142.2,6.5,316.2,669,116
2026-02-26,滨江街道,望江公寓,985,783,441.2,144.4,6.1,294.0,644,139
2026-02-27,滨江街道,望江公寓,985,749,411.0,139.4,7.3,349.5,671,78
2026-02-28,滨江街道,望江公寓,985,845,497.0,134.6,5.5,362.4,748,97
2026-03-01,滨江街道,望江公寓,985,821,484.8,142.2,7.7,356.4,727,94
2026-03-02,滨江街道,望江公寓,985,761,441.3,125.6,6.2,309.4,679,82
2026-03-03,滨江街道,望江公寓,985,707,367.4,140.9,6.0,329.3,629,78
2026-03-04,滨江街道,望江公寓,985,777,371.3,131.2,7.1,351.5,686,91
2026-03-05,滨江街道,望江公寓,985,805,409.3,178.6,8.5,307.4,696,109
2026-03-06,滨江街道,望江公寓,985,827,462.4,142.7,6.3,268.0,724,103
2026-03-07,滨江街道,望江公寓,985,769,431.4,131.2,5.8,328.0,655,114
2026-03-08,滨江街道,望江公寓,985,839,413.4,146.4,6.2,375.0,751,88
2026-03-09,滨江街道,望江公寓,985,768,413.5,142.7,5.1,323.0,630,138
2026-03-10,滨江街道,望江公寓,985,783,337.4,146.7,7.1,326.6,699,84
2026-03-11,滨江街道,望江公寓,985,735,420.4,111.0,7.5,274.3,620,115
2026-03-12,滨江街道,望江公寓,985,725,368.7,141.1,7.1,309.7,659,66
2026-03-13,滨江街道,望江公寓,985,821,426.6,161.2,5.0,349.6,712,109
2026-03-14,滨江街道,望江公寓,985,810,434.7,121.3,5.2,343.0,699,111
2026-03-15,滨江街道,望江公寓,985,768,338.3,137.4,6.4,350.9,690,78
2026-03-16,滨江街道,望江公寓,985,742,416.2,120.7,6.6,321.3,632,110
2026-03-17,滨江街道,望江公寓,985,767,365.8,123.5,6.8,329.8,686,81
2026-03-18,滨江街道,望江公寓,985,792,426.1,145.0,6.5,317.5,716,76
2026-03-19,滨江街道,望江公寓,985,787,462.3,128.7,5.5,298.7,701,86
2026-03-20,滨江街道,望江公寓,985,716,362.8,127.1,4.6,279.8,631,85
2026-03-21,滨江街道,望江公寓,985,821,437.7,151.1,5.5,324.7,711,110
2026-03-22,滨江街道,望江公寓,985,777,455.1,146.1,5.1,311.1,694,83
2026-03-23,滨江街道,望江公寓,985,783,408.1,137.6,5.8,316.1,692,91
2026-03-24,滨江街道,望江公寓,985,777,406.6,136.9,5.8,369.2,704,73
2026-03-25,滨江街道,望江公寓,985,808,435.1,145.8,7.4,325.3,717,91
2026-03-26,滨江街道,望江公寓,985,716,390.9,151.8,7.4,282.6,628,88
2026-03-27,滨江街道,望江公寓,985,746,356.7,151.7,4.1,319.8,678,68
2026-03-28,滨江街道,望江公寓,985,800,474.1,135.1,7.7,277.2,697,103
2026-03-29,滨江街道,望江公寓,985,853,463.0,136.3,7.1,332.4,766,87
2026-03-30,滨江街道,望江公寓,985,762,361.7,141.4,7.6,361.9,636,126
2026-03-31,滨江街道,望江公寓,985,764,413.1,118.7,7.8,302.3,668,96
2026-04-01,滨江街道,望江公寓,985,789,410.2,143.8,5.8,345.9,705,84
2026-04-02,滨江街道,望江公寓,985,786,433.6,144.0,5.7,318.7,695,91
2026-04-03,滨江街道,望江公寓,985,764,420.5,137.4,5.3,314.9,676,88
2026-04-04,滨江街道,望江公寓,985,855,451.6,130.6,8.2,413.5,745,110
2026-04-05,滨江街道,望江公寓,985,816,479.3,132.3,7.0,307.1,735,81
2026-04-06,滨江街道,望江公寓,985,788,421.8,133.8,5.3,320.1,714,74
2026-04-07,滨江街道,望江公寓,985,763,419.0,141.8,5.8,345.0,664,99
2026-04-08,滨江街道,望江公寓,985,769,394.2,133.7,6.5,351.7,690,79
2026-04-09,滨江街道,望江公寓,985,747,417.9,131.7,7.6,288.0,675,72
2026-04-10,滨江街道,望江公寓,985,697,368.2,125.3,4.8,255.5,608,89
2026-04-11,滨江街道,望江公寓,985,833,489.5,177.3,5.8,300.9,728,105
2026-04-12,滨江街道,望江公寓,985,817,428.6,124.1,7.2,350.8,697,120
2026-04-13,滨江街道,望江公寓,985,808,416.9,141.0,6.8,362.8,702,106
2026-04-14,滨江街道,望江公寓,985,737,376.4,151.3,6.1,330.0,677,60
2026-04-15,滨江街道,望江公寓,985,787,415.1,126.4,5.5,368.8,694,93
2026-04-16,滨江街道,望江公寓,985,772,415.7,108.8,5.8,324.7,675,97
2026-04-17,滨江街道,望江公寓,985,762,425.0,149.6,7.3,351.0,629,133
2026-04-18,滨江街道,望江公寓,985,819,419.4,116.5,7.1,334.6,711,108
2026-04-19,滨江街道,望江公寓,985,842,443.0,163.6,8.8,349.5,732,110
2026-04-20,滨江街道,望江公寓,985,793,573.8,150.7,6.7,311.2,703,90
2026-04-21,滨江街道,望江公寓,985,752,440.5,139.1,6.1,325.8,664,88
2026-04-22,滨江街道,望江公寓,985,783,459.4,135.2,5.8,317.1,712,71
2026-04-23,滨江街道,望江公寓,985,749,411.3,146.3,9.2,265.0,644,105
2026-04-24,滨江街道,望江公寓,985,782,406.2,137.6,7.3,296.7,692,90
2026-04-25,滨江街道,望江公寓,985,831,422.6,139.3,6.9,370.8,753,78
2026-04-26,滨江街道,望江公寓,985,868,490.4,170.2,7.9,356.7,765,103
2026-04-27,滨江街道,望江公寓,985,736,418.7,121.6,4.8,272.1,661,75
2026-04-28,滨江街道,望江公寓,985,800,468.9,126.6,5.8,346.2,697,103
2026-04-29,滨江街道,望江公寓,985,806,441.9,157.2,5.9,411.7,701,105
2026-04-30,滨江街道,望江公寓,985,762,431.2,123.4,6.1,313.2,681,81
2026-05-01,滨江街道,望江公寓,985,768,463.7,142.8,5.5,313.5,640,128
2026-05-02,滨江街道,望江公寓,985,879,479.2,165.8,7.8,364.1,810,69
2026-05-03,滨江街道,望江公寓,985,817,476.7,146.4,5.2,327.2,763,54
2026-05-04,滨江街道,望江公寓,985,794,430.5,166.2,6.9,345.1,699,95
2026-05-05,滨江街道,望江公寓,985,832,458.7,166.9,6.4,318.6,768,64
2026-05-06,滨江街道,望江公寓,985,755,399.8,139.5,5.4,348.7,659,96
2026-05-07,滨江街道,望江公寓,985,753,444.2,143.4,5.3,282.0,660,93
2026-05-08,滨江街道,望江公寓,985,790,428.5,140.0,7.0,313.1,699,91
2026-05-09,滨江街道,望江公寓,985,844,436.3,185.9,5.6,354.7,737,107
2026-05-10,滨江街道,望江公寓,985,825,444.6,156.5,6.1,412.3,739,86
2026-05-11,滨江街道,望江公寓,985,729,434.3,102.4,5.4,323.8,652,77
2026-05-12,滨江街道,望江公寓,985,868,501.3,164.4,7.9,396.3,744,124
2026-05-13,滨江街道,望江公寓,985,759,417.6,160.3,6.4,341.9,650,109
2026-05-14,滨江街道,望江公寓,985,771,324.7,126.9,6.5,311.0,676,95
2026-05-15,滨江街道,望江公寓,985,761,382.3,133.9,5.8,367.4,669,92
2026-05-16,滨江街道,望江公寓,985,874,522.9,194.3,6.7,359.9,723,151
2026-05-17,滨江街道,望江公寓,985,862,527.4,135.9,9.0,360.2,779,83
2026-05-18,滨江街道,望江公寓,985,783,461.0,147.7,6.8,299.6,700,83
2026-05-19,滨江街道,望江公寓,985,806,417.4,161.0,7.2,346.4,723,83
2026-05-20,滨江街道,望江公寓,985,755,431.0,145.4,6.3,303.1,682,73
2026-05-21,滨江街道,望江公寓,985,743,372.8,128.2,4.9,337.3,703,40
2026-05-22,滨江街道,望江公寓,985,801,468.8,133.7,5.3,304.0,689,112
2026-05-23,滨江街道,望江公寓,985,861,449.7,148.6,6.4,351.8,809,52
2026-05-24,滨江街道,望江公寓,985,882,490.8,152.0,7.9,320.8,786,96
2026-05-25,滨江街道,望江公寓,985,827,430.1,172.2,7.8,340.4,722,105
2026-05-26,滨江街道,望江公寓,985,799,364.7,142.6,7.2,347.9,704,95
2026-05-27,滨江街道,望江公寓,985,780,382.8,147.6,5.1,354.4,679,101
2026-05-28,滨江街道,望江公寓,985,781,469.9,139.8,7.3,315.0,653,128
2026-05-29,滨江街道,望江公寓,985,766,465.2,144.0,5.2,322.5,705,61
2026-05-30,滨江街道,望江公寓,985,851,433.7,151.3,6.8,387.3,783,68
2026-05-31,滨江街道,望江公寓,985,822,468.7,136.9,5.3,363.9,745,77
2026-06-01,滨江街道,望江公寓,985,804,465.5,142.9,6.5,335.5,753,51
2026-06-02,滨江街道,望江公寓,985,794,548.6,137.6,5.1,354.6,731,63
2026-06-03,滨江街道,望江公寓,985,766,406.3,140.9,6.2,343.8,686,80
2026-06-04,滨江街道,望江公寓,985,749,443.3,131.4,5.5,305.8,705,44
2026-06-05,滨江街道,望江公寓,985,816,391.5,166.3,7.9,303.7,712,104
2026-06-06,滨江街道,望江公寓,985,847,451.4,167.7,6.2,348.1,770,77
2026-06-07,滨江街道,望江公寓,985,804,433.6,143.3,5.4,379.2,715,89
2026-06-08,滨江街道,望江公寓,985,760,414.6,121.1,5.3,316.5,698,62
2026-06-09,滨江街道,望江公寓,985,831,440.2,168.8,7.6,363.9,741,90
2026-06-10,滨江街道,望江公寓,985,797,459.7,146.7,7.0,310.9,708,89
2026-06-11,滨江街道,望江公寓,985,793,513.4,112.0,5.8,324.1,766,27
2026-06-12,滨江街道,望江公寓,985,843,376.8,164.9,8.8,347.7,743,100
2026-06-13,滨江街道,望江公寓,985,815,471.1,160.0,5.5,314.0,726,89
2026-06-14,滨江街道,望江公寓,985,845,484.2,148.8,6.7,352.3,731,114
2026-06-15,滨江街道,望江公寓,985,796,461.1,166.4,6.2,353.5,699,97
2026-06-16,滨江街道,望江公寓,985,792,505.1,141.9,7.5,291.1,730,62
2026-06-17,滨江街道,望江公寓,985,748,396.6,126.7,5.5,295.3,658,90
2026-06-18,滨江街道,望江公寓,985,766,410.5,149.8,6.7,340.3,681,85
2026-06-19,滨江街道,望江公寓,985,808,446.4,133.3,6.3,343.8,736,72
2026-06-20,滨江街道,望江公寓,985,858,464.1,149.3,10.1,360.3,763,95
2026-06-21,滨江街道,望江公寓,985,880,456.0,181.2,7.8,367.5,818,62
2026-06-22,滨江街道,望江公寓,985,803,419.2,160.7,4.9,352.7,724,79
2026-06-23,滨江街道,望江公寓,985,781,430.6,138.5,6.7,338.4,722,59
2026-06-24,滨江街道,望江公寓,985,755,406.8,122.0,7.6,316.0,678,77
2026-06-25,滨江街道,望江公寓,985,779,409.8,134.9,5.7,344.3,702,77
2026-06-26,滨江街道,望江公寓,985,764,446.3,135.4,7.3,341.0,685,79
2026-06-27,滨江街道,望江公寓,985,854,493.7,174.6,6.9,449.9,784,70
2026-06-28,滨江街道,望江公寓,985,847,456.7,147.1,7.6,359.8,735,112
2026-06-29,滨江街道,望江公寓,985,812,411.3,141.5,7.5,358.7,719,93
2026-06-30,滨江街道,望江公寓,985,744,429.0,122.8,5.6,304.1,685,59
2026-07-01,滨江街道,望江公寓,985,825,418.4,163.6,6.4,327.8,745,80
2026-07-02,滨江街道,望江公寓,985,726,441.2,128.0,5.4,293.8,699,27
2026-07-03,滨江街道,望江公寓,985,826,482.3,133.0,6.9,324.0,768,58
2026-07-04,滨江街道,望江公寓,985,907,496.4,203.8,7.5,346.2,832,75
2026-07-05,滨江街道,望江公寓,985,862,489.1,145.1,6.2,334.9,780,82
2026-07-06,滨江街道,望江公寓,985,835,474.0,132.8,6.7,294.1,789,46
2026-07-07,滨江街道,望江公寓,985,830,467.8,128.1,7.1,343.3,728,102
2026-07-08,滨江街道,望江公寓,985,801,450.1,140.8,8.2,299.2,717,84
2026-07-09,滨江街道,望江公寓,985,822,457.8,141.9,6.3,348.4,783,39
2026-07-10,滨江街道,望江公寓,985,801,466.2,124.4,5.3,317.1,738,63
2026-07-11,滨江街道,望江公寓,985,822,418.3,137.6,5.9,370.8,746,76
2026-07-12,滨江街道,望江公寓,985,833,485.4,164.0,5.3,310.5,759,74
2026-07-13,滨江街道,望江公寓,985,816,492.5,144.3,5.5,304.4,726,90
2026-07-14,滨江街道,望江公寓,985,777,433.4,155.4,5.1,316.4,715,62
2026-07-15,滨江街道,望江公寓,985,787,404.8,163.1,8.1,379.0,730,57
2026-07-16,滨江街道,望江公寓,985,762,400.4,148.5,5.8,329.8,658,104
2026-07-17,滨江街道,望江公寓,985,786,464.1,153.9,6.6,308.7,743,43
2026-07-18,滨江街道,望江公寓,985,814,376.3,134.2,7.5,344.8,762,52
2026-07-19,滨江街道,望江公寓,985,842,469.2,145.2,5.8,341.5,749,93
2026-07-20,滨江街道,望江公寓,985,805,433.1,130.0,6.6,306.1,753,52
2026-07-21,滨江街道,望江公寓,985,756,391.3,146.8,6.8,302.2,684,72
2026-07-22,滨江街道,望江公寓,985,828,503.4,124.0,6.7,322.1,758,70
2026-07-23,滨江街道,望江公寓,985,791,348.2,139.8,4.2,360.6,734,57
2026-07-24,滨江街道,望江公寓,985,776,400.3,123.0,5.8,345.9,714,62
2026-07-25,滨江街道,望江公寓,985,834,531.2,123.4,8.7,366.9,769,65
2026-07-26,滨江街道,望江公寓,985,813,431.6,156.8,6.7,286.2,735,78
2026-07-27,滨江街道,望江公寓,985,795,538.6,155.6,7.3,340.0,756,39
2026-07-28,滨江街道,望江公寓,985,797,413.2,146.6,5.4,344.9,709,88
2026-07-29,滨江街道,望江公寓,985,735,417.1,154.2,6.7,286.7,668,67
2026-07-30,滨江街道,望江公寓,985,786,412.5,120.1,6.8,365.5,765,21
2026-07-31,滨江街道,望江公寓,985,858,414.4,167.0,6.9,351.8,770,88
2026-08-01,滨江街道,望江公寓,985,824,455.7,142.2,6.8,346.9,765,59
2026-08-02,滨江街道,望江公寓,985,906,494.7,163.4,7.4,408.2,845,61
2026-08-03,滨江街道,望江公寓,985,814,467.8,163.0,5.9,326.5,766,48
2026-08-04,滨江街道,望江公寓,985,791,425.4,147.9,5.9,328.6,721,70
2026-08-05,滨江街道,望江公寓,985,842,496.6,158.6,5.6,348.3,812,30
2026-08-06,滨江街道,望江公寓,985,798,404.1,111.7,7.0,318.0,718,80
2026-08-07,滨江街道,望江公寓,985,810,457.7,144.6,6.3,345.2,779,31
2026-08-08,滨江街道,望江公寓,985,840,432.5,119.4,7.7,307.8,794,46
2026-08-09,滨江街道,望江公寓,985,889,440.2,186.4,8.2,339.3,830,59
2026-08-10,滨江街道,望江公寓,985,809,483.5,130.4,5.8,292.1,799,10
2026-08-11,滨江街道,望江公寓,985,821,480.7,147.5,8.6,320.4,773,48
2026-08-12,滨江街道,望江公寓,985,785,438.4,145.7,7.2,341.9,745,40
2026-08-13,滨江街道,望江公寓,985,838,485.0,137.0,9.1,334.5,776,62
2026-08-14,滨江街道,望江公寓,985,773,483.7,123.7,7.1,310.7,742,31
2026-08-15,滨江街道,望江公寓,985,804,515.5,147.5,4.5,333.4,754,50
2026-08-16,滨江街道,望江公寓,985,891,458.8,178.0,8.0,391.7,820,71
2026-08-17,滨江街道,望江公寓,985,836,399.6,141.6,5.2,379.5,774,62
2026-08-18,滨江街道,望江公寓,985,796,452.6,144.0,7.3,322.3,751,45
2026-08-19,滨江街道,望江公寓,985,799,424.4,163.1,6.0,323.4,738,61
2026-08-20,滨江街道,望江公寓,985,774,382.1,139.6,6.8,326.9,711,63
2026-08-21,滨江街道,望江公寓,985,856,433.4,179.0,8.0,326.0,777,79
2026-08-22,滨江街道,望江公寓,985,886,468.2,123.0,6.6,367.1,792,94
2026-08-23,滨江街道,望江公寓,985,877,542.7,173.4,5.9,397.7,820,57
2026-08-24,滨江街道,望江公寓,985,835,525.2,138.9,6.0,338.6,796,39
2026-08-25,滨江街道,望江公寓,985,766,531.8,135.7,6.7,315.1,702,64
2026-08-26,滨江街道,望江公寓,985,751,391.2,137.1,4.9,333.0,669,82
2026-08-27,滨江街道,望江公寓,985,791,433.5,155.1,5.0,307.7,721,70
2026-08-28,滨江街道,望江公寓,985,825,444.9,152.5,5.7,405.9,763,62
2026-08-29,滨江街道,望江公寓,985,846,421.7,164.8,6.1,342.4,799,47
2026-08-30,滨江街道,望江公寓,985,892,509.0,137.6,6.0,372.1,797,95
2026-08-31,滨江街道,望江公寓,985,808,432.2,152.6,6.8,302.6,754,54
2026-01-01,滨江街道,清风雅苑,942,682,358.7,135.4,4.7,301.6,578,104
2026-01-02,滨江街道,清风雅苑,942,712,409.5,115.3,7.1,298.0,629,83
2026-01-03,滨江街道,清风雅苑,942,740,391.7,117.2,6.5,269.1,610,130
2026-01-04,滨江街道,清风雅苑,942,721,434.7,113.8,5.2,270.3,609,112
2026-01-05,滨江街道,清风雅苑,942,697,392.4,157.9,5.2,311.9,599,98
2026-01-06,滨江街道,清风雅苑,942,676,404.9,131.4,4.8,312.8,584,92
2026-01-07,滨江街道,清风雅苑,942,662,387.9,106.1,5.4,260.3,573,89
2026-01-08,滨江街道,清风雅苑,942,683,323.0,125.3,5.9,294.7,597,86
2026-01-09,滨江街道,清风雅苑,942,705,356.9,124.9,5.5,295.3,596,109
2026-01-10,滨江街道,清风雅苑,942,779,475.6,162.6,8.2,290.8,704,75
2026-01-11,滨江街道,清风雅苑,942,750,334.2,127.2,5.8,301.4,640,110
2026-01-12,滨江街道,清风雅苑,942,641,365.3,118.5,3.9,247.9,551,90
2026-01-13,滨江街道,清风雅苑,942,690,382.1,127.8,5.7,307.4,588,102
2026-01-14,滨江街道,清风雅苑,942,688,398.7,119.4,5.2,303.9,570,118
2026-01-15,滨江街道,清风雅苑,942,681,388.1,113.5,5.2,296.4,566,115
2026-01-16,滨江街道,清风雅苑,942,715,329.8,128.1,5.9,294.9,604,111
2026-01-17,滨江街道,清风雅苑,942,781,467.2,139.5,6.1,314.3,660,121
2026-01-18,滨江街道,清风雅苑,942,708,379.3,106.7,4.6,297.2,609,99
2026-01-19,滨江街道,清风雅苑,942,656,434.3,116.6,5.3,274.2,539,117
2026-01-20,滨江街道,清风雅苑,942,657,352.5,114.8,4.9,282.6,569,88
2026-01-21,滨江街道,清风雅苑,942,749,415.2,107.2,5.0,278.9,639,110
2026-01-22,滨江街道,清风雅苑,942,684,397.8,116.4,5.6,270.2,571,113
2026-01-23,滨江街道,清风雅苑,942,672,389.7,100.1,5.0,279.2,558,114
2026-01-24,滨江街道,清风雅苑,942,724,396.0,136.9,5.3,306.3,611,113
2026-01-25,滨江街道,清风雅苑,942,724,324.7,116.5,6.1,307.0,625,99
2026-01-26,滨江街道,清风雅苑,942,672,376.6,107.0,7.0,273.6,585,87
2026-01-27,滨江街道,清风雅苑,942,657,287.6,118.0,6.0,276.6,561,96
2026-01-28,滨江街道,清风雅苑,942,674,344.5,122.8,4.9,297.6,563,111
2026-01-29,滨江街道,清风雅苑,942,700,430.1,120.2,4.8,268.1,579,121
2026-01-30,滨江街道,清风雅苑,942,690,396.5,127.2,5.0,270.6,594,96
2026-01-31,滨江街道,清风雅苑,942,717,370.0,134.7,4.8,281.3,627,90
2026-02-01,滨江街道,清风雅苑,942,718,397.8,133.1,6.9,309.2,612,106
2026-02-02,滨江街道,清风雅苑,942,691,353.2,150.8,5.0,294.3,587,104
2026-02-03,滨江街道,清风雅苑,942,736,407.2,138.7,4.5,321.9,625,111
2026-02-04,滨江街道,清风雅苑,942,664,378.7,106.7,7.5,261.5,566,98
2026-02-05,滨江街道,清风雅苑,942,766,364.6,153.1,6.2,364.1,653,113
2026-02-06,滨江街道,清风雅苑,942,708,444.1,121.9,5.4,290.1,605,103
2026-02-07,滨江街道,清风雅苑,942,737,384.2,133.2,5.4,317.6,638,99
2026-02-08,滨江街道,清风雅苑,942,701,360.0,122.0,4.8,291.2,605,96
2026-02-09,滨江街道,清风雅苑,942,705,373.2,119.4,4.7,349.3,589,116
2026-02-10,滨江街道,清风雅苑,942,692,452.6,129.7,6.2,328.2,569,123
2026-02-11,滨江街道,清风雅苑,942,690,359.8,120.7,6.6,316.8,583,107
2026-02-12,滨江街道,清风雅苑,942,653,403.0,101.6,5.0,260.6,553,100
2026-02-13,滨江街道,清风雅苑,942,680,368.2,124.2,5.4,293.3,576,104
2026-02-14,滨江街道,清风雅苑,942,764,448.6,133.9,5.1,358.2,677,87
2026-02-15,滨江街道,清风雅苑,942,707,388.5,116.9,7.0,300.2,600,107
2026-02-16,滨江街道,清风雅苑,942,711,362.1,130.7,4.5,284.8,628,83
2026-02-17,滨江街道,清风雅苑,942,685,369.3,128.6,5.1,271.5,578,107
2026-02-18,滨江街道,清风雅苑,942,734,394.8,136.7,6.1,329.3,619,115
2026-02-19,滨江街道,清风雅苑,942,656,383.1,99.4,4.2,266.2,568,88
2026-02-20,滨江街道,清风雅苑,942,665,353.9,114.3,5.5,306.1,581,84
2026-02-21,滨江街道,清风雅苑,942,751,447.6,139.3,5.6,347.6,643,108
2026-02-22,滨江街道,清风雅苑,942,652,338.0,126.9,5.9,295.0,597,55
2026-02-23,滨江街道,清风雅苑,942,646,350.7,120.2,5.2,280.7,564,82
2026-02-24,滨江街道,清风雅苑,942,699,367.0,132.1,4.8,297.8,604,95
2026-02-25,滨江街道,清风雅苑,942,673,382.4,122.4,4.7,274.1,593,80
2026-02-26,滨江街道,清风雅苑,942,717,362.0,146.5,5.4,271.6,611,106
2026-02-27,滨江街道,清风雅苑,942,659,304.7,128.8,4.7,254.3,548,111
2026-02-28,滨江街道,清风雅苑,942,721,389.1,131.4,5.6,303.7,621,100
2026-03-01,滨江街道,清风雅苑,942,756,415.2,157.8,5.7,320.2,640,116
2026-03-02,滨江街道,清风雅苑,942,709,444.4,136.4,6.4,318.8,621,88
2026-03-03,滨江街道,清风雅苑,942,692,437.7,133.9,5.1,333.4,598,94
2026-03-04,滨江街道,清风雅苑,942,666,351.9,114.0,6.6,307.9,534,132
2026-03-05,滨江街道,清风雅苑,942,713,413.9,130.5,5.0,247.9,663,50
2026-03-06,滨江街道,清风雅苑,942,710,418.2,116.8,5.1,262.5,593,117
2026-03-07,滨江街道,清风雅苑,942,705,338.8,121.0,6.8,301.3,602,103
2026-03-08,滨江街道,清风雅苑,942,729,379.2,121.4,6.1,301.9,633,96
2026-03-09,滨江街道,清风雅苑,942,691,410.6,134.4,5.4,261.2,608,83
2026-03-10,滨江街道,清风雅苑,942,675,392.6,120.5,6.6,276.1,594,81
2026-03-11,滨江街道,清风雅苑,942,711,450.7,145.8,5.4,266.5,618,93
2026-03-12,滨江街道,清风雅苑,942,675,370.1,129.1,5.5,337.6,578,97
2026-03-13,滨江街道,清风雅苑,942,678,371.0,138.0,4.7,279.4,611,67
2026-03-14,滨江街道,清风雅苑,942,739,447.3,124.7,4.8,337.0,597,142
2026-03-15,滨江街道,清风雅苑,942,719,368.6,128.7,7.1,320.7,622,97
2026-03-16,滨江街道,清风雅苑,942,607,328.2,102.0,6.2,258.6,512,95
2026-03-17,滨江街道,清风雅苑,942,690,420.0,157.1,6.7,335.1,583,107
2026-03-18,滨江街道,清风雅苑,942,668,391.5,136.0,6.3,302.8,555,113
2026-03-19,滨江街道,清风雅苑,942,645,338.0,105.1,5.1,272.1,572,73
2026-03-20,滨江街道,清风雅苑,942,710,388.6,116.5,3.7,297.6,613,97
2026-03-21,滨江街道,清风雅苑,942,755,383.3,139.5,7.8,329.3,677,78
2026-03-22,滨江街道,清风雅苑,942,736,442.8,123.2,6.3,313.3,627,109
2026-03-23,滨江街道,清风雅苑,942,703,388.9,119.1,4.8,284.7,624,79
2026-03-24,滨江街道,清风雅苑,942,680,380.0,118.5,6.5,328.6,592,88
2026-03-25,滨江街道,清风雅苑,942,658,354.3,118.9,4.6,281.2,590,68
2026-03-26,滨江街道,清风雅苑,942,716,416.1,131.5,5.2,306.0,601,115
2026-03-27,滨江街道,清风雅苑,942,673,388.0,132.3,5.7,291.3,564,109
2026-03-28,滨江街道,清风雅苑,942,708,321.9,124.2,6.0,328.5,629,79
2026-03-29,滨江街道,清风雅苑,942,808,408.1,161.8,7.4,326.8,672,136
2026-03-30,滨江街道,清风雅苑,942,656,350.1,120.3,5.7,286.8,564,92
2026-03-31,滨江街道,清风雅苑,942,658,310.0,124.2,5.8,240.9,560,98
2026-04-01,滨江街道,清风雅苑,942,687,359.0,112.7,5.8,308.7,579,108
2026-04-02,滨江街道,清风雅苑,942,668,319.8,110.0,4.9,217.9,588,80
2026-04-03,滨江街道,清风雅苑,942,711,378.9,114.2,5.7,288.1,618,93
2026-04-04,滨江街道,清风雅苑,942,737,406.0,140.4,6.4,254.0,656,81
2026-04-05,滨江街道,清风雅苑,942,754,409.3,162.9,4.9,308.3,663,91
2026-04-06,滨江街道,清风雅苑,942,700,436.9,126.5,4.0,332.3,659,41
2026-04-07,滨江街道,清风雅苑,942,696,413.5,120.6,6.4,334.9,599,97
2026-04-08,滨江街道,清风雅苑,942,724,350.0,128.0,5.6,290.0,630,94
2026-04-09,滨江街道,清风雅苑,942,720,407.9,126.3,5.3,305.7,653,67
2026-04-10,滨江街道,清风雅苑,942,685,395.1,125.4,6.3,255.7,624,61
2026-04-11,滨江街道,清风雅苑,942,760,445.5,156.4,5.3,304.2,671,89
2026-04-12,滨江街道,清风雅苑,942,765,382.2,125.7,5.5,319.8,677,88
2026-04-13,滨江街道,清风雅苑,942,682,331.7,131.8,7.2,272.4,608,74
2026-04-14,滨江街道,清风雅苑,942,636,431.9,114.6,5.9,284.9,542,94
2026-04-15,滨江街道,清风雅苑,942,697,364.1,128.1,5.1,305.1,631,66
2026-04-16,滨江街道,清风雅苑,942,696,338.3,125.8,4.7,289.3,621,75
2026-04-17,滨江街道,清风雅苑,942,695,373.1,118.1,6.5,290.2,607,88
2026-04-18,滨江街道,清风雅苑,942,763,420.9,146.8,5.2,335.4,678,85
2026-04-19,滨江街道,清风雅苑,942,783,477.7,124.8,8.9,309.7,713,70
2026-04-20,滨江街道,清风雅苑,942,685,451.8,101.4,5.4,266.9,583,102
2026-04-21,滨江街道,清风雅苑,942,713,375.8,126.4,6.9,306.9,652,61
2026-04-22,滨江街道,清风雅苑,942,691,341.3,123.8,6.2,313.2,598,93
2026-04-23,滨江街道,清风雅苑,942,717,350.8,130.9,5.4,315.4,617,100
2026-04-24,滨江街道,清风雅苑,942,709,368.9,120.7,7.3,256.6,633,76
2026-04-25,滨江街道,清风雅苑,942,752,397.0,114.6,5.5,322.0,678,74
2026-04-26,滨江街道,清风雅苑,942,776,442.9,106.0,5.9,346.2,686,90
2026-04-27,滨江街道,清风雅苑,942,700,337.1,115.9,6.0,280.3,633,67
2026-04-28,滨江街道,清风雅苑,942,676,380.7,114.2,5.6,260.1,606,70
2026-04-29,滨江街道,清风雅苑,942,710,408.6,119.8,5.7,314.8,627,83
2026-04-30,滨江街道,清风雅苑,942,682,346.6,115.6,5.8,304.1,608,74
2026-05-01,滨江街道,清风雅苑,942,671,426.4,127.6,6.9,279.6,582,89
2026-05-02,滨江街道,清风雅苑,942,719,377.0,120.4,6.3,325.1,661,58
2026-05-03,滨江街道,清风雅苑,942,739,420.0,123.7,5.7,299.1,643,96
2026-05-04,滨江街道,清风雅苑,942,703,382.9,148.6,5.6,300.6,625,78
2026-05-05,滨江街道,清风雅苑,942,740,441.6,125.5,5.4,335.0,633,107
2026-05-06,滨江街道,清风雅苑,942,676,351.4,132.3,5.6,284.6,627,49
2026-05-07,滨江街道,清风雅苑,942,705,419.0,121.2,3.3,309.5,647,58
2026-05-08,滨江街道,清风雅苑,942,693,374.7,132.9,5.8,302.7,637,56
2026-05-09,滨江街道,清风雅苑,942,730,363.1,138.6,6.9,297.6,643,87
2026-05-10,滨江街道,清风雅苑,942,772,437.5,146.4,7.2,327.0,700,72
2026-05-11,滨江街道,清风雅苑,942,725,390.6,124.5,8.2,309.7,659,66
2026-05-12,滨江街道,清风雅苑,942,671,349.2,115.7,5.5,268.8,610,61
2026-05-13,滨江街道,清风雅苑,942,700,368.9,142.5,5.2,288.7,597,103
2026-05-14,滨江街道,清风雅苑,942,668,361.4,121.4,6.0,270.9,610,58
2026-05-15,滨江街道,清风雅苑,942,672,403.7,125.2,5.2,289.1,606,66
2026-05-16,滨江街道,清风雅苑,942,791,450.7,153.1,4.3,315.3,726,65
2026-05-17,滨江街道,清风雅苑,942,753,384.5,121.7,5.8,307.7,674,79
2026-05-18,滨江街道,清风雅苑,942,715,393.4,121.2,5.4,308.9,615,100
2026-05-19,滨江街道,清风雅苑,942,676,331.2,120.2,5.0,264.7,585,91
2026-05-20,滨江街道,清风雅苑,942,707,378.0,118.5,5.2,244.0,630,77
2026-05-21,滨江街道,清风雅苑,942,707,409.8,121.6,6.7,273.4,647,60
2026-05-22,滨江街道,清风雅苑,942,668,380.5,103.5,5.1,287.4,600,68
2026-05-23,滨江街道,清风雅苑,942,707,346.9,130.6,5.3,236.5,642,65
2026-05-24,滨江街道,清风雅苑,942,717,425.9,137.9,6.7,269.7,601,116
2026-05-25,滨江街道,清风雅苑,942,716,380.4,141.7,4.2,312.9,662,54
2026-05-26,滨江街道,清风雅苑,942,683,364.9,103.5,6.1,279.9,605,78
2026-05-27,滨江街道,清风雅苑,942,672,399.6,110.8,5.8,300.4,580,92
2026-05-28,滨江街道,清风雅苑,942,655,395.6,104.8,5.3,276.7,563,92
2026-05-29,滨江街道,清风雅苑,942,676,381.9,109.9,5.9,298.4,606,70
2026-05-30,滨江街道,清风雅苑,942,720,434.9,121.1,6.2,294.7,676,44
2026-05-31,滨江街道,清风雅苑,942,749,424.9,135.2,5.8,307.1,656,93
2026-06-01,滨江街道,清风雅苑,942,754,424.2,121.3,6.4,290.6,678,76
2026-06-02,滨江街道,清风雅苑,942,643,414.2,105.9,4.0,275.8,568,75
2026-06-03,滨江街道,清风雅苑,942,752,417.0,149.9,6.3,304.1,687,65
2026-06-04,滨江街道,清风雅苑,942,731,438.2,129.8,5.6,306.0,656,75
2026-06-05,滨江街道,清风雅苑,942,692,359.5,133.6,6.4,298.9,611,81
2026-06-06,滨江街道,清风雅苑,942,796,420.4,131.5,5.4,378.6,748,48
2026-06-07,滨江街道,清风雅苑,942,785,386.0,138.4,6.5,305.1,687,98
2026-06-08,滨江街道,清风雅苑,942,700,334.8,138.3,7.1,320.2,639,61
2026-06-09,滨江街道,清风雅苑,942,675,349.7,138.3,5.2,341.4,620,55
2026-06-10,滨江街道,清风雅苑,942,704,408.8,132.5,6.5,276.8,627,77
2026-06-11,滨江街道,清风雅苑,942,707,402.2,119.1,5.6,277.9,636,71
2026-06-12,滨江街道,清风雅苑,942,699,309.4,129.8,5.3,308.9,612,87
2026-06-13,滨江街道,清风雅苑,942,775,402.8,171.4,4.7,319.4,703,72
2026-06-14,滨江街道,清风雅苑,942,760,404.3,151.4,7.3,321.6,709,51
2026-06-15,滨江街道,清风雅苑,942,767,445.1,117.7,5.8,317.3,705,62
2026-06-16,滨江街道,清风雅苑,942,691,351.2,122.8,5.9,276.6,621,70
2026-06-17,滨江街道,清风雅苑,942,695,393.2,125.7,5.8,280.9,648,47
2026-06-18,滨江街道,清风雅苑,942,704,377.7,114.6,4.9,306.0,638,66
2026-06-19,滨江街道,清风雅苑,942,655,349.5,129.2,5.0,248.1,615,40
2026-06-20,滨江街道,清风雅苑,942,782,359.3,149.8,6.6,316.6,680,102
2026-06-21,滨江街道,清风雅苑,942,757,416.9,128.4,5.2,344.6,657,100
2026-06-22,滨江街道,清风雅苑,942,727,353.1,146.0,8.2,294.3,659,68
2026-06-23,滨江街道,清风雅苑,942,744,407.4,136.8,6.0,328.7,647,97
2026-06-24,滨江街道,清风雅苑,942,726,448.1,112.8,7.1,302.8,671,55
2026-06-25,滨江街道,清风雅苑,942,732,335.8,136.5,4.7,288.2,651,81
2026-06-26,滨江街道,清风雅苑,942,663,395.1,125.5,5.5,219.4,614,49
2026-06-27,滨江街道,清风雅苑,942,775,388.3,106.5,5.9,313.1,695,80
2026-06-28,滨江街道,清风雅苑,942,764,438.2,149.6,5.6,315.8,675,89
2026-06-29,滨江街道,清风雅苑,942,697,375.9,135.6,5.5,286.7,612,85
2026-06-30,滨江街道,清风雅苑,942,721,401.9,122.3,5.3,312.9,630,91
2026-07-01,滨江街道,清风雅苑,942,695,389.7,118.1,4.3,358.5,675,20
2026-07-02,滨江街道,清风雅苑,942,730,381.7,137.3,4.7,265.5,678,52
2026-07-03,滨江街道,清风雅苑,942,738,376.3,122.7,5.1,367.3,682,56
2026-07-04,滨江街道,清风雅苑,942,781,415.4,137.2,8.1,364.2,710,71
2026-07-05,滨江街道,清风雅苑,942,821,502.4,133.5,4.9,371.8,777,44
2026-07-06,滨江街道,清风雅苑,942,718,410.1,137.7,6.4,298.2,624,94
2026-07-07,滨江街道,清风雅苑,942,667,374.5,137.9,4.8,278.5,595,72
2026-07-08,滨江街道,清风雅苑,942,701,424.9,122.0,7.8,285.2,652,49
2026-07-09,滨江街道,清风雅苑,942,723,490.8,133.7,5.6,352.0,660,63
2026-07-10,滨江街道,清风雅苑,942,728,397.9,122.5,6.4,301.4,673,55
2026-07-11,滨江街道,清风雅苑,942,776,422.2,118.0,8.0,313.2,663,113
2026-07-12,滨江街道,清风雅苑,942,754,366.6,119.8,5.7,285.7,680,74
2026-07-13,滨江街道,清风雅苑,942,692,409.9,131.5,5.4,255.6,625,67
2026-07-14,滨江街道,清风雅苑,942,726,348.1,105.7,5.9,323.5,657,69
2026-07-15,滨江街道,清风雅苑,942,705,362.0,147.5,5.2,293.9,650,55
2026-07-16,滨江街道,清风雅苑,942,691,394.0,133.9,4.3,326.6,606,85
2026-07-17,滨江街道,清风雅苑,942,659,373.0,120.5,6.3,243.4,597,62
2026-07-18,滨江街道,清风雅苑,942,773,390.3,138.8,6.4,345.9,741,32
2026-07-19,滨江街道,清风雅苑,942,803,405.6,144.3,7.2,337.7,734,69
2026-07-20,滨江街道,清风雅苑,942,686,372.1,129.1,5.0,269.9,630,56
2026-07-21,滨江街道,清风雅苑,942,685,396.1,123.2,4.7,331.2,644,41
2026-07-22,滨江街道,清风雅苑,942,729,380.7,131.0,6.5,298.6,658,71
2026-07-23,滨江街道,清风雅苑,942,751,445.1,140.4,6.1,331.2,679,72
2026-07-24,滨江街道,清风雅苑,942,726,396.7,120.8,4.9,318.9,656,70
2026-07-25,滨江街道,清风雅苑,942,819,480.0,173.7,8.9,362.3,763,56
2026-07-26,滨江街道,清风雅苑,942,768,422.7,141.2,6.5,272.8,669,99
2026-07-27,滨江街道,清风雅苑,942,725,402.4,132.8,6.4,331.5,644,81
2026-07-28,滨江街道,清风雅苑,942,693,343.9,127.9,4.5,281.8,631,62
2026-07-29,滨江街道,清风雅苑,942,675,371.5,116.4,4.3,291.1,587,88
2026-07-30,滨江街道,清风雅苑,942,740,443.8,146.4,5.2,277.7,651,89
2026-07-31,滨江街道,清风雅苑,942,738,395.9,135.1,5.9,282.9,687,51
2026-08-01,滨江街道,清风雅苑,942,702,412.7,123.7,5.5,280.6,666,36
2026-08-02,滨江街道,清风雅苑,942,779,495.2,130.2,7.6,321.4,717,62
2026-08-03,滨江街道,清风雅苑,942,743,429.3,139.3,6.2,288.3,670,73
2026-08-04,滨江街道,清风雅苑,942,746,360.0,121.7,6.6,339.4,698,48
2026-08-05,滨江街道,清风雅苑,942,727,358.7,114.1,5.0,287.4,679,48
2026-08-06,滨江街道,清风雅苑,942,712,402.0,148.0,5.9,308.6,660,52
2026-08-07,滨江街道,清风雅苑,942,795,414.0,123.1,7.6,349.0,707,88
2026-08-08,滨江街道,清风雅苑,942,769,440.0,110.9,6.6,279.5,720,49
2026-08-09,滨江街道,清风雅苑,942,778,445.0,138.4,6.9,360.0,728,50
2026-08-10,滨江街道,清风雅苑,942,692,361.0,141.4,4.5,298.4,649,43
2026-08-11,滨江街道,清风雅苑,942,742,416.6,150.6,5.3,325.9,681,61
2026-08-12,滨江街道,清风雅苑,942,735,398.8,164.7,5.1,321.6,673,62
2026-08-13,滨江街道,清风雅苑,942,712,420.8,110.4,5.8,314.9,665,47
2026-08-14,滨江街道,清风雅苑,942,745,450.2,127.8,5.1,301.0,686,59
2026-08-15,滨江街道,清风雅苑,942,818,468.2,152.6,6.7,383.4,720,98
2026-08-16,滨江街道,清风雅苑,942,762,374.4,131.3,5.2,382.5,718,44
2026-08-17,滨江街道,清风雅苑,942,684,326.4,111.8,5.3,304.6,631,53
2026-08-18,滨江街道,清风雅苑,942,725,434.8,126.2,5.2,281.0,618,107
2026-08-19,滨江街道,清风雅苑,942,695,362.5,112.8,4.5,300.8,652,43
2026-08-20,滨江街道,清风雅苑,942,733,395.7,133.7,5.4,329.1,682,51
2026-08-21,滨江街道,清风雅苑,942,724,393.0,135.2,5.5,324.8,673,51
2026-08-22,滨江街道,清风雅苑,942,731,437.8,116.8,5.3,319.5,678,53
2026-08-23,滨江街道,清风雅苑,942,750,425.1,141.8,8.7,307.4,687,63
2026-08-24,滨江街道,清风雅苑,942,689,384.2,120.9,5.6,312.5,638,51
2026-08-25,滨江街道,清风雅苑,942,714,369.8,126.0,6.0,326.9,657,57
2026-08-26,滨江街道,清风雅苑,942,731,380.7,141.2,5.7,342.4,654,77
2026-08-27,滨江街道,清风雅苑,942,691,396.9,106.0,6.3,335.9,650,41
2026-08-28,滨江街道,清风雅苑,942,761,432.2,137.7,6.0,326.2,714,47
2026-08-29,滨江街道,清风雅苑,942,769,352.0,126.9,6.8,306.0,693,76
2026-08-30,滨江街道,清风雅苑,942,762,473.1,127.6,5.6,346.7,702,60
2026-08-31,滨江街道,清风雅苑,942,743,424.1,136.1,4.3,284.6,678,65
2026-01-01,青山街道,青山绿庭,588,362,167.3,69.4,2.5,148.1,287,75
2026-01-02,青山街道,青山绿庭,588,389,215.7,82.3,4.5,175.2,322,67
2026-01-03,青山街道,青山绿庭,588,414,236.7,67.5,3.2,191.5,319,95
2026-01-04,青山街道,青山绿庭,588,417,215.1,70.9,3.3,194.2,341,76
2026-01-05,青山街道,青山绿庭,588,387,228.7,70.1,2.9,161.3,316,71
2026-01-06,青山街道,青山绿庭,588,386,213.3,67.7,3.1,155.8,308,78
2026-01-07,青山街道,青山绿庭,588,388,230.9,66.8,3.1,162.4,321,67
2026-01-08,青山街道,青山绿庭,588,353,181.9,69.4,3.0,155.6,281,72
2026-01-09,青山街道,青山绿庭,588,382,242.4,61.8,3.2,160.5,305,77
2026-01-10,青山街道,青山绿庭,588,395,202.8,55.6,3.2,182.9,322,73
2026-01-11,青山街道,青山绿庭,588,432,256.8,78.4,3.4,166.8,338,94
2026-01-12,青山街道,青山绿庭,588,398,194.2,69.9,2.6,181.0,301,97
2026-01-13,青山街道,青山绿庭,588,364,193.9,67.3,2.9,155.0,278,86
2026-01-14,青山街道,青山绿庭,588,399,225.1,71.9,2.6,168.3,319,80
2026-01-15,青山街道,青山绿庭,588,368,199.3,60.6,2.9,152.4,302,66
2026-01-16,青山街道,青山绿庭,588,386,224.0,79.8,4.0,150.4,324,62
2026-01-17,青山街道,青山绿庭,588,411,247.6,65.1,2.8,171.1,351,60
2026-01-18,青山街道,青山绿庭,588,441,219.0,77.3,3.2,165.1,349,92
2026-01-19,青山街道,青山绿庭,588,407,216.8,66.4,2.1,162.1,331,76
2026-01-20,青山街道,青山绿庭,588,408,224.7,87.3,2.8,180.1,325,83
2026-01-21,青山街道,青山绿庭,588,382,196.7,74.3,3.4,155.4,290,92
2026-01-22,青山街道,青山绿庭,588,390,190.5,67.8,3.4,150.0,317,73
2026-01-23,青山街道,青山绿庭,588,368,189.3,65.8,2.6,165.0,286,82
2026-01-24,青山街道,青山绿庭,588,406,198.8,67.2,3.4,172.2,322,84
2026-01-25,青山街道,青山绿庭,588,435,201.4,74.8,2.4,158.5,339,96
2026-01-26,青山街道,青山绿庭,588,358,184.5,59.1,2.9,144.1,278,80
2026-01-27,青山街道,青山绿庭,588,363,208.7,62.8,3.4,150.5,303,60
2026-01-28,青山街道,青山绿庭,588,389,187.4,62.3,3.9,138.5,322,67
2026-01-29,青山街道,青山绿庭,588,392,232.7,64.2,3.5,156.2,311,81
2026-01-30,青山街道,青山绿庭,588,393,221.7,73.3,4.3,162.6,314,79
2026-01-31,青山街道,青山绿庭,588,421,230.6,73.7,4.1,160.1,345,76
2026-02-01,青山街道,青山绿庭,588,388,218.5,69.0,4.4,181.2,306,82
2026-02-02,青山街道,青山绿庭,588,387,225.8,81.8,2.4,156.1,310,77
2026-02-03,青山街道,青山绿庭,588,382,210.4,57.2,3.2,188.8,308,74
2026-02-04,青山街道,青山绿庭,588,381,212.5,71.0,3.7,153.6,313,68
2026-02-05,青山街道,青山绿庭,588,386,199.6,75.2,2.7,151.2,325,61
2026-02-06,青山街道,青山绿庭,588,362,173.1,86.6,3.0,146.4,279,83
2026-02-07,青山街道,青山绿庭,588,420,221.6,73.2,3.3,163.0,327,93
2026-02-08,青山街道,青山绿庭,588,418,209.7,77.0,3.4,174.8,344,74
2026-02-09,青山街道,青山绿庭,588,369,198.5,77.8,2.8,156.6,302,67
2026-02-10,青山街道,青山绿庭,588,387,220.8,76.1,2.4,165.0,304,83
2026-02-11,青山街道,青山绿庭,588,396,235.0,67.6,2.8,152.1,331,65
2026-02-12,青山街道,青山绿庭,588,386,222.0,71.8,2.9,171.7,309,77
2026-02-13,青山街道,青山绿庭,588,389,216.1,74.1,2.7,171.1,306,83
2026-02-14,青山街道,青山绿庭,588,400,270.0,68.6,3.1,169.6,320,80
2026-02-15,青山街道,青山绿庭,588,379,202.8,70.6,2.9,168.9,292,87
2026-02-16,青山街道,青山绿庭,588,387,249.6,68.0,4.3,172.5,322,65
2026-02-17,青山街道,青山绿庭,588,401,220.4,71.7,3.3,154.8,341,60
2026-02-18,青山街道,青山绿庭,588,385,227.6,65.7,4.4,173.6,304,81
2026-02-19,青山街道,青山绿庭,588,384,208.5,69.9,3.7,159.0,316,68
2026-02-20,青山街道,青山绿庭,588,344,192.0,66.4,2.8,146.4,268,76
2026-02-21,青山街道,青山绿庭,588,383,201.0,54.6,3.0,171.4,311,72
2026-02-22,青山街道,青山绿庭,588,400,207.7,92.7,3.1,185.7,334,66
2026-02-23,青山街道,青山绿庭,588,340,210.7,61.6,2.8,159.4,278,62
2026-02-24,青山街道,青山绿庭,588,391,212.3,72.5,2.7,164.0,320,71
2026-02-25,青山街道,青山绿庭,588,377,229.1,81.9,3.8,147.7,315,62
2026-02-26,青山街道,青山绿庭,588,378,197.2,60.1,3.4,156.8,306,72
2026-02-27,青山街道,青山绿庭,588,390,203.3,64.9,3.4,163.9,309,81
2026-02-28,青山街道,青山绿庭,588,422,204.3,78.3,3.9,184.4,343,79
2026-03-01,青山街道,青山绿庭,588,432,225.8,85.4,4.1,185.4,362,70
2026-03-02,青山街道,青山绿庭,588,404,249.2,71.2,2.8,147.7,317,87
2026-03-03,青山街道,青山绿庭,588,374,180.0,67.5,3.2,156.8,295,79
2026-03-04,青山街道,青山绿庭,588,368,211.2,78.8,3.5,166.2,322,46
2026-03-05,青山街道,青山绿庭,588,388,207.7,66.8,2.9,163.2,310,78
2026-03-06,青山街道,青山绿庭,588,356,178.4,60.3,2.3,162.2,278,78
2026-03-07,青山街道,青山绿庭,588,440,248.0,76.3,3.0,183.8,353,87
2026-03-08,青山街道,青山绿庭,588,404,251.9,80.8,3.8,179.5,307,97
2026-03-09,青山街道,青山绿庭,588,358,202.8,62.8,3.3,157.2,289,69
2026-03-10,青山街道,青山绿庭,588,348,187.7,52.0,3.1,155.4,272,76
2026-03-11,青山街道,青山绿庭,588,396,231.6,79.1,3.2,163.5,308,88
2026-03-12,青山街道,青山绿庭,588,410,292.6,78.5,3.5,164.6,318,92
2026-03-13,青山街道,青山绿庭,588,379,223.8,65.2,3.5,176.4,319,60
2026-03-14,青山街道,青山绿庭,588,411,242.2,84.9,3.4,161.7,331,80
2026-03-15,青山街道,青山绿庭,588,397,221.2,90.8,3.0,155.3,319,78
2026-03-16,青山街道,青山绿庭,588,377,226.5,63.5,3.3,143.8,296,81
2026-03-17,青山街道,青山绿庭,588,356,204.9,67.8,3.0,139.0,308,48
2026-03-18,青山街道,青山绿庭,588,362,178.6,64.3,3.4,153.6,282,80
2026-03-19,青山街道,青山绿庭,588,382,184.6,67.8,3.0,156.9,319,63
2026-03-20,青山街道,青山绿庭,588,378,191.3,76.5,2.5,148.1,293,85
2026-03-21,青山街道,青山绿庭,588,400,201.3,71.3,3.0,176.4,323,77
2026-03-22,青山街道,青山绿庭,588,426,216.7,71.1,3.3,175.4,344,82
2026-03-23,青山街道,青山绿庭,588,435,268.7,90.1,2.6,172.0,343,92
2026-03-24,青山街道,青山绿庭,588,374,223.5,66.7,2.9,166.5,304,70
2026-03-25,青山街道,青山绿庭,588,406,225.6,75.7,3.5,160.2,328,78
2026-03-26,青山街道,青山绿庭,588,382,252.2,68.3,3.2,178.9,293,89
2026-03-27,青山街道,青山绿庭,588,374,241.1,62.2,3.1,139.7,313,61
2026-03-28,青山街道,青山绿庭,588,389,240.0,86.2,2.8,149.5,317,72
2026-03-29,青山街道,青山绿庭,588,448,299.9,66.7,4.0,178.6,353,95
2026-03-30,青山街道,青山绿庭,588,365,196.5,70.5,3.8,166.5,293,72
2026-03-31,青山街道,青山绿庭,588,380,191.1,81.2,2.1,174.7,310,70
2026-04-01,青山街道,青山绿庭,588,374,201.4,64.9,2.9,157.5,304,70
2026-04-02,青山街道,青山绿庭,588,379,209.8,81.4,3.1,156.0,322,57
2026-04-03,青山街道,青山绿庭,588,395,238.5,71.0,3.1,191.3,309,86
2026-04-04,青山街道,青山绿庭,588,407,207.0,71.9,2.9,163.2,298,109
2026-04-05,青山街道,青山绿庭,588,398,229.2,73.5,3.0,165.3,328,70
2026-04-06,青山街道,青山绿庭,588,360,208.2,62.3,2.8,144.4,285,75
2026-04-07,青山街道,青山绿庭,588,375,200.6,75.5,3.5,144.1,296,79
2026-04-08,青山街道,青山绿庭,588,383,247.3,74.1,2.6,132.8,300,83
2026-04-09,青山街道,青山绿庭,588,356,188.7,60.9,3.0,154.2,259,97
2026-04-10,青山街道,青山绿庭,588,372,187.3,62.5,3.5,159.8,296,76
2026-04-11,青山街道,青山绿庭,588,375,209.0,78.4,2.7,175.0,305,70
2026-04-12,青山街道,青山绿庭,588,368,229.1,66.5,2.5,169.8,299,69
2026-04-13,青山街道,青山绿庭,588,383,226.0,66.0,2.7,170.2,286,97
2026-04-14,青山街道,青山绿庭,588,398,248.9,69.6,3.0,175.9,298,100
2026-04-15,青山街道,青山绿庭,588,389,225.2,69.1,3.1,151.3,317,72
2026-04-16,青山街道,青山绿庭,588,379,209.6,59.9,3.7,171.4,295,84
2026-04-17,青山街道,青山绿庭,588,394,202.4,84.3,3.4,160.7,308,86
2026-04-18,青山街道,青山绿庭,588,411,234.6,79.1,2.4,149.9,335,76
2026-04-19,青山街道,青山绿庭,588,407,202.5,71.2,3.6,170.9,339,68
2026-04-20,青山街道,青山绿庭,588,343,176.0,67.2,3.3,145.9,264,79
2026-04-21,青山街道,青山绿庭,588,398,213.8,76.2,2.8,162.3,313,85
2026-04-22,青山街道,青山绿庭,588,380,201.5,78.1,2.7,149.0,287,93
2026-04-23,青山街道,青山绿庭,588,375,213.8,72.3,3.7,128.0,307,68
2026-04-24,青山街道,青山绿庭,588,361,195.0,66.1,3.3,151.1,284,77
2026-04-25,青山街道,青山绿庭,588,426,240.4,79.9,3.2,173.2,331,95
2026-04-26,青山街道,青山绿庭,588,428,258.6,66.4,3.1,197.7,344,84
2026-04-27,青山街道,青山绿庭,588,374,200.6,68.1,2.6,178.0,282,92
2026-04-28,青山街道,青山绿庭,588,365,202.9,69.3,3.0,177.0,300,65
2026-04-29,青山街道,青山绿庭,588,409,207.6,78.1,3.1,166.7,319,90
2026-04-30,青山街道,青山绿庭,588,382,235.4,73.3,2.7,166.5,297,85
2026-05-01,青山街道,青山绿庭,588,378,174.5,67.4,3.8,168.5,300,78
2026-05-02,青山街道,青山绿庭,588,407,197.7,87.3,2.7,160.6,317,90
2026-05-03,青山街道,青山绿庭,588,417,208.4,62.6,3.3,184.5,326,91
2026-05-04,青山街道,青山绿庭,588,373,189.4,61.2,3.0,166.3,306,67
2026-05-05,青山街道,青山绿庭,588,401,220.0,67.7,2.7,178.1,292,109
2026-05-06,青山街道,青山绿庭,588,398,219.0,72.9,3.0,152.5,315,83
2026-05-07,青山街道,青山绿庭,588,397,231.4,87.3,2.5,167.6,323,74
2026-05-08,青山街道,青山绿庭,588,395,222.5,72.8,3.5,160.7,340,55
2026-05-09,青山街道,青山绿庭,588,399,205.4,65.2,3.3,170.2,326,73
2026-05-10,青山街道,青山绿庭,588,393,193.7,69.7,2.8,181.4,310,83
2026-05-11,青山街道,青山绿庭,588,398,221.8,72.4,3.8,168.3,308,90
2026-05-12,青山街道,青山绿庭,588,380,207.9,63.8,3.2,161.1,317,63
2026-05-13,青山街道,青山绿庭,588,334,188.5,57.5,3.1,139.3,253,81
2026-05-14,青山街道,青山绿庭,588,374,223.7,74.7,2.6,161.1,298,76
2026-05-15,青山街道,青山绿庭,588,395,196.7,64.6,3.2,202.8,300,95
2026-05-16,青山街道,青山绿庭,588,427,225.7,78.9,3.3,158.9,344,83
2026-05-17,青山街道,青山绿庭,588,407,257.4,75.6,3.1,200.0,301,106
2026-05-18,青山街道,青山绿庭,588,370,212.3,69.1,2.9,171.8,306,64
2026-05-19,青山街道,青山绿庭,588,402,217.8,62.6,2.4,200.5,323,79
2026-05-20,青山街道,青山绿庭,588,379,230.1,71.5,3.3,138.1,319,60
2026-05-21,青山街道,青山绿庭,588,356,210.4,68.8,2.4,158.7,275,81
2026-05-22,青山街道,青山绿庭,588,369,221.8,74.7,2.7,175.0,293,76
2026-05-23,青山街道,青山绿庭,588,401,208.7,64.9,3.2,165.0,306,95
2026-05-24,青山街道,青山绿庭,588,409,203.8,72.4,2.9,181.6,326,83
2026-05-25,青山街道,青山绿庭,588,347,193.6,68.7,2.7,140.8,279,68
2026-05-26,青山街道,青山绿庭,588,398,228.4,73.4,3.7,147.7,319,79
2026-05-27,青山街道,青山绿庭,588,378,176.9,62.0,2.9,138.8,303,75
2026-05-28,青山街道,青山绿庭,588,362,180.3,69.4,3.1,138.0,278,84
2026-05-29,青山街道,青山绿庭,588,392,206.2,72.7,3.5,184.3,304,88
2026-05-30,青山街道,青山绿庭,588,412,220.5,57.5,3.7,161.0,322,90
2026-05-31,青山街道,青山绿庭,588,413,229.7,80.0,3.4,178.5,322,91
2026-06-01,青山街道,青山绿庭,588,357,211.4,63.8,3.8,160.1,279,78
2026-06-02,青山街道,青山绿庭,588,388,227.2,84.4,3.6,156.9,316,72
2026-06-03,青山街道,青山绿庭,588,391,244.8,58.6,2.8,180.1,293,98
2026-06-04,青山街道,青山绿庭,588,416,249.7,75.9,3.4,150.6,312,104
2026-06-05,青山街道,青山绿庭,588,348,180.0,66.5,3.4,167.4,255,93
2026-06-06,青山街道,青山绿庭,588,383,224.7,76.0,2.3,165.1,307,76
2026-06-07,青山街道,青山绿庭,588,421,220.7,67.3,3.7,172.9,336,85
2026-06-08,青山街道,青山绿庭,588,363,196.5,75.0,3.3,168.5,285,78
2026-06-09,青山街道,青山绿庭,588,403,227.9,80.9,2.9,172.3,321,82
2026-06-10,青山街道,青山绿庭,588,359,226.9,59.7,2.9,143.0,289,70
2026-06-11,青山街道,青山绿庭,588,408,212.7,68.0,3.4,173.5,326,82
2026-06-12,青山街道,青山绿庭,588,373,222.7,56.1,3.3,131.9,291,82
2026-06-13,青山街道,青山绿庭,588,409,217.5,80.9,3.1,158.3,324,85
2026-06-14,青山街道,青山绿庭,588,410,219.2,79.7,3.7,164.7,323,87
2026-06-15,青山街道,青山绿庭,588,350,190.2,60.8,2.0,132.0,287,63
2026-06-16,青山街道,青山绿庭,588,373,189.5,67.7,3.2,166.8,297,76
2026-06-17,青山街道,青山绿庭,588,397,214.9,63.9,2.5,163.2,325,72
2026-06-18,青山街道,青山绿庭,588,352,182.6,60.7,2.6,141.9,271,81
2026-06-19,青山街道,青山绿庭,588,387,211.5,61.8,3.6,167.6,304,83
2026-06-20,青山街道,青山绿庭,588,388,257.9,80.7,3.6,164.0,306,82
2026-06-21,青山街道,青山绿庭,588,433,241.2,78.3,3.9,180.2,345,88
2026-06-22,青山街道,青山绿庭,588,370,194.4,70.1,3.1,137.2,295,75
2026-06-23,青山街道,青山绿庭,588,358,202.9,63.5,2.4,144.4,261,97
2026-06-24,青山街道,青山绿庭,588,395,211.4,88.3,3.8,160.7,319,76
2026-06-25,青山街道,青山绿庭,588,354,183.1,71.6,3.1,133.3,270,84
2026-06-26,青山街道,青山绿庭,588,400,209.5,71.1,2.7,176.8,323,77
2026-06-27,青山街道,青山绿庭,588,397,176.1,74.1,3.4,173.7,306,91
2026-06-28,青山街道,青山绿庭,588,424,222.1,73.4,4.0,170.8,342,82
2026-06-29,青山街道,青山绿庭,588,381,210.2,71.8,2.7,143.4,286,95
2026-06-30,青山街道,青山绿庭,588,384,216.9,77.9,2.4,165.4,295,89
2026-07-01,青山街道,青山绿庭,588,386,222.3,67.0,2.2,166.4,298,88
2026-07-02,青山街道,青山绿庭,588,361,181.8,57.3,2.2,146.3,276,85
2026-07-03,青山街道,青山绿庭,588,394,238.1,68.9,3.4,207.9,306,88
2026-07-04,青山街道,青山绿庭,588,439,239.3,77.5,3.2,193.8,331,108
2026-07-05,青山街道,青山绿庭,588,404,236.6,70.5,2.1,160.9,321,83
2026-07-06,青山街道,青山绿庭,588,346,211.6,65.0,3.3,134.2,267,79
2026-07-07,青山街道,青山绿庭,588,364,186.0,65.3,2.7,156.7,294,70
2026-07-08,青山街道,青山绿庭,588,403,220.5,72.8,3.0,175.9,315,88
2026-07-09,青山街道,青山绿庭,588,366,214.8,67.2,2.1,139.6,273,93
2026-07-10,青山街道,青山绿庭,588,369,194.4,67.0,2.6,155.0,291,78
2026-07-11,青山街道,青山绿庭,588,395,194.0,73.3,2.8,163.3,311,84
2026-07-12,青山街道,青山绿庭,588,403,210.2,75.7,3.5,179.2,297,106
2026-07-13,青山街道,青山绿庭,588,358,208.5,70.4,3.3,150.0,277,81
2026-07-14,青山街道,青山绿庭,588,360,191.5,65.6,3.4,144.1,281,79
2026-07-15,青山街道,青山绿庭,588,381,231.7,60.2,3.1,164.8,277,104
2026-07-16,青山街道,青山绿庭,588,375,224.6,71.8,3.4,164.9,298,77
2026-07-17,青山街道,青山绿庭,588,370,227.6,60.2,2.6,166.8,304,66
2026-07-18,青山街道,青山绿庭,588,422,222.7,71.4,2.8,182.1,330,92
2026-07-19,青山街道,青山绿庭,588,421,235.9,70.1,3.7,164.1,320,101
2026-07-20,青山街道,青山绿庭,588,354,182.8,47.4,2.4,144.2,268,86
2026-07-21,青山街道,青山绿庭,588,367,189.4,68.6,3.0,135.2,279,88
2026-07-22,青山街道,青山绿庭,588,383,196.0,81.4,3.0,162.6,319,64
2026-07-23,青山街道,青山绿庭,588,416,213.2,82.5,2.9,173.3,323,93
2026-07-24,青山街道,青山绿庭,588,377,207.1,69.8,2.2,183.5,293,84
2026-07-25,青山街道,青山绿庭,588,413,252.4,76.3,4.0,194.4,309,104
2026-07-26,青山街道,青山绿庭,588,436,227.9,77.1,3.0,163.8,345,91
2026-07-27,青山街道,青山绿庭,588,368,197.6,84.1,2.0,167.1,287,81
2026-07-28,青山街道,青山绿庭,588,372,172.9,60.0,2.5,155.4,275,97
2026-07-29,青山街道,青山绿庭,588,364,193.8,72.4,2.2,128.8,276,88
2026-07-30,青山街道,青山绿庭,588,397,210.6,72.8,2.8,214.5,308,89
2026-07-31,青山街道,青山绿庭,588,387,214.3,65.4,2.9,174.7,293,94
2026-08-01,青山街道,青山绿庭,588,383,191.5,63.8,3.0,185.3,303,80
2026-08-02,青山街道,青山绿庭,588,377,206.2,64.6,4.1,150.1,297,80
2026-08-03,青山街道,青山绿庭,588,372,236.8,63.2,2.9,144.7,287,85
2026-08-04,青山街道,青山绿庭,588,351,174.6,65.1,2.7,158.6,272,79
2026-08-05,青山街道,青山绿庭,588,378,213.1,71.1,2.7,140.1,287,91
2026-08-06,青山街道,青山绿庭,588,388,208.5,65.5,3.6,139.7,309,79
2026-08-07,青山街道,青山绿庭,588,360,227.9,68.9,2.3,153.5,282,78
2026-08-08,青山街道,青山绿庭,588,401,202.8,61.5,3.3,161.7,318,83
2026-08-09,青山街道,青山绿庭,588,417,250.1,74.9,4.0,163.7,334,83
2026-08-10,青山街道,青山绿庭,588,357,213.0,67.6,2.6,149.4,264,93
2026-08-11,青山街道,青山绿庭,588,368,182.9,63.8,2.6,169.5,291,77
2026-08-12,青山街道,青山绿庭,588,376,189.5,80.4,3.9,133.4,284,92
2026-08-13,青山街道,青山绿庭,588,366,177.4,71.8,2.8,146.0,302,64
2026-08-14,青山街道,青山绿庭,588,374,216.5,63.5,3.1,153.5,288,86
2026-08-15,青山街道,青山绿庭,588,421,223.5,67.2,3.2,184.7,325,96
2026-08-16,青山街道,青山绿庭,588,413,240.9,75.2,3.0,187.0,322,91
2026-08-17,青山街道,青山绿庭,588,376,225.8,72.0,3.5,154.8,298,78
2026-08-18,青山街道,青山绿庭,588,382,190.5,57.0,3.4,153.3,294,88
2026-08-19,青山街道,青山绿庭,588,331,182.3,56.9,2.1,155.6,265,66
2026-08-20,青山街道,青山绿庭,588,393,191.9,72.8,3.0,171.3,304,89
2026-08-21,青山街道,青山绿庭,588,350,184.5,72.2,2.5,143.6,257,93
2026-08-22,青山街道,青山绿庭,588,420,215.7,66.3,3.9,187.3,340,80
2026-08-23,青山街道,青山绿庭,588,417,196.7,68.2,4.4,191.2,305,112
2026-08-24,青山街道,青山绿庭,588,367,201.1,60.8,2.8,167.5,284,83
2026-08-25,青山街道,青山绿庭,588,346,189.5,55.9,2.4,140.4,263,83
2026-08-26,青山街道,青山绿庭,588,369,223.6,68.2,3.1,147.4,293,76
2026-08-27,青山街道,青山绿庭,588,362,207.5,68.0,4.0,158.6,279,83
2026-08-28,青山街道,青山绿庭,588,391,205.0,60.5,3.7,155.1,297,94
2026-08-29,青山街道,青山绿庭,588,397,182.6,65.5,3.0,159.4,292,105
2026-08-30,青山街道,青山绿庭,588,409,253.0,79.2,3.6,180.4,305,104
2026-08-31,青山街道,青山绿庭,588,382,205.3,76.2,2.9,156.6,294,88
2026-01-01,青山街道,竹韵山庄,1034,793,593.0,136.1,5.6,329.2,649,144
2026-01-02,青山街道,竹韵山庄,1034,772,426.5,172.9,5.3,304.0,629,143
2026-01-03,青山街道,竹韵山庄,1034,827,491.3,159.6,7.8,349.0,692,135
2026-01-04,青山街道,竹韵山庄,1034,863,477.0,142.6,7.1,316.6,723,140
2026-01-05,青山街道,竹韵山庄,1034,830,499.9,167.0,6.5,334.3,699,131
2026-01-06,青山街道,竹韵山庄,1034,774,488.2,148.6,5.7,343.1,642,132
2026-01-07,青山街道,竹韵山庄,1034,781,395.6,129.6,5.5,305.5,622,159
2026-01-08,青山街道,竹韵山庄,1034,768,433.0,139.5,7.9,309.8,619,149
2026-01-09,青山街道,竹韵山庄,1034,749,385.8,130.0,6.3,282.3,595,154
2026-01-10,青山街道,竹韵山庄,1034,898,486.5,164.3,8.2,363.6,707,191
2026-01-11,青山街道,竹韵山庄,1034,807,404.4,142.3,6.5,320.7,669,138
2026-01-12,青山街道,竹韵山庄,1034,798,457.9,128.0,5.1,303.3,616,182
2026-01-13,青山街道,竹韵山庄,1034,785,406.2,132.9,6.6,282.8,652,133
2026-01-14,青山街道,竹韵山庄,1034,762,378.5,134.8,5.8,337.3,626,136
2026-01-15,青山街道,竹韵山庄,1034,821,367.2,153.1,6.0,391.3,668,153
2026-01-16,青山街道,竹韵山庄,1034,791,413.5,137.8,6.5,338.9,644,147
2026-01-17,青山街道,竹韵山庄,1034,879,493.8,152.5,6.3,341.1,728,151
2026-01-18,青山街道,竹韵山庄,1034,810,474.9,128.1,8.1,361.2,640,170
2026-01-19,青山街道,竹韵山庄,1034,725,368.7,146.2,5.1,309.9,589,136
2026-01-20,青山街道,竹韵山庄,1034,777,396.9,154.1,6.8,327.1,625,152
2026-01-21,青山街道,竹韵山庄,1034,753,418.0,134.0,5.5,342.6,599,154
2026-01-22,青山街道,竹韵山庄,1034,797,406.1,117.0,6.4,321.5,652,145
2026-01-23,青山街道,竹韵山庄,1034,783,464.3,130.6,6.7,385.8,624,159
2026-01-24,青山街道,竹韵山庄,1034,907,443.1,163.3,7.9,394.9,764,143
2026-01-25,青山街道,竹韵山庄,1034,883,570.0,153.8,6.1,389.5,685,198
2026-01-26,青山街道,竹韵山庄,1034,801,471.4,159.2,5.4,339.2,670,131
2026-01-27,青山街道,竹韵山庄,1034,772,441.4,151.9,6.8,297.5,591,181
2026-01-28,青山街道,竹韵山庄,1034,799,415.2,146.1,7.6,333.9,649,150
2026-01-29,青山街道,竹韵山庄,1034,754,459.6,144.0,4.2,328.8,596,158
2026-01-30,青山街道,竹韵山庄,1034,831,373.4,150.8,6.5,329.1,619,212
2026-01-31,青山街道,竹韵山庄,1034,854,477.0,136.2,8.6,402.9,724,130
2026-02-01,青山街道,竹韵山庄,1034,797,579.9,155.6,7.3,301.6,625,172
2026-02-02,青山街道,竹韵山庄,1034,804,415.1,158.0,6.1,301.4,615,189
2026-02-03,青山街道,竹韵山庄,1034,750,371.3,141.3,7.4,313.1,617,133
2026-02-04,青山街道,竹韵山庄,1034,794,414.2,120.5,6.1,347.7,663,131
2026-02-05,青山街道,竹韵山庄,1034,731,404.9,144.3,4.9,285.1,597,134
2026-02-06,青山街道,竹韵山庄,1034,839,489.7,174.8,7.1,323.4,709,130
2026-02-07,青山街道,竹韵山庄,1034,874,443.0,180.3,7.4,402.8,708,166
2026-02-08,青山街道,竹韵山庄,1034,846,478.8,150.0,8.0,367.0,693,153
2026-02-09,青山街道,竹韵山庄,1034,800,427.2,124.0,6.7,357.6,637,163
2026-02-10,青山街道,竹韵山庄,1034,771,445.3,147.0,5.4,304.9,641,130
2026-02-11,青山街道,竹韵山庄,1034,817,421.5,156.5,6.6,347.4,661,156
2026-02-12,青山街道,竹韵山庄,1034,746,369.7,138.1,7.8,295.6,607,139
2026-02-13,青山街道,竹韵山庄,1034,800,424.0,166.1,5.8,350.4,666,134
2026-02-14,青山街道,竹韵山庄,1034,870,440.7,158.4,6.4,350.8,723,147
2026-02-15,青山街道,竹韵山庄,1034,818,436.8,158.7,7.5,365.7,657,161
2026-02-16,青山街道,竹韵山庄,1034,791,441.1,146.3,6.3,310.9,652,139
2026-02-17,青山街道,竹韵山庄,1034,726,387.7,127.7,6.7,245.6,641,85
2026-02-18,青山街道,竹韵山庄,1034,730,366.7,131.1,5.0,345.4,593,137
2026-02-19,青山街道,竹韵山庄,1034,833,487.6,153.7,6.9,350.8,684,149
2026-02-20,青山街道,竹韵山庄,1034,768,495.3,138.7,7.3,331.9,629,139
2026-02-21,青山街道,竹韵山庄,1034,867,477.1,213.8,4.8,372.8,719,148
2026-02-22,青山街道,竹韵山庄,1034,859,478.8,141.1,10.3,315.0,712,147
2026-02-23,青山街道,竹韵山庄,1034,749,419.5,128.6,5.5,340.1,621,128
2026-02-24,青山街道,竹韵山庄,1034,792,507.8,148.9,5.9,334.9,649,143
2026-02-25,青山街道,竹韵山庄,1034,788,398.0,125.5,7.5,323.1,639,149
2026-02-26,青山街道,竹韵山庄,1034,747,413.5,128.7,4.9,312.0,653,94
2026-02-27,青山街道,竹韵山庄,1034,785,436.8,134.6,5.0,313.0,650,135
2026-02-28,青山街道,竹韵山庄,1034,844,493.2,147.5,5.9,393.8,742,102
2026-03-01,青山街道,竹韵山庄,1034,842,436.5,171.6,7.0,373.6,662,180
2026-03-02,青山街道,竹韵山庄,1034,790,403.5,163.8,5.9,355.0,660,130
2026-03-03,青山街道,竹韵山庄,1034,762,396.7,129.0,7.4,350.6,622,140
2026-03-04,青山街道,竹韵山庄,1034,778,481.4,148.0,5.7,339.9,639,139
2026-03-05,青山街道,竹韵山庄,1034,739,405.2,146.9,5.6,294.6,610,129
2026-03-06,青山街道,竹韵山庄,1034,800,404.1,143.0,6.4,280.1,631,169
2026-03-07,青山街道,竹韵山庄,1034,853,463.4,138.0,8.6,369.1,689,164
2026-03-08,青山街道,竹韵山庄,1034,859,462.5,156.3,8.5,361.7,690,169
2026-03-09,青山街道,竹韵山庄,1034,729,394.2,115.4,6.9,313.2,589,140
2026-03-10,青山街道,竹韵山庄,1034,769,426.9,125.4,5.9,320.9,631,138
2026-03-11,青山街道,竹韵山庄,1034,768,427.4,139.7,7.1,382.3,613,155
2026-03-12,青山街道,竹韵山庄,1034,838,418.6,169.5,7.1,342.0,677,161
2026-03-13,青山街道,竹韵山庄,1034,779,384.3,147.6,7.3,351.7,608,171
2026-03-14,青山街道,竹韵山庄,1034,824,494.9,164.2,8.2,344.3,593,231
2026-03-15,青山街道,竹韵山庄,1034,851,445.7,141.1,7.8,383.4,674,177
2026-03-16,青山街道,竹韵山庄,1034,770,382.1,143.5,4.9,316.5,629,141
2026-03-17,青山街道,竹韵山庄,1034,769,447.7,125.8,6.9,285.2,635,134
2026-03-18,青山街道,竹韵山庄,1034,787,435.9,109.8,6.5,289.8,631,156
2026-03-19,青山街道,竹韵山庄,1034,784,471.5,140.7,6.5,314.3,632,152
2026-03-20,青山街道,竹韵山庄,1034,777,384.2,142.4,7.0,372.6,577,200
2026-03-21,青山街道,竹韵山庄,1034,852,480.0,150.4,6.1,353.8,705,147
2026-03-22,青山街道,竹韵山庄,1034,778,407.7,140.9,5.1,331.8,646,132
2026-03-23,青山街道,竹韵山庄,1034,822,414.3,150.0,6.5,370.6,634,188
2026-03-24,青山街道,竹韵山庄,1034,798,483.3,152.6,5.9,315.5,633,165
2026-03-25,青山街道,竹韵山庄,1034,807,423.9,142.9,5.2,417.6,656,151
2026-03-26,青山街道,竹韵山庄,1034,765,408.0,115.1,5.4,314.5,621,144
2026-03-27,青山街道,竹韵山庄,1034,735,360.1,124.4,7.3,282.9,623,112
2026-03-28,青山街道,竹韵山庄,1034,825,494.1,158.6,6.9,346.9,711,114
2026-03-29,青山街道,竹韵山庄,1034,841,430.6,150.7,7.3,327.2,658,183
2026-03-30,青山街道,竹韵山庄,1034,763,367.1,130.9,7.4,316.9,615,148
2026-03-31,青山街道,竹韵山庄,1034,755,404.5,129.7,5.4,287.3,636,119
2026-04-01,青山街道,竹韵山庄,1034,772,446.0,148.4,6.2,311.2,627,145
2026-04-02,青山街道,竹韵山庄,1034,725,440.4,110.6,6.5,307.2,515,210
2026-04-03,青山街道,竹韵山庄,1034,783,403.2,136.3,5.5,328.7,589,194
2026-04-04,青山街道,竹韵山庄,1034,822,418.8,139.1,6.2,325.4,627,195
2026-04-05,青山街道,竹韵山庄,1034,841,474.6,154.6,6.4,294.4,739,102
2026-04-06,青山街道,竹韵山庄,1034,726,373.9,145.5,6.1,316.8,589,137
2026-04-07,青山街道,竹韵山庄,1034,779,462.5,125.5,7.0,320.5,631,148
2026-04-08,青山街道,竹韵山庄,1034,767,411.9,141.3,6.9,328.4,642,125
2026-04-09,青山街道,竹韵山庄,1034,789,352.9,161.7,7.5,355.6,668,121
2026-04-10,青山街道,竹韵山庄,1034,770,423.6,138.8,5.0,309.7,614,156
2026-04-11,青山街道,竹韵山庄,1034,836,419.1,147.4,6.7,379.0,674,162
2026-04-12,青山街道,竹韵山庄,1034,822,499.6,131.8,5.7,376.8,681,141
2026-04-13,青山街道,竹韵山庄,1034,774,523.0,122.4,6.5,411.7,635,139
2026-04-14,青山街道,竹韵山庄,1034,782,413.8,167.6,7.5,330.3,636,146
2026-04-15,青山街道,竹韵山庄,1034,772,385.7,126.6,6.7,337.4,624,148
2026-04-16,青山街道,竹韵山庄,1034,756,356.6,120.6,8.2,330.1,614,142
2026-04-17,青山街道,竹韵山庄,1034,769,450.0,140.9,6.1,307.9,597,172
2026-04-18,青山街道,竹韵山庄,1034,868,456.4,165.3,6.6,374.2,722,146
2026-04-19,青山街道,竹韵山庄,1034,862,545.6,155.6,5.2,400.4,709,153
2026-04-20,青山街道,竹韵山庄,1034,779,444.8,151.4,4.3,321.8,607,172
2026-04-21,青山街道,竹韵山庄,1034,775,389.0,130.7,5.8,380.5,656,119
2026-04-22,青山街道,竹韵山庄,1034,823,408.0,134.4,7.9,324.8,662,161
2026-04-23,青山街道,竹韵山庄,1034,766,423.6,112.9,4.8,331.0,639,127
2026-04-24,青山街道,竹韵山庄,1034,826,482.0,142.7,6.6,349.0,691,135
2026-04-25,青山街道,竹韵山庄,1034,862,504.3,142.8,6.1,354.4,699,163
2026-04-26,青山街道,竹韵山庄,1034,887,511.4,174.0,7.4,335.4,726,161
2026-04-27,青山街道,竹韵山庄,1034,721,412.6,132.4,6.1,286.9,579,142
2026-04-28,青山街道,竹韵山庄,1034,796,499.5,133.8,6.6,352.4,637,159
2026-04-29,青山街道,竹韵山庄,1034,788,404.2,130.9,6.0,318.9,607,181
2026-04-30,青山街道,竹韵山庄,1034,739,401.9,144.6,5.8,320.3,579,160
2026-05-01,青山街道,竹韵山庄,1034,777,422.9,118.2,5.8,311.8,622,155
2026-05-02,青山街道,竹韵山庄,1034,855,475.0,165.1,4.5,413.0,702,153
2026-05-03,青山街道,竹韵山庄,1034,863,477.3,137.9,6.8,422.2,676,187
2026-05-04,青山街道,竹韵山庄,1034,817,432.7,175.9,6.8,383.9,668,149
2026-05-05,青山街道,竹韵山庄,1034,838,448.8,151.8,6.0,385.0,655,183
2026-05-06,青山街道,竹韵山庄,1034,745,404.5,121.1,4.3,322.6,563,182
2026-05-07,青山街道,竹韵山庄,1034,802,461.6,184.4,6.1,343.7,653,149
2026-05-08,青山街道,竹韵山庄,1034,752,403.4,143.4,7.2,314.2,610,142
2026-05-09,青山街道,竹韵山庄,1034,803,474.2,117.2,5.9,365.7,643,160
2026-05-10,青山街道,竹韵山庄,1034,816,489.6,150.1,7.1,357.1,631,185
2026-05-11,青山街道,竹韵山庄,1034,764,448.7,123.1,4.3,285.5,623,141
2026-05-12,青山街道,竹韵山庄,1034,787,430.3,152.2,8.2,349.9,617,170
2026-05-13,青山街道,竹韵山庄,1034,800,514.3,136.9,6.8,301.4,648,152
2026-05-14,青山街道,竹韵山庄,1034,752,427.5,147.4,5.4,307.4,594,158
2026-05-15,青山街道,竹韵山庄,1034,748,418.4,145.3,5.8,352.0,587,161
2026-05-16,青山街道,竹韵山庄,1034,835,431.8,130.2,7.4,408.8,676,159
2026-05-17,青山街道,竹韵山庄,1034,833,439.6,213.8,6.7,331.3,683,150
2026-05-18,青山街道,竹韵山庄,1034,818,467.9,115.4,6.3,336.7,662,156
2026-05-19,青山街道,竹韵山庄,1034,778,440.7,145.7,5.0,281.0,609,169
2026-05-20,青山街道,竹韵山庄,1034,793,525.9,137.4,5.4,349.2,675,118
2026-05-21,青山街道,竹韵山庄,1034,774,451.1,137.6,7.0,350.3,588,186
2026-05-22,青山街道,竹韵山庄,1034,782,473.4,150.1,7.3,278.2,630,152
2026-05-23,青山街道,竹韵山庄,1034,802,413.1,145.6,6.8,343.9,677,125
2026-05-24,青山街道,竹韵山庄,1034,836,485.2,146.1,6.9,338.1,672,164
2026-05-25,青山街道,竹韵山庄,1034,814,555.0,149.3,4.3,351.5,671,143
2026-05-26,青山街道,竹韵山庄,1034,764,423.7,126.6,7.5,289.1,625,139
2026-05-27,青山街道,竹韵山庄,1034,794,482.1,154.1,5.5,323.1,650,144
2026-05-28,青山街道,竹韵山庄,1034,779,468.9,136.6,5.2,372.5,613,166
2026-05-29,青山街道,竹韵山庄,1034,809,495.3,153.7,7.2,327.2,668,141
2026-05-30,青山街道,竹韵山庄,1034,827,463.8,155.2,8.0,384.7,635,192
2026-05-31,青山街道,竹韵山庄,1034,841,462.7,152.5,6.9,397.5,681,160
2026-06-01,青山街道,竹韵山庄,1034,752,407.2,143.3,5.5,343.0,625,127
2026-06-02,青山街道,竹韵山庄,1034,746,371.6,132.9,7.8,319.7,600,146
2026-06-03,青山街道,竹韵山庄,1034,778,435.8,160.9,5.7,302.4,613,165
2026-06-04,青山街道,竹韵山庄,1034,728,435.7,125.2,7.4,355.7,563,165
2026-06-05,青山街道,竹韵山庄,1034,762,399.0,105.6,5.3,281.7,612,150
2026-06-06,青山街道,竹韵山庄,1034,796,504.2,150.8,5.0,303.8,637,159
2026-06-07,青山街道,竹韵山庄,1034,865,438.3,137.5,5.9,397.9,692,173
2026-06-08,青山街道,竹韵山庄,1034,783,496.4,156.8,7.1,353.2,664,119
2026-06-09,青山街道,竹韵山庄,1034,763,407.9,130.6,7.6,312.3,602,161
2026-06-10,青山街道,竹韵山庄,1034,822,432.9,138.4,6.1,292.2,681,141
2026-06-11,青山街道,竹韵山庄,1034,770,448.4,149.8,6.2,371.4,612,158
2026-06-12,青山街道,竹韵山庄,1034,774,369.1,129.8,7.1,313.8,623,151
2026-06-13,青山街道,竹韵山庄,1034,858,454.6,139.3,8.2,344.8,716,142
2026-06-14,青山街道,竹韵山庄,1034,844,526.3,169.3,7.1,352.7,655,189
2026-06-15,青山街道,竹韵山庄,1034,721,410.0,104.8,7.4,315.2,594,127
2026-06-16,青山街道,竹韵山庄,1034,777,425.3,150.6,7.2,304.0,623,154
2026-06-17,青山街道,竹韵山庄,1034,724,354.5,116.9,4.7,287.0,583,141
2026-06-18,青山街道,竹韵山庄,1034,766,437.8,133.6,5.8,319.2,608,158
2026-06-19,青山街道,竹韵山庄,1034,789,436.5,132.8,5.9,315.2,652,137
2026-06-20,青山街道,竹韵山庄,1034,846,396.2,145.9,6.5,388.2,657,189
2026-06-21,青山街道,竹韵山庄,1034,825,402.9,145.1,6.9,351.5,631,194
2026-06-22,青山街道,竹韵山庄,1034,752,444.5,149.0,6.2,304.3,591,161
2026-06-23,青山街道,竹韵山庄,1034,779,414.7,154.4,6.9,288.6,607,172
2026-06-24,青山街道,竹韵山庄,1034,795,474.2,149.5,6.2,356.1,639,156
2026-06-25,青山街道,竹韵山庄,1034,785,430.5,127.1,7.0,326.2,604,181
2026-06-26,青山街道,竹韵山庄,1034,742,452.1,149.8,7.0,311.5,569,173
2026-06-27,青山街道,竹韵山庄,1034,841,471.5,153.8,8.6,394.3,663,178
2026-06-28,青山街道,竹韵山庄,1034,845,505.6,175.3,7.6,381.7,670,175
2026-06-29,青山街道,竹韵山庄,1034,757,396.7,141.8,5.9,331.5,618,139
2026-06-30,青山街道,竹韵山庄,1034,713,399.7,116.6,6.0,318.2,567,146
2026-07-01,青山街道,竹韵山庄,1034,820,443.3,169.4,5.7,380.7,650,170
2026-07-02,青山街道,竹韵山庄,1034,727,369.3,106.7,5.9,300.3,541,186
2026-07-03,青山街道,竹韵山庄,1034,791,483.0,128.2,6.4,339.8,635,156
2026-07-04,青山街道,竹韵山庄,1034,844,514.6,154.6,5.5,310.6,658,186
2026-07-05,青山街道,竹韵山庄,1034,828,508.3,162.7,5.7,330.8,648,180
2026-07-06,青山街道,竹韵山庄,1034,765,406.1,129.4,8.3,333.3,600,165
2026-07-07,青山街道,竹韵山庄,1034,808,425.0,133.0,7.1,374.7,642,166
2026-07-08,青山街道,竹韵山庄,1034,783,463.2,116.8,6.2,341.2,652,131
2026-07-09,青山街道,竹韵山庄,1034,773,468.0,152.8,5.4,329.9,628,145
2026-07-10,青山街道,竹韵山庄,1034,828,447.2,159.8,8.9,341.3,677,151
2026-07-11,青山街道,竹韵山庄,1034,846,456.0,162.0,6.4,357.7,677,169
2026-07-12,青山街道,竹韵山庄,1034,817,442.2,149.1,5.7,369.2,626,191
2026-07-13,青山街道,竹韵山庄,1034,781,479.8,122.3,6.3,318.2,619,162
2026-07-14,青山街道,竹韵山庄,1034,698,370.8,114.1,6.4,302.7,553,145
2026-07-15,青山街道,竹韵山庄,1034,762,417.4,151.0,6.5,299.9,573,189
2026-07-16,青山街道,竹韵山庄,1034,779,478.4,164.9,6.5,337.0,656,123
2026-07-17,青山街道,竹韵山庄,1034,794,391.1,160.2,7.1,364.2,662,132
2026-07-18,青山街道,竹韵山庄,1034,799,409.7,141.2,8.4,329.5,636,163
2026-07-19,青山街道,竹韵山庄,1034,870,512.7,147.6,6.7,413.6,731,139
2026-07-20,青山街道,竹韵山庄,1034,765,371.0,131.5,5.7,327.8,625,140
2026-07-21,青山街道,竹韵山庄,1034,772,469.8,118.9,6.7,310.6,633,139
2026-07-22,青山街道,竹韵山庄,1034,807,458.6,123.6,5.1,332.1,646,161
2026-07-23,青山街道,竹韵山庄,1034,790,406.8,153.2,6.2,375.7,650,140
2026-07-24,青山街道,竹韵山庄,1034,801,461.9,139.8,8.0,319.9,645,156
2026-07-25,青山街道,竹韵山庄,1034,767,416.9,139.1,5.3,341.4,618,149
2026-07-26,青山街道,竹韵山庄,1034,814,450.0,153.4,7.2,336.3,656,158
2026-07-27,青山街道,竹韵山庄,1034,802,403.2,144.9,6.7,350.2,669,133
2026-07-28,青山街道,竹韵山庄,1034,767,447.9,140.7,4.9,334.7,636,131
2026-07-29,青山街道,竹韵山庄,1034,779,503.7,110.7,6.1,331.6,617,162
2026-07-30,青山街道,竹韵山庄,1034,772,443.8,156.1,5.8,377.7,606,166
2026-07-31,青山街道,竹韵山庄,1034,787,442.5,121.3,6.1,318.7,632,155
2026-08-01,青山街道,竹韵山庄,1034,903,509.9,167.0,6.1,377.9,738,165
2026-08-02,青山街道,竹韵山庄,1034,815,407.6,112.1,6.6,350.9,617,198
2026-08-03,青山街道,竹韵山庄,1034,758,395.8,121.8,5.8,310.8,608,150
2026-08-04,青山街道,竹韵山庄,1034,743,401.8,130.1,5.9,283.6,593,150
2026-08-05,青山街道,竹韵山庄,1034,819,456.6,160.5,7.1,338.2,647,172
2026-08-06,青山街道,竹韵山庄,1034,762,421.4,162.8,7.2,338.4,587,175
2026-08-07,青山街道,竹韵山庄,1034,727,422.5,114.2,6.0,280.1,557,170
2026-08-08,青山街道,竹韵山庄,1034,873,408.9,138.1,5.1,365.4,742,131
2026-08-09,青山街道,竹韵山庄,1034,816,532.1,144.1,6.5,365.0,648,168
2026-08-10,青山街道,竹韵山庄,1034,757,450.5,115.9,5.1,303.2,621,136
2026-08-11,青山街道,竹韵山庄,1034,838,421.9,151.7,6.9,400.5,656,182
2026-08-12,青山街道,竹韵山庄,1034,755,381.0,147.1,6.3,325.6,606,149
2026-08-13,青山街道,竹韵山庄,1034,817,471.8,156.1,5.2,338.5,634,183
2026-08-14,青山街道,竹韵山庄,1034,787,455.7,137.4,7.6,347.2,617,170
2026-08-15,青山街道,竹韵山庄,1034,801,443.0,140.5,6.4,366.1,611,190
2026-08-16,青山街道,竹韵山庄,1034,825,457.3,173.4,7.5,379.2,660,165
2026-08-17,青山街道,竹韵山庄,1034,735,409.4,128.9,6.7,285.9,572,163
2026-08-18,青山街道,竹韵山庄,1034,747,459.2,129.6,6.4,303.9,582,165
2026-08-19,青山街道,竹韵山庄,1034,807,423.6,165.1,6.7,327.2,608,199
2026-08-20,青山街道,竹韵山庄,1034,764,406.9,150.9,6.0,317.6,608,156
2026-08-21,青山街道,竹韵山庄,1034,827,476.9,128.1,5.6,397.4,612,215
2026-08-22,青山街道,竹韵山庄,1034,814,400.0,158.3,7.1,340.0,637,177
2026-08-23,青山街道,竹韵山庄,1034,803,437.1,133.2,5.8,409.8,643,160
2026-08-24,青山街道,竹韵山庄,1034,786,393.0,154.0,6.6,258.4,619,167
2026-08-25,青山街道,竹韵山庄,1034,758,512.8,148.8,7.0,320.3,587,171
2026-08-26,青山街道,竹韵山庄,1034,789,459.9,160.1,4.9,344.3,589,200
2026-08-27,青山街道,竹韵山庄,1034,781,389.8,150.4,5.3,353.6,604,177
2026-08-28,青山街道,竹韵山庄,1034,810,453.4,143.6,7.0,295.1,661,149
2026-08-29,青山街道,竹韵山庄,1034,851,528.2,163.7,8.0,363.3,668,183
2026-08-30,青山街道,竹韵山庄,1034,820,467.3,172.8,6.1,329.8,659,161
2026-08-31,青山街道,竹韵山庄,1034,733,401.6,118.4,5.4,316.8,570,163
2026-01-01,青山街道,松涛苑,897,618,312.5,131.0,6.0,286.6,472,146
2026-01-02,青山街道,松涛苑,897,584,284.9,102.4,6.0,238.8,436,148
2026-01-03,青山街道,松涛苑,897,621,340.0,111.3,4.9,224.8,429,192
2026-01-04,青山街道,松涛苑,897,693,349.0,154.0,5.5,284.0,528,165
2026-01-05,青山街道,松涛苑,897,547,314.0,112.4,4.2,211.8,415,132
2026-01-06,青山街道,松涛苑,897,573,336.0,109.3,5.5,223.0,415,158
2026-01-07,青山街道,松涛苑,897,591,317.7,114.6,4.4,235.5,437,154
2026-01-08,青山街道,松涛苑,897,611,340.3,108.9,3.9,230.2,440,171
2026-01-09,青山街道,松涛苑,897,597,305.1,96.4,6.2,257.6,421,176
2026-01-10,青山街道,松涛苑,897,666,370.2,115.2,7.4,265.1,514,152
2026-01-11,青山街道,松涛苑,897,653,372.2,105.4,5.1,299.9,480,173
2026-01-12,青山街道,松涛苑,897,602,323.4,107.4,4.3,241.1,422,180
2026-01-13,青山街道,松涛苑,897,596,359.7,94.7,5.0,237.6,407,189
2026-01-14,青山街道,松涛苑,897,621,332.6,116.1,6.6,307.5,455,166
2026-01-15,青山街道,松涛苑,897,630,338.5,104.1,4.6,269.8,481,149
2026-01-16,青山街道,松涛苑,897,601,388.0,109.3,4.9,286.4,423,178
2026-01-17,青山街道,松涛苑,897,708,384.1,134.5,5.9,294.8,512,196
2026-01-18,青山街道,松涛苑,897,667,358.4,123.8,3.8,255.7,545,122
2026-01-19,青山街道,松涛苑,897,650,282.1,126.1,5.3,303.4,485,165
2026-01-20,青山街道,松涛苑,897,618,361.4,110.8,5.2,271.4,451,167
2026-01-21,青山街道,松涛苑,897,609,301.2,108.3,4.7,266.7,444,165
2026-01-22,青山街道,松涛苑,897,584,285.1,107.9,5.2,229.6,432,152
2026-01-23,青山街道,松涛苑,897,576,304.2,113.8,3.5,239.5,438,138
2026-01-24,青山街道,松涛苑,897,635,345.2,126.7,5.6,284.0,446,189
2026-01-25,青山街道,松涛苑,897,665,351.7,111.7,5.5,263.4,468,197
2026-01-26,青山街道,松涛苑,897,552,313.7,91.8,3.6,227.9,389,163
2026-01-27,青山街道,松涛苑,897,585,304.8,103.9,3.8,235.6,430,155
2026-01-28,青山街道,松涛苑,897,635,359.7,117.0,4.7,276.1,500,135
2026-01-29,青山街道,松涛苑,897,621,310.1,123.2,6.4,245.2,472,149
2026-01-30,青山街道,松涛苑,897,581,261.9,99.9,3.9,220.3,410,171
2026-01-31,青山街道,松涛苑,897,704,400.5,132.0,6.1,269.6,519,185
2026-02-01,青山街道,松涛苑,897,627,369.8,121.1,6.7,277.1,435,192
2026-02-02,青山街道,松涛苑,897,600,296.4,100.7,4.8,250.0,433,167
2026-02-03,青山街道,松涛苑,897,591,309.0,108.0,5.0,239.4,425,166
2026-02-04,青山街道,松涛苑,897,594,320.2,82.9,5.4,247.3,438,156
2026-02-05,青山街道,松涛苑,897,581,299.9,105.8,5.3,225.2,396,185
2026-02-06,青山街道,松涛苑,897,613,328.2,92.5,5.9,277.7,472,141
2026-02-07,青山街道,松涛苑,897,653,359.0,114.6,4.8,278.7,462,191
2026-02-08,青山街道,松涛苑,897,679,392.5,125.9,5.7,256.0,524,155
2026-02-09,青山街道,松涛苑,897,616,336.7,117.2,6.3,275.9,444,172
2026-02-10,青山街道,松涛苑,897,623,300.3,122.7,4.7,291.5,441,182
2026-02-11,青山街道,松涛苑,897,665,388.0,125.9,7.3,322.3,495,170
2026-02-12,青山街道,松涛苑,897,555,278.5,97.9,5.2,225.3,399,156
2026-02-13,青山街道,松涛苑,897,602,363.5,98.2,5.9,244.6,456,146
2026-02-14,青山街道,松涛苑,897,665,390.0,119.3,5.7,261.6,476,189
2026-02-15,青山街道,松涛苑,897,667,373.1,110.0,5.7,271.1,495,172
2026-02-16,青山街道,松涛苑,897,609,326.0,99.1,4.1,245.0,461,148
2026-02-17,青山街道,松涛苑,897,604,325.9,99.8,5.6,265.3,432,172
2026-02-18,青山街道,松涛苑,897,585,346.1,108.9,4.3,225.1,415,170
2026-02-19,青山街道,松涛苑,897,641,414.7,117.6,4.2,302.7,409,232
2026-02-20,青山街道,松涛苑,897,579,287.8,114.3,4.2,248.4,421,158
2026-02-21,青山街道,松涛苑,897,671,342.8,127.4,5.3,283.2,484,187
2026-02-22,青山街道,松涛苑,897,719,423.6,134.1,6.1,294.8,523,196
2026-02-23,青山街道,松涛苑,897,581,340.9,109.7,4.4,247.9,412,169
2026-02-24,青山街道,松涛苑,897,629,325.1,104.8,5.3,293.5,479,150
2026-02-25,青山街道,松涛苑,897,592,343.2,106.8,4.0,265.8,446,146
2026-02-26,青山街道,松涛苑,897,593,295.9,91.9,4.5,257.0,456,137
2026-02-27,青山街道,松涛苑,897,606,345.4,106.9,5.2,260.1,411,195
2026-02-28,青山街道,松涛苑,897,621,352.9,119.8,3.9,251.5,494,127
2026-03-01,青山街道,松涛苑,897,653,352.2,141.4,5.3,248.1,483,170
2026-03-02,青山街道,松涛苑,897,596,355.3,91.5,5.4,270.6,442,154
2026-03-03,青山街道,松涛苑,897,580,368.5,104.7,3.8,253.6,429,151
2026-03-04,青山街道,松涛苑,897,569,328.3,89.7,4.3,253.7,432,137
2026-03-05,青山街道,松涛苑,897,594,331.8,98.0,4.2,215.1,422,172
2026-03-06,青山街道,松涛苑,897,570,319.8,100.5,5.7,287.2,425,145
2026-03-07,青山街道,松涛苑,897,646,385.5,145.4,5.1,270.2,490,156
2026-03-08,青山街道,松涛苑,897,659,362.8,101.0,4.1,251.1,500,159
2026-03-09,青山街道,松涛苑,897,574,342.6,101.6,5.0,261.6,428,146
2026-03-10,青山街道,松涛苑,897,601,369.9,128.2,5.1,323.1,414,187
2026-03-11,青山街道,松涛苑,897,612,292.8,106.2,5.2,245.2,446,166
2026-03-12,青山街道,松涛苑,897,621,356.5,118.8,4.7,262.8,447,174
2026-03-13,青山街道,松涛苑,897,585,324.8,98.9,4.9,240.0,421,164
2026-03-14,青山街道,松涛苑,897,651,308.0,132.5,5.6,246.6,450,201
2026-03-15,青山街道,松涛苑,897,649,314.3,139.4,4.5,246.6,452,197
2026-03-16,青山街道,松涛苑,897,563,347.9,123.3,3.8,250.8,423,140
2026-03-17,青山街道,松涛苑,897,588,364.8,99.3,4.9,200.6,460,128
2026-03-18,青山街道,松涛苑,897,594,347.2,96.9,4.8,246.7,403,191
2026-03-19,青山街道,松涛苑,897,582,305.7,103.5,5.9,204.3,451,131
2026-03-20,青山街道,松涛苑,897,550,260.1,108.3,5.6,246.8,398,152
2026-03-21,青山街道,松涛苑,897,662,401.7,150.9,3.9,272.6,499,163
2026-03-22,青山街道,松涛苑,897,669,429.1,124.2,5.9,292.7,474,195
2026-03-23,青山街道,松涛苑,897,631,337.4,122.2,4.8,253.0,464,167
2026-03-24,青山街道,松涛苑,897,613,317.7,120.3,4.5,282.7,436,177
2026-03-25,青山街道,松涛苑,897,611,332.7,103.5,5.4,219.7,445,166
2026-03-26,青山街道,松涛苑,897,565,341.8,119.9,4.0,259.1,390,175
2026-03-27,青山街道,松涛苑,897,555,275.5,99.0,3.1,259.3,402,153
2026-03-28,青山街道,松涛苑,897,646,365.0,124.2,6.0,283.3,475,171
2026-03-29,青山街道,松涛苑,897,628,326.7,106.5,6.1,275.0,444,184
2026-03-30,青山街道,松涛苑,897,608,344.1,130.2,4.5,235.5,465,143
2026-03-31,青山街道,松涛苑,897,613,323.4,103.9,4.5,242.6,449,164
2026-04-01,青山街道,松涛苑,897,627,350.0,98.8,6.1,312.7,441,186
2026-04-02,青山街道,松涛苑,897,591,283.1,90.6,5.1,233.6,413,178
2026-04-03,青山街道,松涛苑,897,616,340.1,109.1,5.9,268.3,432,184
2026-04-04,青山街道,松涛苑,897,595,344.1,89.0,5.8,226.5,408,187
2026-04-05,青山街道,松涛苑,897,604,347.1,105.5,5.2,250.0,451,153
2026-04-06,青山街道,松涛苑,897,630,339.1,120.1,5.3,245.5,446,184
2026-04-07,青山街道,松涛苑,897,577,327.6,98.1,4.9,216.3,434,143
2026-04-08,青山街道,松涛苑,897,609,342.9,99.0,4.7,257.3,455,154
2026-04-09,青山街道,松涛苑,897,596,317.4,111.4,5.7,284.6,428,168
2026-04-10,青山街道,松涛苑,897,598,344.7,96.9,4.6,232.4,441,157
2026-04-11,青山街道,松涛苑,897,647,303.8,102.2,6.6,251.5,475,172
2026-04-12,青山街道,松涛苑,897,659,425.6,149.5,4.9,265.3,423,236
2026-04-13,青山街道,松涛苑,897,595,316.0,125.5,5.1,252.7,417,178
2026-04-14,青山街道,松涛苑,897,597,357.3,106.9,3.7,252.0,418,179
2026-04-15,青山街道,松涛苑,897,571,328.3,112.1,4.2,242.2,451,120
2026-04-16,青山街道,松涛苑,897,587,321.8,108.2,5.3,196.0,435,152
2026-04-17,青山街道,松涛苑,897,613,296.7,110.8,4.4,257.2,435,178
2026-04-18,青山街道,松涛苑,897,679,362.2,133.5,6.5,317.6,498,181
2026-04-19,青山街道,松涛苑,897,598,358.5,114.6,5.4,275.7,453,145
2026-04-20,青山街道,松涛苑,897,621,323.9,92.5,4.9,317.7,437,184
2026-04-21,青山街道,松涛苑,897,598,299.5,92.7,5.6,285.1,441,157
2026-04-22,青山街道,松涛苑,897,582,307.0,78.8,3.9,249.7,409,173
2026-04-23,青山街道,松涛苑,897,590,309.0,107.7,5.2,243.7,424,166
2026-04-24,青山街道,松涛苑,897,609,367.7,132.7,6.2,216.2,451,158
2026-04-25,青山街道,松涛苑,897,648,295.1,129.5,4.7,318.2,455,193
2026-04-26,青山街道,松涛苑,897,738,417.3,130.5,6.2,336.6,502,236
2026-04-27,青山街道,松涛苑,897,600,318.4,113.6,3.6,241.9,452,148
2026-04-28,青山街道,松涛苑,897,608,358.4,122.6,5.4,228.9,420,188
2026-04-29,青山街道,松涛苑,897,618,363.8,103.2,5.2,273.2,462,156
2026-04-30,青山街道,松涛苑,897,584,310.6,113.9,3.7,245.6,403,181
2026-05-01,青山街道,松涛苑,897,646,386.7,134.2,5.8,249.0,447,199
2026-05-02,青山街道,松涛苑,897,650,327.7,115.5,6.9,250.3,464,186
2026-05-03,青山街道,松涛苑,897,626,346.2,114.6,5.8,266.3,451,175
2026-05-04,青山街道,松涛苑,897,595,311.6,105.1,4.9,243.6,428,167
2026-05-05,青山街道,松涛苑,897,561,293.9,99.6,3.2,207.4,415,146
2026-05-06,青山街道,松涛苑,897,572,318.9,116.5,4.3,233.6,392,180
2026-05-07,青山街道,松涛苑,897,603,322.9,111.9,5.5,218.0,428,175
2026-05-08,青山街道,松涛苑,897,542,317.3,104.5,4.0,217.3,384,158
2026-05-09,青山街道,松涛苑,897,606,320.5,106.5,4.4,233.2,413,193
2026-05-10,青山街道,松涛苑,897,613,351.9,90.7,5.1,271.6,460,153
2026-05-11,青山街道,松涛苑,897,598,362.8,109.9,4.1,262.7,433,165
2026-05-12,青山街道,松涛苑,897,616,326.4,100.3,5.1,261.3,397,219
2026-05-13,青山街道,松涛苑,897,629,361.9,121.5,6.3,268.6,471,158
2026-05-14,青山街道,松涛苑,897,593,360.2,120.0,4.3,264.5,411,182
2026-05-15,青山街道,松涛苑,897,576,326.2,105.4,5.8,221.6,416,160
2026-05-16,青山街道,松涛苑,897,706,400.0,135.4,4.8,270.2,506,200
2026-05-17,青山街道,松涛苑,897,656,389.0,110.3,4.4,269.7,454,202
2026-05-18,青山街道,松涛苑,897,599,318.5,121.1,4.8,238.4,426,173
2026-05-19,青山街道,松涛苑,897,597,318.7,109.2,4.9,267.2,389,208
2026-05-20,青山街道,松涛苑,897,627,389.5,153.2,5.1,243.5,448,179
2026-05-21,青山街道,松涛苑,897,643,357.5,125.2,5.4,248.5,460,183
2026-05-22,青山街道,松涛苑,897,585,351.5,97.6,4.5,246.0,413,172
2026-05-23,青山街道,松涛苑,897,656,374.9,148.3,4.4,246.1,459,197
2026-05-24,青山街道,松涛苑,897,679,339.3,121.8,5.1,315.7,475,204
2026-05-25,青山街道,松涛苑,897,642,328.1,106.4,6.6,268.8,471,171
2026-05-26,青山街道,松涛苑,897,600,275.4,95.8,3.7,242.0,428,172
2026-05-27,青山街道,松涛苑,897,570,311.9,107.4,4.4,237.5,408,162
2026-05-28,青山街道,松涛苑,897,614,314.2,106.9,4.6,286.3,448,166
2026-05-29,青山街道,松涛苑,897,631,365.3,109.4,4.3,252.6,450,181
2026-05-30,青山街道,松涛苑,897,674,353.5,121.3,7.2,261.2,516,158
2026-05-31,青山街道,松涛苑,897,656,331.9,128.4,5.0,283.6,484,172
2026-06-01,青山街道,松涛苑,897,583,277.6,113.4,4.7,250.8,423,160
2026-06-02,青山街道,松涛苑,897,625,333.0,112.4,5.3,241.1,423,202
2026-06-03,青山街道,松涛苑,897,599,339.0,109.6,4.9,271.0,418,181
2026-06-04,青山街道,松涛苑,897,617,346.2,120.7,5.6,227.4,446,171
2026-06-05,青山街道,松涛苑,897,620,314.7,104.3,5.3,281.1,464,156
2026-06-06,青山街道,松涛苑,897,619,342.7,108.5,4.7,293.6,442,177
2026-06-07,青山街道,松涛苑,897,672,367.8,133.7,5.9,293.5,484,188
2026-06-08,青山街道,松涛苑,897,574,305.7,95.9,4.1,246.0,422,152
2026-06-09,青山街道,松涛苑,897,602,338.8,99.6,4.6,243.9,433,169
2026-06-10,青山街道,松涛苑,897,561,282.4,116.6,4.2,241.0,379,182
2026-06-11,青山街道,松涛苑,897,607,315.9,106.2,5.2,232.2,446,161
2026-06-12,青山街道,松涛苑,897,545,258.0,94.9,5.0,249.9,393,152
2026-06-13,青山街道,松涛苑,897,682,356.9,134.7,6.3,286.0,455,227
2026-06-14,青山街道,松涛苑,897,696,392.6,99.8,5.2,315.9,502,194
2026-06-15,青山街道,松涛苑,897,613,376.2,113.8,4.5,258.2,422,191
2026-06-16,青山街道,松涛苑,897,603,284.4,111.7,3.7,254.5,443,160
2026-06-17,青山街道,松涛苑,897,604,330.0,126.9,3.7,242.0,427,177
2026-06-18,青山街道,松涛苑,897,561,317.4,104.4,5.5,231.7,404,157
2026-06-19,青山街道,松涛苑,897,602,348.1,108.1,4.9,263.7,411,191
2026-06-20,青山街道,松涛苑,897,696,373.0,138.1,7.0,307.5,536,160
2026-06-21,青山街道,松涛苑,897,646,411.8,103.2,5.6,312.6,460,186
2026-06-22,青山街道,松涛苑,897,568,335.8,112.7,5.9,228.6,411,157
2026-06-23,青山街道,松涛苑,897,610,356.0,116.8,5.8,257.1,432,178
2026-06-24,青山街道,松涛苑,897,588,321.2,108.6,5.2,256.1,436,152
2026-06-25,青山街道,松涛苑,897,614,364.1,109.7,5.2,285.9,413,201
2026-06-26,青山街道,松涛苑,897,640,343.8,106.9,5.1,268.8,445,195
2026-06-27,青山街道,松涛苑,897,579,301.9,103.0,4.8,250.3,439,140
2026-06-28,青山街道,松涛苑,897,653,364.2,121.4,4.2,273.8,461,192
2026-06-29,青山街道,松涛苑,897,605,354.0,118.1,4.0,260.0,439,166
2026-06-30,青山街道,松涛苑,897,593,323.4,133.7,6.4,272.8,399,194
2026-07-01,青山街道,松涛苑,897,593,320.0,117.6,5.4,241.8,437,156
2026-07-02,青山街道,松涛苑,897,600,341.6,107.9,5.2,225.2,448,152
2026-07-03,青山街道,松涛苑,897,633,337.8,124.5,4.9,264.8,457,176
2026-07-04,青山街道,松涛苑,897,632,418.3,117.4,5.4,289.0,466,166
2026-07-05,青山街道,松涛苑,897,654,312.6,118.5,4.5,274.0,479,175
2026-07-06,青山街道,松涛苑,897,578,332.5,108.5,5.8,265.3,434,144
2026-07-07,青山街道,松涛苑,897,540,291.3,79.4,3.8,225.5,394,146
2026-07-08,青山街道,松涛苑,897,599,308.5,116.4,4.0,236.6,456,143
2026-07-09,青山街道,松涛苑,897,629,361.4,108.6,4.2,256.1,430,199
2026-07-10,青山街道,松涛苑,897,554,331.3,92.2,4.5,205.5,387,167
2026-07-11,青山街道,松涛苑,897,653,352.8,118.6,6.1,268.0,469,184
2026-07-12,青山街道,松涛苑,897,662,304.1,98.5,4.2,253.2,470,192
2026-07-13,青山街道,松涛苑,897,554,300.6,107.2,4.1,212.9,379,175
2026-07-14,青山街道,松涛苑,897,588,314.4,108.4,5.9,230.7,404,184
2026-07-15,青山街道,松涛苑,897,541,324.2,83.4,4.3,214.8,400,141
2026-07-16,青山街道,松涛苑,897,605,400.9,108.9,5.0,242.4,440,165
2026-07-17,青山街道,松涛苑,897,642,381.7,104.8,4.6,243.4,455,187
2026-07-18,青山街道,松涛苑,897,653,343.8,98.5,6.0,299.0,426,227
2026-07-19,青山街道,松涛苑,897,685,394.2,107.0,4.8,291.1,466,219
2026-07-20,青山街道,松涛苑,897,584,312.8,108.6,4.5,267.9,429,155
2026-07-21,青山街道,松涛苑,897,575,367.5,104.9,5.3,235.4,386,189
2026-07-22,青山街道,松涛苑,897,628,375.7,110.2,3.6,297.0,473,155
2026-07-23,青山街道,松涛苑,897,588,334.9,111.2,5.0,230.3,419,169
2026-07-24,青山街道,松涛苑,897,599,328.3,91.4,3.7,265.4,417,182
2026-07-25,青山街道,松涛苑,897,686,321.0,126.1,4.7,256.1,471,215
2026-07-26,青山街道,松涛苑,897,647,361.5,117.4,4.9,279.5,463,184
2026-07-27,青山街道,松涛苑,897,646,329.5,100.1,4.7,267.4,466,180
2026-07-28,青山街道,松涛苑,897,530,273.2,99.1,4.0,195.3,360,170
2026-07-29,青山街道,松涛苑,897,554,299.3,105.0,3.6,223.8,377,177
2026-07-30,青山街道,松涛苑,897,608,334.4,97.3,4.7,248.3,413,195
2026-07-31,青山街道,松涛苑,897,547,294.8,94.5,4.1,235.2,368,179
2026-08-01,青山街道,松涛苑,897,688,396.8,137.6,3.9,269.2,465,223
2026-08-02,青山街道,松涛苑,897,655,370.5,126.2,4.9,235.3,450,205
2026-08-03,青山街道,松涛苑,897,621,343.8,108.0,4.3,265.5,419,202
2026-08-04,青山街道,松涛苑,897,607,342.6,122.1,5.7,270.7,427,180
2026-08-05,青山街道,松涛苑,897,592,305.4,116.3,5.5,238.0,412,180
2026-08-06,青山街道,松涛苑,897,615,361.8,134.5,4.1,250.9,466,149
2026-08-07,青山街道,松涛苑,897,623,334.5,134.0,4.4,294.8,419,204
2026-08-08,青山街道,松涛苑,897,683,336.5,132.8,6.3,267.2,479,204
2026-08-09,青山街道,松涛苑,897,647,348.0,110.3,5.8,233.7,498,149
2026-08-10,青山街道,松涛苑,897,578,295.7,102.5,4.9,218.9,422,156
2026-08-11,青山街道,松涛苑,897,564,315.7,81.3,5.6,241.6,414,150
2026-08-12,青山街道,松涛苑,897,620,314.5,106.1,5.8,325.8,394,226
2026-08-13,青山街道,松涛苑,897,627,342.5,117.7,4.5,256.9,443,184
2026-08-14,青山街道,松涛苑,897,579,299.6,100.5,3.2,260.8,388,191
2026-08-15,青山街道,松涛苑,897,615,350.9,125.6,5.9,265.3,430,185
2026-08-16,青山街道,松涛苑,897,675,334.7,98.2,5.2,260.7,498,177
2026-08-17,青山街道,松涛苑,897,566,325.5,105.4,4.2,255.9,401,165
2026-08-18,青山街道,松涛苑,897,607,333.7,85.2,3.8,257.2,405,202
2026-08-19,青山街道,松涛苑,897,610,371.3,115.9,4.9,283.0,443,167
2026-08-20,青山街道,松涛苑,897,591,317.9,114.7,3.7,254.0,408,183
2026-08-21,青山街道,松涛苑,897,615,306.0,99.0,5.5,249.4,457,158
2026-08-22,青山街道,松涛苑,897,666,385.1,118.9,4.7,307.3,462,204
2026-08-23,青山街道,松涛苑,897,679,413.9,124.4,5.9,297.1,470,209
2026-08-24,青山街道,松涛苑,897,585,319.4,94.3,6.3,270.1,417,168
2026-08-25,青山街道,松涛苑,897,566,286.4,99.3,4.6,271.5,413,153
2026-08-26,青山街道,松涛苑,897,584,303.8,98.0,6.6,242.3,441,143
2026-08-27,青山街道,松涛苑,897,604,300.1,119.4,4.1,262.5,434,170
2026-08-28,青山街道,松涛苑,897,557,298.6,105.6,4.5,254.2,386,171
2026-08-29,青山街道,松涛苑,897,684,422.0,139.9,6.4,343.9,492,192
2026-08-30,青山街道,松涛苑,897,636,319.6,109.9,6.3,275.8,454,182
2026-08-31,青山街道,松涛苑,897,559,317.8,105.7,4.8,218.5,409,150
2026-01-01,青山街道,梅岭新村,625,424,238.1,81.5,3.4,184.1,339,85
2026-01-02,青山街道,梅岭新村,625,457,240.7,88.6,3.3,185.1,355,102
2026-01-03,青山街道,梅岭新村,625,471,219.7,87.9,4.3,183.9,354,117
2026-01-04,青山街道,梅岭新村,625,440,233.0,70.6,2.9,200.7,340,100
2026-01-05,青山街道,梅岭新村,625,438,245.2,76.5,2.9,158.7,322,116
2026-01-06,青山街道,梅岭新村,625,434,237.6,65.8,3.9,199.7,312,122
2026-01-07,青山街道,梅岭新村,625,441,248.4,86.8,4.0,179.2,322,119
2026-01-08,青山街道,梅岭新村,625,418,204.9,72.3,4.4,184.9,320,98
2026-01-09,青山街道,梅岭新村,625,437,229.5,71.7,2.8,173.8,323,114
2026-01-10,青山街道,梅岭新村,625,456,252.2,99.1,3.9,192.0,342,114
2026-01-11,青山街道,梅岭新村,625,477,265.2,71.9,4.0,193.9,356,121
2026-01-12,青山街道,梅岭新村,625,453,260.9,97.3,4.8,213.1,333,120
2026-01-13,青山街道,梅岭新村,625,441,251.6,80.7,3.8,213.7,329,112
2026-01-14,青山街道,梅岭新村,625,458,251.0,76.0,4.6,193.6,336,122
2026-01-15,青山街道,梅岭新村,625,434,260.4,72.0,4.5,150.3,323,111
2026-01-16,青山街道,梅岭新村,625,462,257.2,98.4,3.1,203.8,340,122
2026-01-17,青山街道,梅岭新村,625,494,307.8,95.6,4.1,214.6,364,130
2026-01-18,青山街道,梅岭新村,625,473,294.0,84.7,3.0,210.3,363,110
2026-01-19,青山街道,梅岭新村,625,445,259.7,71.5,3.9,199.9,322,123
2026-01-20,青山街道,梅岭新村,625,405,220.7,82.0,3.0,196.8,309,96
2026-01-21,青山街道,梅岭新村,625,443,227.3,80.1,4.0,205.0,332,111
2026-01-22,青山街道,梅岭新村,625,460,263.2,85.1,3.6,172.6,366,94
2026-01-23,青山街道,梅岭新村,625,422,236.2,80.9,3.2,211.3,311,111
2026-01-24,青山街道,梅岭新村,625,498,261.9,98.7,3.9,202.6,387,111
2026-01-25,青山街道,梅岭新村,625,444,258.6,77.4,3.4,224.5,345,99
2026-01-26,青山街道,梅岭新村,625,459,290.7,87.3,4.4,187.7,335,124
2026-01-27,青山街道,梅岭新村,625,456,245.5,69.5,2.6,173.5,329,127
2026-01-28,青山街道,梅岭新村,625,465,262.9,87.0,3.8,177.6,345,120
2026-01-29,青山街道,梅岭新村,625,444,248.3,67.6,3.6,196.8,334,110
2026-01-30,青山街道,梅岭新村,625,439,247.1,87.2,3.6,182.5,314,125
2026-01-31,青山街道,梅岭新村,625,482,300.4,86.4,4.5,198.6,360,122
2026-02-01,青山街道,梅岭新村,625,454,238.7,104.2,3.2,185.0,329,125
2026-02-02,青山街道,梅岭新村,625,465,294.3,73.6,3.0,153.0,363,102
2026-02-03,青山街道,梅岭新村,625,451,237.2,84.2,3.3,186.3,323,128
2026-02-04,青山街道,梅岭新村,625,450,237.7,73.5,4.2,172.5,358,92
2026-02-05,青山街道,梅岭新村,625,454,249.1,71.9,3.2,180.5,343,111
2026-02-06,青山街道,梅岭新村,625,451,230.4,85.4,3.2,167.8,339,112
2026-02-07,青山街道,梅岭新村,625,455,253.1,74.8,3.4,165.9,342,113
2026-02-08,青山街道,梅岭新村,625,443,259.9,78.1,2.7,219.8,336,107
2026-02-09,青山街道,梅岭新村,625,477,288.9,97.1,3.9,194.6,340,137
2026-02-10,青山街道,梅岭新村,625,426,237.6,80.9,3.0,165.5,330,96
2026-02-11,青山街道,梅岭新村,625,442,230.6,90.0,4.0,205.8,328,114
2026-02-12,青山街道,梅岭新村,625,454,262.1,90.3,3.7,164.5,348,106
2026-02-13,青山街道,梅岭新村,625,449,208.3,65.4,3.6,192.7,315,134
2026-02-14,青山街道,梅岭新村,625,432,251.0,80.5,4.4,158.3,334,98
2026-02-15,青山街道,梅岭新村,625,463,282.1,84.7,3.2,202.0,329,134
2026-02-16,青山街道,梅岭新村,625,439,233.9,56.4,3.5,186.1,312,127
2026-02-17,青山街道,梅岭新村,625,432,233.8,87.9,3.6,200.6,337,95
2026-02-18,青山街道,梅岭新村,625,456,252.6,72.0,3.7,221.3,345,111
2026-02-19,青山街道,梅岭新村,625,450,246.8,85.3,3.2,206.9,341,109
2026-02-20,青山街道,梅岭新村,625,458,270.3,88.4,4.3,205.4,372,86
2026-02-21,青山街道,梅岭新村,625,452,245.4,75.4,3.3,172.3,330,122
2026-02-22,青山街道,梅岭新村,625,498,245.1,90.9,4.7,200.1,369,129
2026-02-23,青山街道,梅岭新村,625,420,227.6,66.0,3.8,178.1,332,88
2026-02-24,青山街道,梅岭新村,625,469,230.3,87.7,3.2,216.2,358,111
2026-02-25,青山街道,梅岭新村,625,429,227.4,92.6,3.0,174.5,334,95
2026-02-26,青山街道,梅岭新村,625,410,231.4,69.2,3.2,178.8,291,119
2026-02-27,青山街道,梅岭新村,625,474,267.6,79.1,3.6,207.9,318,156
2026-02-28,青山街道,梅岭新村,625,523,295.1,99.2,3.3,242.4,393,130
2026-03-01,青山街道,梅岭新村,625,497,260.7,97.2,5.0,215.8,384,113
2026-03-02,青山街道,梅岭新村,625,449,258.2,77.0,3.3,181.3,333,116
2026-03-03,青山街道,梅岭新村,625,434,286.1,77.5,2.9,219.7,319,115
2026-03-04,青山街道,梅岭新村,625,450,246.3,85.2,2.7,216.6,343,107
2026-03-05,青山街道,梅岭新村,625,477,286.1,86.9,4.0,190.6,361,116
2026-03-06,青山街道,梅岭新村,625,454,252.9,81.9,3.4,189.6,321,133
2026-03-07,青山街道,梅岭新村,625,472,247.8,93.2,3.6,222.8,342,130
2026-03-08,青山街道,梅岭新村,625,488,277.1,87.1,3.4,215.2,355,133
2026-03-09,青山街道,梅岭新村,625,429,274.7,68.1,3.0,168.0,324,105
2026-03-10,青山街道,梅岭新村,625,465,259.9,73.1,2.9,205.2,373,92
2026-03-11,青山街道,梅岭新村,625,449,238.4,84.4,3.5,199.7,342,107
2026-03-12,青山街道,梅岭新村,625,458,254.8,79.7,3.1,198.4,344,114
2026-03-13,青山街道,梅岭新村,625,457,256.2,84.7,4.7,193.1,330,127
2026-03-14,青山街道,梅岭新村,625,489,261.4,89.1,4.1,178.9,380,109
2026-03-15,青山街道,梅岭新村,625,487,273.6,100.6,3.3,201.4,359,128
2026-03-16,青山街道,梅岭新村,625,440,237.9,65.9,3.2,169.6,351,89
2026-03-17,青山街道,梅岭新村,625,421,227.5,79.0,4.3,185.3,315,106
2026-03-18,青山街道,梅岭新村,625,416,255.4,77.3,3.4,194.5,309,107
2026-03-19,青山街道,梅岭新村,625,471,262.6,76.8,3.8,224.4,349,122
2026-03-20,青山街道,梅岭新村,625,411,260.9,61.1,3.0,176.8,309,102
2026-03-21,青山街道,梅岭新村,625,499,235.2,70.5,4.7,229.5,370,129
2026-03-22,青山街道,梅岭新村,625,482,276.1,76.8,4.1,195.0,338,144
2026-03-23,青山街道,梅岭新村,625,395,197.4,61.7,2.8,186.5,298,97
2026-03-24,青山街道,梅岭新村,625,439,222.0,85.2,3.5,181.1,328,111
2026-03-25,青山街道,梅岭新村,625,429,237.6,66.9,4.4,166.4,329,100
2026-03-26,青山街道,梅岭新村,625,467,255.7,71.0,3.7,216.2,338,129
2026-03-27,青山街道,梅岭新村,625,452,253.2,69.2,3.3,185.5,330,122
2026-03-28,青山街道,梅岭新村,625,491,265.7,108.9,4.7,218.9,380,111
2026-03-29,青山街道,梅岭新村,625,488,278.9,78.8,4.9,207.8,365,123
2026-03-30,青山街道,梅岭新村,625,466,244.8,83.7,3.6,198.8,352,114
2026-03-31,青山街道,梅岭新村,625,454,226.1,79.4,3.7,175.0,343,111
2026-04-01,青山街道,梅岭新村,625,469,249.3,79.4,4.0,194.0,332,137
2026-04-02,青山街道,梅岭新村,625,436,226.0,73.7,3.1,192.0,329,107
2026-04-03,青山街道,梅岭新村,625,403,239.5,66.5,3.3,189.5,283,120
2026-04-04,青山街道,梅岭新村,625,479,283.2,90.8,3.8,192.1,366,113
2026-04-05,青山街道,梅岭新村,625,460,265.7,80.8,3.9,184.0,325,135
2026-04-06,青山街道,梅岭新村,625,448,224.3,79.8,4.4,178.2,322,126
2026-04-07,青山街道,梅岭新村,625,456,243.9,79.9,3.5,186.3,319,137
2026-04-08,青山街道,梅岭新村,625,459,275.8,75.3,3.1,223.0,331,128
2026-04-09,青山街道,梅岭新村,625,465,278.7,66.1,4.1,188.9,371,94
2026-04-10,青山街道,梅岭新村,625,412,225.9,77.5,3.7,163.1,324,88
2026-04-11,青山街道,梅岭新村,625,465,262.2,82.7,3.7,185.5,346,119
2026-04-12,青山街道,梅岭新村,625,476,267.2,73.5,3.2,195.6,345,131
2026-04-13,青山街道,梅岭新村,625,434,240.6,69.1,3.5,152.8,335,99
2026-04-14,青山街道,梅岭新村,625,445,235.8,70.6,4.6,176.5,331,114
2026-04-15,青山街道,梅岭新村,625,437,231.7,85.6,3.8,180.2,308,129
2026-04-16,青山街道,梅岭新村,625,431,265.5,82.5,3.6,164.6,332,99
2026-04-17,青山街道,梅岭新村,625,436,254.4,66.4,4.2,192.2,325,111
2026-04-18,青山街道,梅岭新村,625,501,286.7,97.6,3.6,197.0,374,127
2026-04-19,青山街道,梅岭新村,625,500,265.8,87.9,3.8,208.9,350,150
2026-04-20,青山街道,梅岭新村,625,440,229.2,77.5,3.6,180.7,329,111
2026-04-21,青山街道,梅岭新村,625,471,227.2,85.3,4.0,191.1,324,147
2026-04-22,青山街道,梅岭新村,625,421,208.8,78.8,4.5,189.7,327,94
2026-04-23,青山街道,梅岭新村,625,456,242.3,81.4,4.7,194.5,337,119
2026-04-24,青山街道,梅岭新村,625,425,253.9,65.9,3.3,201.0,306,119
2026-04-25,青山街道,梅岭新村,625,498,266.7,73.6,2.9,196.9,358,140
2026-04-26,青山街道,梅岭新村,625,474,249.7,73.3,3.8,223.8,321,153
2026-04-27,青山街道,梅岭新村,625,420,235.4,73.4,3.4,163.2,313,107
2026-04-28,青山街道,梅岭新村,625,477,260.6,79.3,3.3,205.9,354,123
2026-04-29,青山街道,梅岭新村,625,425,240.8,80.1,3.1,170.4,321,104
2026-04-30,青山街道,梅岭新村,625,418,232.7,77.0,3.6,173.6,339,79
2026-05-01,青山街道,梅岭新村,625,407,228.3,75.7,2.8,137.5,304,103
2026-05-02,青山街道,梅岭新村,625,453,251.2,74.7,4.4,184.5,354,99
2026-05-03,青山街道,梅岭新村,625,489,285.3,92.5,5.3,211.8,370,119
2026-05-04,青山街道,梅岭新村,625,459,238.9,80.5,4.3,195.9,330,129
2026-05-05,青山街道,梅岭新村,625,413,247.7,75.4,2.9,172.7,285,128
2026-05-06,青山街道,梅岭新村,625,418,205.4,81.8,3.3,167.4,285,133
2026-05-07,青山街道,梅岭新村,625,452,264.2,87.6,3.2,187.9,335,117
2026-05-08,青山街道,梅岭新村,625,439,279.3,88.2,3.0,171.7,324,115
2026-05-09,青山街道,梅岭新村,625,473,260.4,79.1,4.3,193.1,356,117
2026-05-10,青山街道,梅岭新村,625,468,303.2,79.6,4.5,201.9,352,116
2026-05-11,青山街道,梅岭新村,625,413,232.4,89.1,3.1,147.5,314,99
2026-05-12,青山街道,梅岭新村,625,438,271.0,80.3,2.7,186.3,329,109
2026-05-13,青山街道,梅岭新村,625,431,236.1,72.6,3.2,179.0,310,121
2026-05-14,青山街道,梅岭新村,625,419,223.4,76.2,3.7,183.5,322,97
2026-05-15,青山街道,梅岭新村,625,454,247.8,87.7,2.4,195.4,324,130
2026-05-16,青山街道,梅岭新村,625,464,270.1,71.1,5.0,190.5,351,113
2026-05-17,青山街道,梅岭新村,625,453,250.4,71.1,3.3,191.7,357,96
2026-05-18,青山街道,梅岭新村,625,410,218.2,63.5,3.6,167.7,320,90
2026-05-19,青山街道,梅岭新村,625,428,233.1,65.2,2.6,168.2,329,99
2026-05-20,青山街道,梅岭新村,625,445,227.7,73.9,3.7,170.4,350,95
2026-05-21,青山街道,梅岭新村,625,437,200.4,80.5,3.1,197.3,317,120
2026-05-22,青山街道,梅岭新村,625,438,219.2,85.0,3.3,181.5,318,120
2026-05-23,青山街道,梅岭新村,625,474,269.3,71.4,3.8,204.8,349,125
2026-05-24,青山街道,梅岭新村,625,480,256.9,108.6,4.4,227.0,374,106
2026-05-25,青山街道,梅岭新村,625,419,215.3,76.2,2.9,167.5,294,125
2026-05-26,青山街道,梅岭新村,625,420,245.6,60.3,3.7,197.0,305,115
2026-05-27,青山街道,梅岭新村,625,457,258.2,82.3,2.9,166.1,349,108
2026-05-28,青山街道,梅岭新村,625,424,245.7,78.5,2.7,189.7,334,90
2026-05-29,青山街道,梅岭新村,625,429,237.6,69.8,3.1,175.8,307,122
2026-05-30,青山街道,梅岭新村,625,468,228.9,88.2,3.0,183.3,345,123
2026-05-31,青山街道,梅岭新村,625,485,254.0,82.1,4.8,208.9,361,124
2026-06-01,青山街道,梅岭新村,625,417,243.2,91.9,3.2,182.2,325,92
2026-06-02,青山街道,梅岭新村,625,457,255.9,87.0,3.2,179.9,333,124
2026-06-03,青山街道,梅岭新村,625,484,275.0,84.8,3.1,194.5,371,113
2026-06-04,青山街道,梅岭新村,625,430,233.5,90.9,3.2,171.1,327,103
2026-06-05,青山街道,梅岭新村,625,411,200.6,58.9,2.8,158.8,308,103
2026-06-06,青山街道,梅岭新村,625,526,309.3,110.0,4.1,207.2,394,132
2026-06-07,青山街道,梅岭新村,625,471,248.1,77.5,2.8,183.7,370,101
2026-06-08,青山街道,梅岭新村,625,438,246.1,80.1,3.9,196.5,356,82
2026-06-09,青山街道,梅岭新村,625,396,192.3,77.4,3.2,164.0,286,110
2026-06-10,青山街道,梅岭新村,625,424,221.6,73.1,3.1,179.0,303,121
2026-06-11,青山街道,梅岭新村,625,468,285.3,80.6,3.9,175.5,343,125
2026-06-12,青山街道,梅岭新村,625,445,217.2,73.6,4.4,192.8,333,112
2026-06-13,青山街道,梅岭新村,625,439,221.1,66.5,3.0,193.5,328,111
2026-06-14,青山街道,梅岭新村,625,484,276.9,77.1,4.4,197.4,359,125
2026-06-15,青山街道,梅岭新村,625,446,256.3,72.4,3.6,170.8,329,117
2026-06-16,青山街道,梅岭新村,625,488,282.3,89.9,3.6,198.0,370,118
2026-06-17,青山街道,梅岭新村,625,427,227.0,84.3,2.9,203.8,305,122
2026-06-18,青山街道,梅岭新村,625,430,221.0,80.1,3.4,192.3,319,111
2026-06-19,青山街道,梅岭新村,625,417,217.4,77.4,3.6,180.8,294,123
2026-06-20,青山街道,梅岭新村,625,485,300.2,93.5,3.4,215.7,359,126
2026-06-21,青山街道,梅岭新村,625,480,246.8,93.1,3.4,205.2,354,126
2026-06-22,青山街道,梅岭新村,625,421,229.5,83.4,4.1,172.0,312,109
2026-06-23,青山街道,梅岭新村,625,442,253.1,81.5,4.4,205.8,323,119
2026-06-24,青山街道,梅岭新村,625,441,243.9,66.8,4.4,196.9,319,122
2026-06-25,青山街道,梅岭新村,625,455,273.0,78.0,4.6,196.8,333,122
2026-06-26,青山街道,梅岭新村,625,428,252.5,77.1,4.4,215.9,311,117
2026-06-27,青山街道,梅岭新村,625,458,265.4,80.3,4.5,208.6,358,100
2026-06-28,青山街道,梅岭新村,625,495,269.4,75.8,3.5,196.5,381,114
2026-06-29,青山街道,梅岭新村,625,457,268.0,83.1,3.9,194.5,358,99
2026-06-30,青山街道,梅岭新村,625,442,242.3,73.9,3.8,170.7,313,129
2026-07-01,青山街道,梅岭新村,625,440,210.8,86.9,3.4,175.4,317,123
2026-07-02,青山街道,梅岭新村,625,437,237.2,71.4,4.1,182.8,330,107
2026-07-03,青山街道,梅岭新村,625,457,297.8,77.7,3.8,179.7,332,125
2026-07-04,青山街道,梅岭新村,625,502,300.9,96.3,4.0,240.5,379,123
2026-07-05,青山街道,梅岭新村,625,457,272.0,85.8,3.1,166.0,344,113
2026-07-06,青山街道,梅岭新村,625,434,213.6,80.5,3.1,195.9,317,117
2026-07-07,青山街道,梅岭新村,625,411,216.7,66.6,3.7,160.6,315,96
2026-07-08,青山街道,梅岭新村,625,400,208.8,71.6,2.7,181.1,295,105
2026-07-09,青山街道,梅岭新村,625,454,239.0,88.6,4.1,225.3,320,134
2026-07-10,青山街道,梅岭新村,625,467,255.3,88.3,3.8,177.9,333,134
2026-07-11,青山街道,梅岭新村,625,437,240.0,78.0,3.6,201.4,308,129
2026-07-12,青山街道,梅岭新村,625,471,290.1,110.9,3.3,212.6,375,96
2026-07-13,青山街道,梅岭新村,625,413,210.8,65.3,3.7,184.3,290,123
2026-07-14,青山街道,梅岭新村,625,443,250.6,93.5,3.7,187.7,325,118
2026-07-15,青山街道,梅岭新村,625,418,273.7,71.5,3.4,170.8,331,87
2026-07-16,青山街道,梅岭新村,625,441,241.2,84.3,4.1,163.9,335,106
2026-07-17,青山街道,梅岭新村,625,430,253.0,82.9,3.6,188.0,301,129
2026-07-18,青山街道,梅岭新村,625,454,231.7,75.8,2.7,181.1,338,116
2026-07-19,青山街道,梅岭新村,625,470,234.5,77.7,4.2,195.2,367,103
2026-07-20,青山街道,梅岭新村,625,429,239.3,73.9,3.3,185.3,322,107
2026-07-21,青山街道,梅岭新村,625,408,226.6,66.8,3.0,175.9,301,107
2026-07-22,青山街道,梅岭新村,625,424,231.6,87.6,4.1,157.6,287,137
2026-07-23,青山街道,梅岭新村,625,442,236.9,81.0,3.6,196.7,336,106
2026-07-24,青山街道,梅岭新村,625,414,265.6,70.1,3.2,154.0,305,109
2026-07-25,青山街道,梅岭新村,625,463,247.1,86.4,3.7,215.7,340,123
2026-07-26,青山街道,梅岭新村,625,458,217.1,96.6,4.1,199.5,359,99
2026-07-27,青山街道,梅岭新村,625,412,253.3,73.7,3.5,184.8,293,119
2026-07-28,青山街道,梅岭新村,625,449,252.9,72.9,2.6,183.2,323,126
2026-07-29,青山街道,梅岭新村,625,444,214.1,83.5,4.1,203.3,350,94
2026-07-30,青山街道,梅岭新村,625,430,234.1,83.8,3.8,171.1,337,93
2026-07-31,青山街道,梅岭新村,625,422,213.4,83.1,3.1,176.9,321,101
2026-08-01,青山街道,梅岭新村,625,483,240.9,92.5,3.3,224.7,325,158
2026-08-02,青山街道,梅岭新村,625,487,226.7,85.0,3.5,214.0,353,134
2026-08-03,青山街道,梅岭新村,625,450,235.7,76.7,2.9,181.2,363,87
2026-08-04,青山街道,梅岭新村,625,451,230.8,82.4,4.5,177.0,319,132
2026-08-05,青山街道,梅岭新村,625,408,270.4,77.2,4.3,188.6,306,102
2026-08-06,青山街道,梅岭新村,625,464,235.2,92.0,3.1,185.0,353,111
2026-08-07,青山街道,梅岭新村,625,416,256.3,67.8,2.8,163.9,298,118
2026-08-08,青山街道,梅岭新村,625,486,270.5,113.6,4.9,197.0,351,135
2026-08-09,青山街道,梅岭新村,625,452,243.2,84.4,3.3,189.4,331,121
2026-08-10,青山街道,梅岭新村,625,421,234.4,77.3,2.7,167.9,305,116
2026-08-11,青山街道,梅岭新村,625,430,225.1,77.3,3.5,164.1,297,133
2026-08-12,青山街道,梅岭新村,625,451,261.0,88.6,3.9,236.6,322,129
2026-08-13,青山街道,梅岭新村,625,435,246.2,75.5,3.9,166.9,321,114
2026-08-14,青山街道,梅岭新村,625,447,247.9,77.9,3.2,177.6,320,127
2026-08-15,青山街道,梅岭新村,625,491,248.3,95.2,4.0,227.3,375,116
2026-08-16,青山街道,梅岭新村,625,458,252.8,83.5,4.5,189.6,348,110
2026-08-17,青山街道,梅岭新村,625,451,230.5,81.0,3.2,162.4,331,120
2026-08-18,青山街道,梅岭新村,625,435,237.8,84.9,3.4,191.8,341,94
2026-08-19,青山街道,梅岭新村,625,427,216.3,63.4,3.2,191.1,300,127
2026-08-20,青山街道,梅岭新村,625,392,216.9,64.6,3.2,161.9,290,102
2026-08-21,青山街道,梅岭新村,625,464,244.8,80.1,3.5,202.1,347,117
2026-08-22,青山街道,梅岭新村,625,445,230.1,83.2,4.3,177.9,316,129
2026-08-23,青山街道,梅岭新村,625,492,253.8,92.0,3.5,190.1,365,127
2026-08-24,青山街道,梅岭新村,625,443,233.2,81.8,2.9,205.7,323,120
2026-08-25,青山街道,梅岭新村,625,436,249.4,85.1,3.3,190.3,317,119
2026-08-26,青山街道,梅岭新村,625,405,198.1,78.7,2.3,181.1,277,128
2026-08-27,青山街道,梅岭新村,625,486,249.7,89.1,3.7,209.9,349,137
2026-08-28,青山街道,梅岭新村,625,413,214.1,61.4,3.1,194.6,281,132
2026-08-29,青山街道,梅岭新村,625,490,276.6,94.1,4.7,212.5,354,136
2026-08-30,青山街道,梅岭新村,625,475,273.0,81.4,4.3,218.9,335,140
2026-08-31,青山街道,梅岭新村,625,428,238.7,71.2,4.1,175.0,306,122
2026-01-01,老城街道,和平里,766,458,258.3,88.5,3.3,198.9,373,85
2026-01-02,老城街道,和平里,766,466,237.9,72.4,3.2,184.9,358,108
2026-01-03,老城街道,和平里,766,508,329.4,89.8,4.3,189.8,394,114
2026-01-04,老城街道,和平里,766,506,260.8,88.7,4.3,191.9,384,122
2026-01-05,老城街道,和平里,766,456,283.7,97.2,3.9,177.0,357,99
2026-01-06,老城街道,和平里,766,465,265.4,92.7,3.6,194.9,360,105
2026-01-07,老城街道,和平里,766,438,222.5,69.5,3.4,178.3,350,88
2026-01-08,老城街道,和平里,766,500,309.2,94.0,4.7,214.5,383,117
2026-01-09,老城街道,和平里,766,471,237.6,78.5,3.7,218.2,383,88
2026-01-10,老城街道,和平里,766,493,273.7,90.2,3.7,202.9,367,126
2026-01-11,老城街道,和平里,766,496,287.5,81.9,2.9,201.1,373,123
2026-01-12,老城街道,和平里,766,478,252.3,74.1,4.4,204.9,369,109
2026-01-13,老城街道,和平里,766,451,249.0,76.5,4.0,190.3,345,106
2026-01-14,老城街道,和平里,766,430,216.8,88.7,3.9,198.5,344,86
2026-01-15,老城街道,和平里,766,428,231.2,70.9,3.3,178.0,334,94
2026-01-16,老城街道,和平里,766,451,208.7,79.2,4.1,186.3,340,111
2026-01-17,老城街道,和平里,766,506,328.3,104.4,3.3,247.5,380,126
2026-01-18,老城街道,和平里,766,529,281.2,104.5,4.6,237.1,395,134
2026-01-19,老城街道,和平里,766,456,283.0,88.1,3.5,171.2,338,118
2026-01-20,老城街道,和平里,766,454,247.9,82.9,3.7,174.5,347,107
2026-01-21,老城街道,和平里,766,507,280.6,83.3,3.8,237.9,386,121
2026-01-22,老城街道,和平里,766,435,231.5,69.6,3.0,160.4,351,84
2026-01-23,老城街道,和平里,766,408,222.4,75.5,3.2,161.8,320,88
2026-01-24,老城街道,和平里,766,505,253.1,94.7,4.7,220.7,402,103
2026-01-25,老城街道,和平里,766,532,255.7,108.7,3.7,228.5,404,128
2026-01-26,老城街道,和平里,766,481,255.7,92.1,3.8,180.8,384,97
2026-01-27,老城街道,和平里,766,450,273.0,80.6,3.9,162.6,373,77
2026-01-28,老城街道,和平里,766,474,271.8,94.1,3.6,198.4,382,92
2026-01-29,老城街道,和平里,766,467,250.4,79.1,3.0,240.2,362,105
2026-01-30,老城街道,和平里,766,436,243.9,75.2,3.6,172.9,348,88
2026-01-31,老城街道,和平里,766,503,274.2,79.9,3.9,220.5,414,89
2026-02-01,老城街道,和平里,766,464,264.0,87.5,3.5,180.5,324,140
2026-02-02,老城街道,和平里,766,449,217.6,74.8,4.2,188.0,352,97
2026-02-03,老城街道,和平里,766,478,261.6,73.6,3.8,219.7,355,123
2026-02-04,老城街道,和平里,766,497,279.6,84.4,5.0,201.4,389,108
2026-02-05,老城街道,和平里,766,467,265.8,70.5,3.5,224.9,357,110
2026-02-06,老城街道,和平里,766,463,263.7,69.8,4.3,211.0,373,90
2026-02-07,老城街道,和平里,766,544,316.4,107.5,3.3,226.8,417,127
2026-02-08,老城街道,和平里,766,520,297.1,105.0,3.3,179.3,374,146
2026-02-09,老城街道,和平里,766,427,219.0,81.3,3.0,183.2,318,109
2026-02-10,老城街道,和平里,766,448,236.2,71.0,4.5,185.1,365,83
2026-02-11,老城街道,和平里,766,466,246.0,67.4,3.5,204.4,361,105
2026-02-12,老城街道,和平里,766,475,244.4,83.7,4.3,182.8,359,116
2026-02-13,老城街道,和平里,766,459,225.2,67.5,3.8,198.4,355,104
2026-02-14,老城街道,和平里,766,522,308.0,101.6,4.3,213.4,404,118
2026-02-15,老城街道,和平里,766,490,255.7,87.8,3.4,219.4,366,124
2026-02-16,老城街道,和平里,766,488,287.2,99.3,5.0,192.0,386,102
2026-02-17,老城街道,和平里,766,450,239.2,72.9,2.7,226.2,346,104
2026-02-18,老城街道,和平里,766,408,197.0,68.6,3.1,155.0,344,64
2026-02-19,老城街道,和平里,766,460,234.1,80.9,3.9,180.5,363,97
2026-02-20,老城街道,和平里,766,448,224.2,76.7,3.7,181.3,338,110
2026-02-21,老城街道,和平里,766,530,327.7,103.2,4.1,198.3,396,134
2026-02-22,老城街道,和平里,766,525,268.6,99.4,4.5,200.6,409,116
2026-02-23,老城街道,和平里,766,451,244.4,91.8,4.2,185.6,371,80
2026-02-24,老城街道,和平里,766,452,282.9,87.8,3.6,193.8,380,72
2026-02-25,老城街道,和平里,766,461,261.3,86.9,3.6,206.8,363,98
2026-02-26,老城街道,和平里,766,468,281.1,80.6,3.2,240.8,355,113
2026-02-27,老城街道,和平里,766,473,256.7,89.5,4.0,165.8,354,119
2026-02-28,老城街道,和平里,766,517,268.4,91.2,4.0,231.0,395,122
2026-03-01,老城街道,和平里,766,526,264.7,84.5,3.5,246.3,420,106
2026-03-02,老城街道,和平里,766,464,276.4,72.7,3.6,203.3,351,113
2026-03-03,老城街道,和平里,766,502,266.7,75.1,5.2,232.3,389,113
2026-03-04,老城街道,和平里,766,480,293.8,86.2,3.5,191.0,378,102
2026-03-05,老城街道,和平里,766,428,254.5,71.7,3.4,197.7,364,64
2026-03-06,老城街道,和平里,766,470,246.1,94.0,3.6,203.3,361,109
2026-03-07,老城街道,和平里,766,536,297.3,95.5,4.2,230.0,415,121
2026-03-08,老城街道,和平里,766,507,249.3,90.9,4.7,226.3,383,124
2026-03-09,老城街道,和平里,766,433,252.9,93.5,3.2,185.4,306,127
2026-03-10,老城街道,和平里,766,429,204.7,76.5,3.9,170.9,309,120
2026-03-11,老城街道,和平里,766,485,245.4,85.6,4.6,202.3,366,119
2026-03-12,老城街道,和平里,766,451,241.5,79.4,3.6,149.0,352,99
2026-03-13,老城街道,和平里,766,497,277.4,93.5,4.5,214.8,362,135
2026-03-14,老城街道,和平里,766,518,294.0,96.7,3.2,222.0,390,128
2026-03-15,老城街道,和平里,766,529,254.8,104.9,4.0,217.2,414,115
2026-03-16,老城街道,和平里,766,471,242.3,89.6,4.3,185.9,361,110
2026-03-17,老城街道,和平里,766,438,282.4,72.5,3.8,170.8,298,140
2026-03-18,老城街道,和平里,766,480,272.6,83.1,4.0,202.3,369,111
2026-03-19,老城街道,和平里,766,464,238.8,81.8,4.4,194.5,371,93
2026-03-20,老城街道,和平里,766,455,240.0,99.9,3.8,206.1,350,105
2026-03-21,老城街道,和平里,766,477,243.9,92.8,2.9,197.8,338,139
2026-03-22,老城街道,和平里,766,485,239.0,96.9,5.0,186.9,386,99
2026-03-23,老城街道,和平里,766,494,277.7,100.3,2.3,206.4,370,124
2026-03-24,老城街道,和平里,766,474,246.0,93.3,3.6,201.0,371,103
2026-03-25,老城街道,和平里,766,467,268.3,91.5,3.9,174.2,372,95
2026-03-26,老城街道,和平里,766,455,269.9,73.7,3.9,189.7,327,128
2026-03-27,老城街道,和平里,766,437,226.9,77.2,3.1,221.0,336,101
2026-03-28,老城街道,和平里,766,499,285.3,103.8,4.3,208.7,373,126
2026-03-29,老城街道,和平里,766,547,304.2,91.8,4.6,223.0,386,161
2026-03-30,老城街道,和平里,766,453,222.1,78.1,3.4,194.8,358,95
2026-03-31,老城街道,和平里,766,448,215.2,81.2,3.0,179.2,364,84
2026-04-01,老城街道,和平里,766,463,249.4,82.3,3.3,228.6,372,91
2026-04-02,老城街道,和平里,766,454,241.4,91.5,4.3,189.9,358,96
2026-04-03,老城街道,和平里,766,467,256.5,91.4,3.3,210.8,354,113
2026-04-04,老城街道,和平里,766,503,271.7,88.4,4.5,215.4,398,105
2026-04-05,老城街道,和平里,766,534,324.2,89.2,4.7,214.5,402,132
2026-04-06,老城街道,和平里,766,416,246.6,66.0,3.8,207.7,333,83
2026-04-07,老城街道,和平里,766,456,238.7,90.3,4.9,203.4,359,97
2026-04-08,老城街道,和平里,766,464,247.7,80.7,3.9,208.9,336,128
2026-04-09,老城街道,和平里,766,428,257.3,89.0,3.2,165.5,311,117
2026-04-10,老城街道,和平里,766,461,238.6,72.4,3.3,181.0,357,104
2026-04-11,老城街道,和平里,766,495,273.8,87.0,3.6,241.1,398,97
2026-04-12,老城街道,和平里,766,496,259.0,86.3,3.3,211.1,373,123
2026-04-13,老城街道,和平里,766,465,272.4,83.9,4.1,182.3,364,101
2026-04-14,老城街道,和平里,766,457,237.3,77.8,3.6,201.0,334,123
2026-04-15,老城街道,和平里,766,437,258.8,76.0,4.2,170.7,330,107
2026-04-16,老城街道,和平里,766,444,287.3,78.0,2.9,168.8,345,99
2026-04-17,老城街道,和平里,766,445,213.7,88.8,3.2,198.9,334,111
2026-04-18,老城街道,和平里,766,472,307.9,77.8,3.6,199.5,374,98
2026-04-19,老城街道,和平里,766,498,237.4,81.7,3.1,201.9,368,130
2026-04-20,老城街道,和平里,766,458,296.5,94.4,3.9,194.0,330,128
2026-04-21,老城街道,和平里,766,501,271.6,79.5,4.0,228.8,354,147
2026-04-22,老城街道,和平里,766,433,245.5,74.5,3.3,175.0,350,83
2026-04-23,老城街道,和平里,766,446,256.0,70.7,3.7,171.6,344,102
2026-04-24,老城街道,和平里,766,479,237.1,96.0,3.0,187.5,367,112
2026-04-25,老城街道,和平里,766,514,275.1,82.5,4.4,229.5,370,144
2026-04-26,老城街道,和平里,766,462,271.0,77.7,3.8,181.4,360,102
2026-04-27,老城街道,和平里,766,454,270.6,87.2,4.4,175.4,356,98
2026-04-28,老城街道,和平里,766,445,212.7,92.8,4.3,186.3,362,83
2026-04-29,老城街道,和平里,766,482,282.8,90.2,3.2,176.0,373,109
2026-04-30,老城街道,和平里,766,458,244.5,91.2,3.2,189.7,341,117
2026-05-01,老城街道,和平里,766,486,303.9,88.3,4.2,194.2,342,144
2026-05-02,老城街道,和平里,766,507,281.0,95.9,4.6,222.5,374,133
2026-05-03,老城街道,和平里,766,512,311.6,83.3,3.2,212.8,383,129
2026-05-04,老城街道,和平里,766,471,197.8,79.0,3.3,198.6,345,126
2026-05-05,老城街道,和平里,766,484,245.4,82.1,3.2,222.5,368,116
2026-05-06,老城街道,和平里,766,464,260.1,91.9,3.4,175.8,352,112
2026-05-07,老城街道,和平里,766,445,272.5,85.0,3.2,187.3,334,111
2026-05-08,老城街道,和平里,766,436,238.9,68.6,3.8,158.1,324,112
2026-05-09,老城街道,和平里,766,491,276.6,94.8,4.0,194.4,384,107
2026-05-10,老城街道,和平里,766,504,282.8,84.4,3.7,225.1,351,153
2026-05-11,老城街道,和平里,766,456,278.9,97.6,4.0,175.5,343,113
2026-05-12,老城街道,和平里,766,448,313.9,77.5,4.1,198.4,331,117
2026-05-13,老城街道,和平里,766,418,226.7,66.7,3.2,165.2,329,89
2026-05-14,老城街道,和平里,766,479,250.7,84.5,3.1,209.3,355,124
2026-05-15,老城街道,和平里,766,438,227.3,88.3,2.7,172.1,345,93
2026-05-16,老城街道,和平里,766,520,285.0,86.9,4.4,232.2,399,121
2026-05-17,老城街道,和平里,766,499,307.5,89.3,4.0,184.9,370,129
2026-05-18,老城街道,和平里,766,415,226.1,64.9,3.7,204.3,307,108
2026-05-19,老城街道,和平里,766,436,227.0,69.3,3.3,171.8,348,88
2026-05-20,老城街道,和平里,766,459,249.3,79.3,3.6,195.8,322,137
2026-05-21,老城街道,和平里,766,417,222.4,76.4,3.9,175.7,308,109
2026-05-22,老城街道,和平里,766,440,241.6,84.5,3.4,174.7,350,90
2026-05-23,老城街道,和平里,766,494,272.0,73.1,5.2,196.2,383,111
2026-05-24,老城街道,和平里,766,504,253.7,116.7,4.1,194.6,383,121
2026-05-25,老城街道,和平里,766,427,216.2,74.0,3.9,180.9,314,113
2026-05-26,老城街道,和平里,766,438,238.2,83.6,3.9,180.1,321,117
2026-05-27,老城街道,和平里,766,455,252.4,76.3,3.9,181.9,345,110
2026-05-28,老城街道,和平里,766,475,268.1,92.6,3.1,175.7,342,133
2026-05-29,老城街道,和平里,766,464,244.9,101.2,3.9,239.1,350,114
2026-05-30,老城街道,和平里,766,513,246.2,93.2,4.7,217.9,389,124
2026-05-31,老城街道,和平里,766,521,304.4,90.7,3.9,180.6,387,134
2026-06-01,老城街道,和平里,766,479,250.1,88.2,3.9,199.3,366,113
2026-06-02,老城街道,和平里,766,413,270.3,86.6,3.7,184.9,285,128
2026-06-03,老城街道,和平里,766,443,218.0,98.6,4.0,153.6,320,123
2026-06-04,老城街道,和平里,766,437,241.2,64.9,3.7,192.3,336,101
2026-06-05,老城街道,和平里,766,462,253.7,89.1,3.9,196.5,324,138
2026-06-06,老城街道,和平里,766,523,269.3,96.3,4.1,217.9,415,108
2026-06-07,老城街道,和平里,766,480,250.0,88.9,3.7,205.5,358,122
2026-06-08,老城街道,和平里,766,454,246.6,83.2,3.7,220.6,324,130
2026-06-09,老城街道,和平里,766,442,310.9,77.1,3.6,178.0,310,132
2026-06-10,老城街道,和平里,766,479,299.3,107.3,3.7,217.1,365,114
2026-06-11,老城街道,和平里,766,459,261.6,82.7,3.0,197.1,353,106
2026-06-12,老城街道,和平里,766,446,235.7,81.5,3.8,188.7,327,119
2026-06-13,老城街道,和平里,766,500,297.5,70.8,3.8,184.5,374,126
2026-06-14,老城街道,和平里,766,531,270.8,86.9,3.5,228.1,405,126
2026-06-15,老城街道,和平里,766,471,278.0,86.1,4.0,186.6,360,111
2026-06-16,老城街道,和平里,766,460,262.2,84.5,3.7,200.0,337,123
2026-06-17,老城街道,和平里,766,428,251.7,68.0,4.1,167.4,295,133
2026-06-18,老城街道,和平里,766,404,200.7,79.4,2.8,182.3,300,104
2026-06-19,老城街道,和平里,766,416,224.6,81.8,2.7,163.6,313,103
2026-06-20,老城街道,和平里,766,500,295.1,81.0,4.3,230.7,370,130
2026-06-21,老城街道,和平里,766,477,277.7,87.1,3.9,191.5,378,99
2026-06-22,老城街道,和平里,766,432,248.2,83.9,2.9,151.3,327,105
2026-06-23,老城街道,和平里,766,484,262.6,104.4,3.9,211.8,362,122
2026-06-24,老城街道,和平里,766,452,259.1,80.4,3.8,175.9,340,112
2026-06-25,老城街道,和平里,766,462,239.1,78.3,3.7,214.4,348,114
2026-06-26,老城街道,和平里,766,455,255.7,76.8,2.9,195.9,339,116
2026-06-27,老城街道,和平里,766,498,274.0,88.5,3.8,183.7,372,126
2026-06-28,老城街道,和平里,766,433,278.0,86.1,4.0,173.6,317,116
2026-06-29,老城街道,和平里,766,455,237.5,90.2,3.3,187.1,339,116
2026-06-30,老城街道,和平里,766,494,292.2,86.3,3.7,215.4,381,113
2026-07-01,老城街道,和平里,766,470,277.1,114.2,4.3,187.0,344,126
2026-07-02,老城街道,和平里,766,464,287.6,72.9,3.4,199.6,330,134
2026-07-03,老城街道,和平里,766,461,260.4,75.3,3.8,196.6,343,118
2026-07-04,老城街道,和平里,766,491,248.4,88.8,2.9,215.4,360,131
2026-07-05,老城街道,和平里,766,474,282.3,75.7,4.4,206.8,347,127
2026-07-06,老城街道,和平里,766,406,223.7,65.9,3.7,170.9,299,107
2026-07-07,老城街道,和平里,766,433,240.7,78.5,4.3,176.5,321,112
2026-07-08,老城街道,和平里,766,444,242.6,73.1,3.3,202.5,345,99
2026-07-09,老城街道,和平里,766,463,242.4,81.5,3.5,163.6,349,114
2026-07-10,老城街道,和平里,766,431,249.7,83.2,3.3,204.8,336,95
2026-07-11,老城街道,和平里,766,481,237.2,98.9,4.8,216.8,373,108
2026-07-12,老城街道,和平里,766,505,275.9,77.5,3.1,212.9,356,149
2026-07-13,老城街道,和平里,766,460,249.6,76.0,3.2,191.4,339,121
2026-07-14,老城街道,和平里,766,465,240.0,79.3,3.0,192.4,349,116
2026-07-15,老城街道,和平里,766,437,220.8,87.7,4.0,193.4,315,122
2026-07-16,老城街道,和平里,766,476,274.4,81.7,4.3,192.1,365,111
2026-07-17,老城街道,和平里,766,428,238.2,69.4,3.5,177.6,318,110
2026-07-18,老城街道,和平里,766,518,276.3,98.3,4.2,170.4,363,155
2026-07-19,老城街道,和平里,766,489,261.6,89.0,4.7,211.3,335,154
2026-07-20,老城街道,和平里,766,500,250.3,93.2,3.7,207.9,378,122
2026-07-21,老城街道,和平里,766,441,234.4,97.4,3.5,175.9,350,91
2026-07-22,老城街道,和平里,766,487,234.9,84.7,4.2,209.4,356,131
2026-07-23,老城街道,和平里,766,469,282.8,69.6,3.8,194.6,348,121
2026-07-24,老城街道,和平里,766,457,272.5,83.4,3.6,164.9,320,137
2026-07-25,老城街道,和平里,766,501,242.5,83.6,3.8,207.3,376,125
2026-07-26,老城街道,和平里,766,505,286.3,82.1,3.9,204.9,376,129
2026-07-27,老城街道,和平里,766,460,221.0,74.8,4.5,206.7,336,124
2026-07-28,老城街道,和平里,766,474,278.7,96.9,3.6,189.7,345,129
2026-07-29,老城街道,和平里,766,415,241.1,82.5,3.3,175.6,311,104
2026-07-30,老城街道,和平里,766,438,253.2,73.1,3.6,179.7,313,125
2026-07-31,老城街道,和平里,766,422,210.9,83.9,3.6,198.2,327,95
2026-08-01,老城街道,和平里,766,471,241.3,76.7,3.2,202.1,348,123
2026-08-02,老城街道,和平里,766,495,272.6,96.2,4.5,211.5,344,151
2026-08-03,老城街道,和平里,766,419,224.3,75.5,4.3,178.1,300,119
2026-08-04,老城街道,和平里,766,440,238.4,91.6,4.0,175.7,318,122
2026-08-05,老城街道,和平里,766,441,261.8,74.0,2.9,185.4,323,118
2026-08-06,老城街道,和平里,766,440,254.0,66.4,3.4,187.9,338,102
2026-08-07,老城街道,和平里,766,426,222.3,77.0,4.2,193.1,298,128
2026-08-08,老城街道,和平里,766,504,260.5,103.2,5.2,208.6,337,167
2026-08-09,老城街道,和平里,766,492,276.7,91.4,4.0,201.8,369,123
2026-08-10,老城街道,和平里,766,457,288.4,89.1,3.4,214.3,333,124
2026-08-11,老城街道,和平里,766,456,238.4,88.9,2.5,220.0,327,129
2026-08-12,老城街道,和平里,766,480,271.9,87.6,3.3,209.8,357,123
2026-08-13,老城街道,和平里,766,452,237.6,82.4,2.8,190.5,324,128
2026-08-14,老城街道,和平里,766,439,243.1,84.3,3.8,194.4,323,116
2026-08-15,老城街道,和平里,766,471,272.5,83.8,3.9,188.1,344,127
2026-08-16,老城街道,和平里,766,476,249.5,80.8,4.8,239.9,355,121
2026-08-17,老城街道,和平里,766,520,264.9,87.5,3.4,228.7,378,142
2026-08-18,老城街道,和平里,766,424,252.9,69.4,4.0,176.1,307,117
2026-08-19,老城街道,和平里,766,474,252.4,76.8,4.1,206.9,342,132
2026-08-20,老城街道,和平里,766,417,211.2,67.3,4.6,174.4,321,96
2026-08-21,老城街道,和平里,766,473,255.5,80.5,4.6,188.3,332,141
2026-08-22,老城街道,和平里,766,468,218.3,84.1,3.8,205.8,322,146
2026-08-23,老城街道,和平里,766,514,269.6,96.5,4.5,180.7,371,143
2026-08-24,老城街道,和平里,766,412,269.4,72.9,2.8,179.5,315,97
2026-08-25,老城街道,和平里,766,438,252.9,87.8,3.4,166.4,325,113
2026-08-26,老城街道,和平里,766,422,217.8,72.7,2.7,185.9,301,121
2026-08-27,老城街道,和平里,766,486,265.5,85.9,5.1,234.7,344,142
2026-08-28,老城街道,和平里,766,443,265.2,74.5,4.0,192.2,344,99
2026-08-29,老城街道,和平里,766,465,254.2,82.8,3.0,214.8,351,114
2026-08-30,老城街道,和平里,766,495,252.0,78.8,4.5,232.9,353,142
2026-08-31,老城街道,和平里,766,430,233.2,80.1,3.4,159.4,305,125
2026-01-01,老城街道,鼓楼新村,790,499,302.0,87.6,4.4,193.1,348,151
2026-01-02,老城街道,鼓楼新村,790,527,324.8,100.0,3.7,240.4,383,144
2026-01-03,老城街道,鼓楼新村,790,541,327.9,89.7,4.1,219.4,380,161
2026-01-04,老城街道,鼓楼新村,790,560,284.0,100.4,3.8,231.1,409,151
2026-01-05,老城街道,鼓楼新村,790,508,291.2,93.4,6.1,194.5,354,154
2026-01-06,老城街道,鼓楼新村,790,482,257.0,97.7,3.6,203.9,350,132
2026-01-07,老城街道,鼓楼新村,790,499,273.2,100.7,4.5,205.6,346,153
2026-01-08,老城街道,鼓楼新村,790,496,275.4,96.5,3.7,231.3,338,158
2026-01-09,老城街道,鼓楼新村,790,500,290.4,94.7,3.8,166.7,360,140
2026-01-10,老城街道,鼓楼新村,790,560,385.4,103.3,4.2,239.9,415,145
2026-01-11,老城街道,鼓楼新村,790,550,323.3,97.2,4.6,239.2,371,179
2026-01-12,老城街道,鼓楼新村,790,469,324.5,87.3,3.4,200.5,312,157
2026-01-13,老城街道,鼓楼新村,790,487,295.9,91.4,3.2,212.1,340,147
2026-01-14,老城街道,鼓楼新村,790,515,303.3,88.7,4.0,237.0,381,134
2026-01-15,老城街道,鼓楼新村,790,497,278.9,78.9,4.1,213.4,354,143
2026-01-16,老城街道,鼓楼新村,790,464,269.3,83.8,3.9,204.7,325,139
2026-01-17,老城街道,鼓楼新村,790,588,357.6,93.3,5.2,245.1,428,160
2026-01-18,老城街道,鼓楼新村,790,565,344.4,101.7,4.1,234.8,379,186
2026-01-19,老城街道,鼓楼新村,790,534,294.0,106.3,4.0,229.1,371,163
2026-01-20,老城街道,鼓楼新村,790,464,247.2,79.0,4.5,205.7,335,129
2026-01-21,老城街道,鼓楼新村,790,519,265.0,89.1,3.8,228.0,372,147
2026-01-22,老城街道,鼓楼新村,790,466,240.0,83.5,3.9,203.5,340,126
2026-01-23,老城街道,鼓楼新村,790,496,286.7,87.1,5.2,219.0,353,143
2026-01-24,老城街道,鼓楼新村,790,574,296.6,111.9,4.7,259.0,403,171
2026-01-25,老城街道,鼓楼新村,790,544,325.5,92.9,4.1,193.5,414,130
2026-01-26,老城街道,鼓楼新村,790,513,262.4,101.9,3.5,203.9,357,156
2026-01-27,老城街道,鼓楼新村,790,512,283.2,93.2,4.8,206.9,364,148
2026-01-28,老城街道,鼓楼新村,790,439,279.0,75.3,3.0,194.1,288,151
2026-01-29,老城街道,鼓楼新村,790,459,253.7,70.2,3.6,197.7,302,157
2026-01-30,老城街道,鼓楼新村,790,479,223.6,82.0,3.8,194.1,349,130
2026-01-31,老城街道,鼓楼新村,790,544,308.5,84.4,5.0,186.5,395,149
2026-02-01,老城街道,鼓楼新村,790,523,284.1,100.4,4.2,220.3,398,125
2026-02-02,老城街道,鼓楼新村,790,487,273.0,80.5,3.4,215.0,363,124
2026-02-03,老城街道,鼓楼新村,790,509,292.3,93.4,5.7,221.5,362,147
2026-02-04,老城街道,鼓楼新村,790,540,253.5,110.6,3.9,226.5,386,154
2026-02-05,老城街道,鼓楼新村,790,526,279.6,88.0,4.8,238.6,367,159
2026-02-06,老城街道,鼓楼新村,790,505,291.7,91.4,4.8,209.6,369,136
2026-02-07,老城街道,鼓楼新村,790,553,319.0,84.3,4.4,250.5,397,156
2026-02-08,老城街道,鼓楼新村,790,553,333.0,118.0,4.7,257.8,382,171
2026-02-09,老城街道,鼓楼新村,790,505,287.9,84.0,4.1,224.6,379,126
2026-02-10,老城街道,鼓楼新村,790,476,253.7,93.0,3.8,208.7,302,174
2026-02-11,老城街道,鼓楼新村,790,510,288.7,93.2,4.8,243.3,337,173
2026-02-12,老城街道,鼓楼新村,790,476,265.9,79.5,3.7,179.7,336,140
2026-02-13,老城街道,鼓楼新村,790,505,248.1,92.2,3.5,186.7,350,155
2026-02-14,老城街道,鼓楼新村,790,519,266.3,99.3,5.5,212.5,338,181
2026-02-15,老城街道,鼓楼新村,790,547,318.9,109.0,3.4,203.6,373,174
2026-02-16,老城街道,鼓楼新村,790,456,241.1,85.1,5.1,206.2,327,129
2026-02-17,老城街道,鼓楼新村,790,492,244.9,86.5,3.6,194.8,300,192
2026-02-18,老城街道,鼓楼新村,790,506,312.3,92.4,3.5,232.1,355,151
2026-02-19,老城街道,鼓楼新村,790,493,266.7,91.7,3.2,222.7,334,159
2026-02-20,老城街道,鼓楼新村,790,499,247.3,84.4,4.9,237.7,338,161
2026-02-21,老城街道,鼓楼新村,790,571,292.4,102.2,4.7,242.2,385,186
2026-02-22,老城街道,鼓楼新村,790,559,293.3,106.5,6.2,220.4,406,153
2026-02-23,老城街道,鼓楼新村,790,501,269.2,79.6,4.2,196.8,345,156
2026-02-24,老城街道,鼓楼新村,790,473,287.8,90.5,3.9,180.7,305,168
2026-02-25,老城街道,鼓楼新村,790,501,305.0,91.3,4.4,201.0,389,112
2026-02-26,老城街道,鼓楼新村,790,471,216.1,75.8,3.8,179.5,342,129
2026-02-27,老城街道,鼓楼新村,790,516,276.8,102.8,4.4,222.9,365,151
2026-02-28,老城街道,鼓楼新村,790,574,313.2,109.7,5.5,264.6,429,145
2026-03-01,老城街道,鼓楼新村,790,560,271.4,95.9,4.3,202.6,389,171
2026-03-02,老城街道,鼓楼新村,790,493,282.2,98.8,3.7,202.4,353,140
2026-03-03,老城街道,鼓楼新村,790,518,276.3,98.5,3.1,245.4,360,158
2026-03-04,老城街道,鼓楼新村,790,494,290.2,77.5,3.2,173.7,368,126
2026-03-05,老城街道,鼓楼新村,790,502,292.9,85.6,4.4,181.9,359,143
2026-03-06,老城街道,鼓楼新村,790,479,255.4,81.8,4.3,215.4,331,148
2026-03-07,老城街道,鼓楼新村,790,569,293.7,105.4,4.4,263.0,427,142
2026-03-08,老城街道,鼓楼新村,790,511,260.5,78.2,4.7,197.8,362,149
2026-03-09,老城街道,鼓楼新村,790,530,254.1,108.3,3.7,196.6,382,148
2026-03-10,老城街道,鼓楼新村,790,536,265.1,107.5,4.1,209.7,375,161
2026-03-11,老城街道,鼓楼新村,790,500,302.4,96.8,3.9,243.2,367,133
2026-03-12,老城街道,鼓楼新村,790,515,261.4,81.2,5.1,219.2,359,156
2026-03-13,老城街道,鼓楼新村,790,492,289.5,77.8,3.2,190.4,369,123
2026-03-14,老城街道,鼓楼新村,790,515,274.4,93.4,3.9,233.6,367,148
2026-03-15,老城街道,鼓楼新村,790,545,329.1,105.9,3.9,231.6,366,179
2026-03-16,老城街道,鼓楼新村,790,505,281.6,115.8,4.2,215.4,353,152
2026-03-17,老城街道,鼓楼新村,790,488,255.8,88.2,3.5,220.7,352,136
2026-03-18,老城街道,鼓楼新村,790,517,290.1,100.8,3.7,235.7,346,171
2026-03-19,老城街道,鼓楼新村,790,516,291.7,94.6,3.7,183.7,345,171
2026-03-20,老城街道,鼓楼新村,790,497,251.9,113.2,3.7,221.6,330,167
2026-03-21,老城街道,鼓楼新村,790,537,284.5,83.8,5.1,218.8,395,142
2026-03-22,老城街道,鼓楼新村,790,544,259.0,91.6,4.2,243.5,386,158
2026-03-23,老城街道,鼓楼新村,790,513,266.8,99.4,5.2,184.2,367,146
2026-03-24,老城街道,鼓楼新村,790,488,318.6,83.8,4.0,188.7,371,117
2026-03-25,老城街道,鼓楼新村,790,507,295.5,95.9,2.9,184.3,350,157
2026-03-26,老城街道,鼓楼新村,790,487,260.1,97.3,4.4,193.7,363,124
2026-03-27,老城街道,鼓楼新村,790,512,319.3,97.5,4.1,216.0,373,139
2026-03-28,老城街道,鼓楼新村,790,548,313.1,108.7,4.2,242.2,400,148
2026-03-29,老城街道,鼓楼新村,790,531,269.6,102.1,3.7,246.8,380,151
2026-03-30,老城街道,鼓楼新村,790,538,294.2,92.6,5.7,255.5,387,151
2026-03-31,老城街道,鼓楼新村,790,510,253.2,96.0,3.3,243.2,368,142
2026-04-01,老城街道,鼓楼新村,790,495,288.3,84.1,5.1,191.8,358,137
2026-04-02,老城街道,鼓楼新村,790,501,241.7,84.4,3.8,226.1,322,179
2026-04-03,老城街道,鼓楼新村,790,499,272.9,80.1,3.7,198.0,339,160
2026-04-04,老城街道,鼓楼新村,790,560,336.9,96.5,5.2,228.4,404,156
2026-04-05,老城街道,鼓楼新村,790,564,256.1,99.4,4.4,220.2,380,184
2026-04-06,老城街道,鼓楼新村,790,481,278.0,103.2,2.6,174.0,324,157
2026-04-07,老城街道,鼓楼新村,790,534,273.8,103.2,4.0,211.8,376,158
2026-04-08,老城街道,鼓楼新村,790,475,231.5,83.2,4.0,194.8,341,134
2026-04-09,老城街道,鼓楼新村,790,482,264.9,73.1,5.1,203.5,346,136
2026-04-10,老城街道,鼓楼新村,790,467,320.3,81.4,4.6,197.2,335,132
2026-04-11,老城街道,鼓楼新村,790,555,333.3,113.7,5.9,236.2,427,128
2026-04-12,老城街道,鼓楼新村,790,563,264.0,106.0,3.7,245.4,404,159
2026-04-13,老城街道,鼓楼新村,790,483,247.9,96.0,4.1,193.3,351,132
2026-04-14,老城街道,鼓楼新村,790,475,265.0,82.7,4.1,230.7,345,130
2026-04-15,老城街道,鼓楼新村,790,527,263.0,90.3,4.5,219.9,374,153
2026-04-16,老城街道,鼓楼新村,790,516,254.1,97.0,4.6,233.8,376,140
2026-04-17,老城街道,鼓楼新村,790,502,282.1,101.6,4.4,209.6,360,142
2026-04-18,老城街道,鼓楼新村,790,575,328.4,100.3,4.8,238.2,385,190
2026-04-19,老城街道,鼓楼新村,790,589,313.2,104.8,4.0,210.2,417,172
2026-04-20,老城街道,鼓楼新村,790,477,245.8,100.2,3.4,186.7,325,152
2026-04-21,老城街道,鼓楼新村,790,501,299.4,94.8,4.4,234.0,358,143
2026-04-22,老城街道,鼓楼新村,790,481,234.3,86.0,3.5,192.7,319,162
2026-04-23,老城街道,鼓楼新村,790,479,235.6,90.1,4.5,200.4,330,149
2026-04-24,老城街道,鼓楼新村,790,490,270.2,93.4,4.9,160.3,335,155
2026-04-25,老城街道,鼓楼新村,790,587,296.4,124.2,6.5,248.6,424,163
2026-04-26,老城街道,鼓楼新村,790,579,272.3,85.2,5.3,292.4,411,168
2026-04-27,老城街道,鼓楼新村,790,547,288.6,97.9,5.5,234.2,373,174
2026-04-28,老城街道,鼓楼新村,790,540,259.3,102.3,5.0,248.0,360,180
2026-04-29,老城街道,鼓楼新村,790,488,243.3,95.8,4.0,202.5,305,183
2026-04-30,老城街道,鼓楼新村,790,536,263.2,105.4,3.9,210.7,380,156
2026-05-01,老城街道,鼓楼新村,790,467,238.7,93.5,5.1,211.2,325,142
2026-05-02,老城街道,鼓楼新村,790,516,287.3,93.9,4.2,226.6,358,158
2026-05-03,老城街道,鼓楼新村,790,562,262.3,104.1,5.0,265.1,395,167
2026-05-04,老城街道,鼓楼新村,790,454,275.8,72.5,3.2,185.2,313,141
2026-05-05,老城街道,鼓楼新村,790,496,272.6,88.7,4.7,214.7,332,164
2026-05-06,老城街道,鼓楼新村,790,514,272.0,100.0,4.1,214.7,346,168
2026-05-07,老城街道,鼓楼新村,790,481,267.7,81.2,3.5,207.8,329,152
2026-05-08,老城街道,鼓楼新村,790,492,262.2,83.2,4.3,237.4,325,167
2026-05-09,老城街道,鼓楼新村,790,575,258.7,112.3,5.0,258.5,411,164
2026-05-10,老城街道,鼓楼新村,790,526,293.9,89.4,3.3,224.3,353,173
2026-05-11,老城街道,鼓楼新村,790,473,272.3,87.9,4.9,178.1,324,149
2026-05-12,老城街道,鼓楼新村,790,490,276.3,72.7,4.1,187.8,358,132
2026-05-13,老城街道,鼓楼新村,790,483,231.6,101.6,4.3,211.4,331,152
2026-05-14,老城街道,鼓楼新村,790,461,280.1,104.4,3.2,196.8,308,153
2026-05-15,老城街道,鼓楼新村,790,482,244.8,90.0,4.0,224.9,321,161
2026-05-16,老城街道,鼓楼新村,790,549,350.7,80.9,4.3,247.6,363,186
2026-05-17,老城街道,鼓楼新村,790,517,265.0,89.3,3.6,212.1,373,144
2026-05-18,老城街道,鼓楼新村,790,507,261.7,101.6,3.5,229.0,346,161
2026-05-19,老城街道,鼓楼新村,790,448,249.9,95.4,3.4,178.4,320,128
2026-05-20,老城街道,鼓楼新村,790,455,207.7,84.1,3.7,189.1,310,145
2026-05-21,老城街道,鼓楼新村,790,470,224.8,97.5,4.2,195.4,316,154
2026-05-22,老城街道,鼓楼新村,790,528,252.9,84.6,4.8,211.7,369,159
2026-05-23,老城街道,鼓楼新村,790,528,279.2,94.6,5.5,204.2,354,174
2026-05-24,老城街道,鼓楼新村,790,569,372.3,117.6,5.2,261.1,385,184
2026-05-25,老城街道,鼓楼新村,790,477,240.2,82.9,3.5,195.9,320,157
2026-05-26,老城街道,鼓楼新村,790,492,282.5,92.1,4.6,220.0,336,156
2026-05-27,老城街道,鼓楼新村,790,508,269.7,106.1,3.8,195.8,374,134
2026-05-28,老城街道,鼓楼新村,790,495,291.6,91.5,4.1,230.8,333,162
2026-05-29,老城街道,鼓楼新村,790,464,211.9,94.3,4.2,206.4,310,154
2026-05-30,老城街道,鼓楼新村,790,597,326.3,108.7,4.9,241.2,423,174
2026-05-31,老城街道,鼓楼新村,790,541,334.2,98.0,4.1,227.7,379,162
2026-06-01,老城街道,鼓楼新村,790,488,305.7,92.9,3.6,217.1,335,153
2026-06-02,老城街道,鼓楼新村,790,494,253.9,75.3,3.2,203.8,339,155
2026-06-03,老城街道,鼓楼新村,790,483,255.2,79.0,4.1,220.8,312,171
2026-06-04,老城街道,鼓楼新村,790,455,260.8,76.8,3.3,194.9,315,140
2026-06-05,老城街道,鼓楼新村,790,488,272.5,100.3,4.6,203.0,331,157
2026-06-06,老城街道,鼓楼新村,790,520,288.9,105.0,4.6,239.2,360,160
2026-06-07,老城街道,鼓楼新村,790,561,306.1,112.5,4.6,265.1,388,173
2026-06-08,老城街道,鼓楼新村,790,495,278.2,78.5,4.4,216.6,327,168
2026-06-09,老城街道,鼓楼新村,790,492,227.3,83.9,3.6,240.5,349,143
2026-06-10,老城街道,鼓楼新村,790,492,278.9,90.0,3.8,226.3,332,160
2026-06-11,老城街道,鼓楼新村,790,438,266.7,77.5,3.2,163.0,311,127
2026-06-12,老城街道,鼓楼新村,790,533,290.5,93.1,3.7,211.4,375,158
2026-06-13,老城街道,鼓楼新村,790,564,299.9,112.2,4.6,212.2,415,149
2026-06-14,老城街道,鼓楼新村,790,566,332.4,105.1,4.0,239.4,408,158
2026-06-15,老城街道,鼓楼新村,790,498,249.3,81.2,3.6,199.0,358,140
2026-06-16,老城街道,鼓楼新村,790,502,246.8,98.8,3.3,223.3,343,159
2026-06-17,老城街道,鼓楼新村,790,491,281.7,82.3,4.8,188.3,298,193
2026-06-18,老城街道,鼓楼新村,790,524,273.6,92.7,4.4,237.0,349,175
2026-06-19,老城街道,鼓楼新村,790,465,277.8,87.5,3.4,190.6,319,146
2026-06-20,老城街道,鼓楼新村,790,544,309.1,97.0,4.0,211.3,383,161
2026-06-21,老城街道,鼓楼新村,790,542,311.6,84.9,5.2,232.9,357,185
2026-06-22,老城街道,鼓楼新村,790,481,302.9,83.8,3.7,208.1,334,147
2026-06-23,老城街道,鼓楼新村,790,496,260.6,85.1,3.4,195.2,319,177
2026-06-24,老城街道,鼓楼新村,790,513,285.8,77.3,4.0,234.3,357,156
2026-06-25,老城街道,鼓楼新村,790,512,262.4,96.4,3.5,203.9,366,146
2026-06-26,老城街道,鼓楼新村,790,473,231.8,81.9,3.9,193.6,310,163
2026-06-27,老城街道,鼓楼新村,790,494,289.4,90.4,4.6,209.3,360,134
2026-06-28,老城街道,鼓楼新村,790,520,258.8,73.5,3.8,261.6,357,163
2026-06-29,老城街道,鼓楼新村,790,447,265.9,75.1,2.9,160.0,308,139
2026-06-30,老城街道,鼓楼新村,790,473,248.6,88.7,3.1,218.2,319,154
2026-07-01,老城街道,鼓楼新村,790,473,299.7,93.2,3.3,188.6,320,153
2026-07-02,老城街道,鼓楼新村,790,492,239.0,75.3,4.3,180.8,321,171
2026-07-03,老城街道,鼓楼新村,790,506,297.9,79.1,3.8,205.5,351,155
2026-07-04,老城街道,鼓楼新村,790,544,316.0,103.5,3.9,234.8,349,195
2026-07-05,老城街道,鼓楼新村,790,566,310.4,94.6,4.9,224.7,397,169
2026-07-06,老城街道,鼓楼新村,790,494,274.5,85.3,4.1,200.1,304,190
2026-07-07,老城街道,鼓楼新村,790,510,263.7,97.9,5.0,209.0,352,158
2026-07-08,老城街道,鼓楼新村,790,449,232.5,73.5,3.8,213.5,308,141
2026-07-09,老城街道,鼓楼新村,790,457,240.0,85.5,3.2,230.9,282,175
2026-07-10,老城街道,鼓楼新村,790,459,229.1,91.7,4.3,209.1,290,169
2026-07-11,老城街道,鼓楼新村,790,494,249.1,81.8,3.5,214.4,308,186
2026-07-12,老城街道,鼓楼新村,790,514,290.9,90.1,5.1,218.0,346,168
2026-07-13,老城街道,鼓楼新村,790,460,258.0,96.7,3.3,176.6,303,157
2026-07-14,老城街道,鼓楼新村,790,481,257.2,79.1,4.4,201.4,334,147
2026-07-15,老城街道,鼓楼新村,790,490,297.2,90.8,4.6,209.9,330,160
2026-07-16,老城街道,鼓楼新村,790,553,263.2,108.8,4.1,213.7,386,167
2026-07-17,老城街道,鼓楼新村,790,469,275.5,77.0,3.4,176.8,301,168
2026-07-18,老城街道,鼓楼新村,790,541,298.9,114.5,3.8,198.0,333,208
2026-07-19,老城街道,鼓楼新村,790,522,270.9,84.4,3.9,223.6,333,189
2026-07-20,老城街道,鼓楼新村,790,428,225.1,79.4,3.4,209.0,270,158
2026-07-21,老城街道,鼓楼新村,790,464,270.4,80.8,3.1,197.4,325,139
2026-07-22,老城街道,鼓楼新村,790,472,293.9,101.7,3.7,186.9,300,172
2026-07-23,老城街道,鼓楼新村,790,508,287.4,79.2,4.9,211.9,377,131
2026-07-24,老城街道,鼓楼新村,790,472,190.4,74.4,4.0,217.5,326,146
2026-07-25,老城街道,鼓楼新村,790,519,265.6,92.7,4.6,209.2,352,167
2026-07-26,老城街道,鼓楼新村,790,539,271.3,117.5,4.0,211.2,370,169
2026-07-27,老城街道,鼓楼新村,790,483,252.0,85.2,4.1,196.2,332,151
2026-07-28,老城街道,鼓楼新村,790,524,268.4,110.0,3.9,197.1,362,162
2026-07-29,老城街道,鼓楼新村,790,490,305.3,70.9,3.8,214.2,323,167
2026-07-30,老城街道,鼓楼新村,790,455,244.4,70.1,4.0,197.8,296,159
2026-07-31,老城街道,鼓楼新村,790,481,275.0,89.9,4.9,228.7,355,126
2026-08-01,老城街道,鼓楼新村,790,537,276.4,109.6,5.4,217.8,358,179
2026-08-02,老城街道,鼓楼新村,790,506,246.9,93.2,3.8,213.6,347,159
2026-08-03,老城街道,鼓楼新村,790,441,228.4,81.5,3.1,175.9,303,138
2026-08-04,老城街道,鼓楼新村,790,483,289.7,82.5,3.6,193.7,328,155
2026-08-05,老城街道,鼓楼新村,790,475,235.7,87.5,5.2,194.6,318,157
2026-08-06,老城街道,鼓楼新村,790,459,231.1,101.5,4.4,197.2,295,164
2026-08-07,老城街道,鼓楼新村,790,472,246.8,94.3,3.6,200.3,327,145
2026-08-08,老城街道,鼓楼新村,790,550,343.0,88.0,4.5,261.0,367,183
2026-08-09,老城街道,鼓楼新村,790,526,267.3,98.9,6.8,224.0,358,168
2026-08-10,老城街道,鼓楼新村,790,505,297.3,90.5,5.0,203.3,352,153
2026-08-11,老城街道,鼓楼新村,790,486,313.2,94.7,3.9,186.3,330,156
2026-08-12,老城街道,鼓楼新村,790,543,301.8,111.8,4.6,212.2,337,206
2026-08-13,老城街道,鼓楼新村,790,507,289.7,104.4,3.9,201.7,339,168
2026-08-14,老城街道,鼓楼新村,790,520,259.3,83.6,4.8,208.6,346,174
2026-08-15,老城街道,鼓楼新村,790,550,282.5,110.8,4.5,238.9,388,162
2026-08-16,老城街道,鼓楼新村,790,510,271.6,101.7,3.2,193.4,343,167
2026-08-17,老城街道,鼓楼新村,790,455,301.1,99.7,4.1,187.7,271,184
2026-08-18,老城街道,鼓楼新村,790,509,280.5,92.8,3.5,226.7,350,159
2026-08-19,老城街道,鼓楼新村,790,500,237.6,87.3,4.2,225.2,323,177
2026-08-20,老城街道,鼓楼新村,790,481,281.0,77.6,3.8,193.8,314,167
2026-08-21,老城街道,鼓楼新村,790,517,268.5,97.3,3.8,193.7,346,171
2026-08-22,老城街道,鼓楼新村,790,567,290.4,108.4,4.5,231.6,368,199
2026-08-23,老城街道,鼓楼新村,790,546,305.3,111.1,4.4,242.7,337,209
2026-08-24,老城街道,鼓楼新村,790,481,221.1,85.9,4.4,211.9,331,150
2026-08-25,老城街道,鼓楼新村,790,516,290.0,100.3,5.2,217.6,347,169
2026-08-26,老城街道,鼓楼新村,790,490,263.7,94.4,4.0,218.9,334,156
2026-08-27,老城街道,鼓楼新村,790,483,267.1,88.5,4.1,188.4,325,158
2026-08-28,老城街道,鼓楼新村,790,512,289.4,84.4,3.7,206.3,327,185
2026-08-29,老城街道,鼓楼新村,790,563,320.9,101.0,5.6,222.1,397,166
2026-08-30,老城街道,鼓楼新村,790,578,337.2,103.6,3.6,246.0,398,180
2026-08-31,老城街道,鼓楼新村,790,490,275.5,89.7,3.8,201.8,320,170
2026-01-01,老城街道,南锣社区,360,198,104.1,38.1,1.3,66.3,137,61
2026-01-02,老城街道,南锣社区,360,218,113.4,33.1,1.9,93.6,143,75
2026-01-03,老城街道,南锣社区,360,230,107.4,42.3,1.8,95.4,157,73
2026-01-04,老城街道,南锣社区,360,228,109.3,43.4,1.9,97.7,152,76
2026-01-05,老城街道,南锣社区,360,196,106.3,36.4,2.0,82.9,131,65
2026-01-06,老城街道,南锣社区,360,219,115.0,38.2,1.6,80.0,152,67
2026-01-07,老城街道,南锣社区,360,210,107.2,35.4,2.0,91.2,160,50
2026-01-08,老城街道,南锣社区,360,188,111.8,37.2,1.4,77.5,128,60
2026-01-09,老城街道,南锣社区,360,220,110.6,42.1,1.7,103.9,148,72
2026-01-10,老城街道,南锣社区,360,225,117.9,38.8,2.3,106.4,153,72
2026-01-11,老城街道,南锣社区,360,208,111.5,37.1,1.9,87.7,164,44
2026-01-12,老城街道,南锣社区,360,230,140.5,44.7,1.5,95.4,174,56
2026-01-13,老城街道,南锣社区,360,197,103.4,38.5,1.4,85.4,134,63
2026-01-14,老城街道,南锣社区,360,213,117.0,38.5,1.7,84.9,153,60
2026-01-15,老城街道,南锣社区,360,189,112.7,33.3,1.6,86.7,141,48
2026-01-16,老城街道,南锣社区,360,196,105.0,36.5,1.2,65.3,131,65
2026-01-17,老城街道,南锣社区,360,232,141.7,43.4,1.4,105.5,165,67
2026-01-18,老城街道,南锣社区,360,212,122.3,35.9,1.5,85.8,158,54
2026-01-19,老城街道,南锣社区,360,181,103.9,34.1,1.4,74.8,141,40
2026-01-20,老城街道,南锣社区,360,226,128.4,33.8,1.4,107.6,156,70
2026-01-21,老城街道,南锣社区,360,182,92.2,34.2,1.6,84.2,122,60
2026-01-22,老城街道,南锣社区,360,182,101.8,36.4,1.7,74.5,125,57
2026-01-23,老城街道,南锣社区,360,208,119.7,40.2,1.6,87.2,134,74
2026-01-24,老城街道,南锣社区,360,221,124.6,42.1,2.0,78.7,165,56
2026-01-25,老城街道,南锣社区,360,215,112.4,47.9,2.1,106.7,145,70
2026-01-26,老城街道,南锣社区,360,183,109.1,35.7,1.8,83.1,127,56
2026-01-27,老城街道,南锣社区,360,192,129.8,34.6,2.0,82.9,126,66
2026-01-28,老城街道,南锣社区,360,207,106.7,37.5,1.3,98.7,141,66
2026-01-29,老城街道,南锣社区,360,182,95.3,31.1,1.6,78.7,134,48
2026-01-30,老城街道,南锣社区,360,201,116.7,33.4,1.5,85.9,139,62
2026-01-31,老城街道,南锣社区,360,208,121.2,41.0,1.2,82.8,158,50
2026-02-01,老城街道,南锣社区,360,221,118.9,46.7,2.1,105.3,151,70
2026-02-02,老城街道,南锣社区,360,184,110.2,39.7,1.5,83.5,114,70
2026-02-03,老城街道,南锣社区,360,198,105.2,36.2,1.5,84.3,143,55
2026-02-04,老城街道,南锣社区,360,206,116.7,36.6,1.6,94.0,151,55
2026-02-05,老城街道,南锣社区,360,186,100.0,33.6,1.3,76.5,129,57
2026-02-06,老城街道,南锣社区,360,205,122.3,32.4,1.7,83.0,141,64
2026-02-07,老城街道,南锣社区,360,224,134.5,40.0,2.3,94.5,161,63
2026-02-08,老城街道,南锣社区,360,248,130.5,37.3,1.8,99.8,172,76
2026-02-09,老城街道,南锣社区,360,180,100.8,33.0,1.9,71.7,134,46
2026-02-10,老城街道,南锣社区,360,226,127.7,42.4,1.4,94.8,156,70
2026-02-11,老城街道,南锣社区,360,198,110.0,37.9,1.9,78.3,139,59
2026-02-12,老城街道,南锣社区,360,190,111.0,38.4,1.5,72.0,137,53
2026-02-13,老城街道,南锣社区,360,193,94.9,34.7,1.6,83.6,134,59
2026-02-14,老城街道,南锣社区,360,229,132.7,50.6,1.9,97.4,146,83
2026-02-15,老城街道,南锣社区,360,208,100.7,37.1,1.7,74.9,144,64
2026-02-16,老城街道,南锣社区,360,178,85.5,30.0,1.4,83.7,131,47
2026-02-17,老城街道,南锣社区,360,219,118.7,41.5,1.8,86.6,147,72
2026-02-18,老城街道,南锣社区,360,190,124.2,31.5,1.9,75.2,128,62
2026-02-19,老城街道,南锣社区,360,203,129.4,34.3,1.7,90.9,146,57
2026-02-20,老城街道,南锣社区,360,191,108.7,32.1,1.3,79.6,129,62
2026-02-21,老城街道,南锣社区,360,211,116.4,44.2,1.5,106.0,160,51
2026-02-22,老城街道,南锣社区,360,234,113.4,36.0,1.8,94.6,168,66
2026-02-23,老城街道,南锣社区,360,181,110.5,39.9,1.3,78.4,126,55
2026-02-24,老城街道,南锣社区,360,197,94.2,38.4,1.5,88.2,134,63
2026-02-25,老城街道,南锣社区,360,200,90.6,38.2,1.8,96.4,133,67
2026-02-26,老城街道,南锣社区,360,199,98.3,38.9,1.5,81.8,136,63
2026-02-27,老城街道,南锣社区,360,221,120.8,38.9,1.8,87.7,152,69
2026-02-28,老城街道,南锣社区,360,226,131.4,35.8,2.1,92.6,154,72
2026-03-01,老城街道,南锣社区,360,236,138.2,43.2,2.1,91.8,160,76
2026-03-02,老城街道,南锣社区,360,205,104.2,36.6,2.0,88.8,132,73
2026-03-03,老城街道,南锣社区,360,218,127.3,43.4,1.9,76.1,150,68
2026-03-04,老城街道,南锣社区,360,185,105.1,28.4,1.4,73.9,124,61
2026-03-05,老城街道,南锣社区,360,210,117.3,35.7,1.6,103.9,141,69
2026-03-06,老城街道,南锣社区,360,213,114.3,37.6,1.6,92.7,143,70
2026-03-07,老城街道,南锣社区,360,231,117.1,42.3,1.9,103.8,164,67
2026-03-08,老城街道,南锣社区,360,203,108.6,36.6,2.0,78.7,138,65
2026-03-09,老城街道,南锣社区,360,203,116.6,39.1,1.7,87.1,143,60
2026-03-10,老城街道,南锣社区,360,186,100.3,33.6,1.5,79.2,138,48
2026-03-11,老城街道,南锣社区,360,212,122.9,37.0,1.2,94.0,150,62
2026-03-12,老城街道,南锣社区,360,212,111.0,39.9,1.6,89.6,142,70
2026-03-13,老城街道,南锣社区,360,191,108.1,33.9,1.6,82.4,129,62
2026-03-14,老城街道,南锣社区,360,232,142.4,37.0,2.0,90.6,156,76
2026-03-15,老城街道,南锣社区,360,208,114.3,33.7,1.7,87.7,146,62
2026-03-16,老城街道,南锣社区,360,199,98.6,35.5,1.7,93.5,126,73
2026-03-17,老城街道,南锣社区,360,197,121.6,38.4,1.3,93.1,128,69
2026-03-18,老城街道,南锣社区,360,205,104.1,39.3,1.4,87.8,136,69
2026-03-19,老城街道,南锣社区,360,187,99.9,35.5,1.3,73.5,109,78
2026-03-20,老城街道,南锣社区,360,215,127.6,34.7,1.6,91.3,143,72
2026-03-21,老城街道,南锣社区,360,232,113.8,39.1,2.1,96.6,152,80
2026-03-22,老城街道,南锣社区,360,218,118.1,41.3,2.0,100.7,131,87
2026-03-23,老城街道,南锣社区,360,209,119.8,36.4,1.6,93.3,139,70
2026-03-24,老城街道,南锣社区,360,203,128.8,39.7,1.3,89.5,143,60
2026-03-25,老城街道,南锣社区,360,196,98.1,34.5,1.5,85.7,138,58
2026-03-26,老城街道,南锣社区,360,206,98.4,27.4,1.6,85.5,140,66
2026-03-27,老城街道,南锣社区,360,195,99.1,28.5,1.5,77.2,137,58
2026-03-28,老城街道,南锣社区,360,218,133.2,40.9,1.9,100.0,146,72
2026-03-29,老城街道,南锣社区,360,208,125.2,40.3,1.7,83.0,154,54
2026-03-30,老城街道,南锣社区,360,205,114.7,45.7,1.3,101.1,142,63
2026-03-31,老城街道,南锣社区,360,176,107.5,25.7,1.3,72.7,131,45
2026-04-01,老城街道,南锣社区,360,198,110.6,34.7,1.6,68.7,128,70
2026-04-02,老城街道,南锣社区,360,203,119.0,39.2,1.3,94.4,146,57
2026-04-03,老城街道,南锣社区,360,205,127.1,38.2,2.0,82.8,133,72
2026-04-04,老城街道,南锣社区,360,232,132.1,38.4,2.0,93.1,167,65
2026-04-05,老城街道,南锣社区,360,224,135.5,40.8,1.9,94.7,143,81
2026-04-06,老城街道,南锣社区,360,217,102.9,40.3,2.1,82.9,140,77
2026-04-07,老城街道,南锣社区,360,193,105.5,31.3,1.3,72.7,141,52
2026-04-08,老城街道,南锣社区,360,207,101.1,37.5,1.7,87.7,142,65
2026-04-09,老城街道,南锣社区,360,220,103.0,37.8,1.4,92.4,154,66
2026-04-10,老城街道,南锣社区,360,196,108.3,41.1,1.3,90.6,131,65
2026-04-11,老城街道,南锣社区,360,207,123.0,42.6,1.2,86.0,136,71
2026-04-12,老城街道,南锣社区,360,219,115.2,40.4,1.6,87.0,138,81
2026-04-13,老城街道,南锣社区,360,185,88.7,29.0,1.4,85.5,129,56
2026-04-14,老城街道,南锣社区,360,215,114.3,43.1,2.0,90.5,142,73
2026-04-15,老城街道,南锣社区,360,197,107.8,38.2,1.4,77.5,129,68
2026-04-16,老城街道,南锣社区,360,187,102.9,40.7,1.9,79.3,127,60
2026-04-17,老城街道,南锣社区,360,180,92.2,32.0,1.5,65.8,126,54
2026-04-18,老城街道,南锣社区,360,242,127.0,45.1,2.0,106.4,157,85
2026-04-19,老城街道,南锣社区,360,235,131.5,35.5,2.0,92.9,155,80
2026-04-20,老城街道,南锣社区,360,207,109.9,38.2,1.6,76.8,134,73
2026-04-21,老城街道,南锣社区,360,203,115.7,37.5,1.2,76.9,146,57
2026-04-22,老城街道,南锣社区,360,193,116.7,35.7,1.8,90.0,128,65
2026-04-23,老城街道,南锣社区,360,211,105.5,36.5,1.9,88.8,144,67
2026-04-24,老城街道,南锣社区,360,189,97.8,28.8,1.6,88.5,131,58
2026-04-25,老城街道,南锣社区,360,208,124.0,35.2,1.5,84.2,138,70
2026-04-26,老城街道,南锣社区,360,240,128.2,43.3,1.9,108.9,161,79
2026-04-27,老城街道,南锣社区,360,200,94.3,37.6,1.9,78.2,148,52
2026-04-28,老城街道,南锣社区,360,199,109.0,37.1,1.6,84.0,130,69
2026-04-29,老城街道,南锣社区,360,220,128.2,44.2,2.2,98.3,145,75
2026-04-30,老城街道,南锣社区,360,198,100.4,35.7,1.8,80.7,129,69
2026-05-01,老城街道,南锣社区,360,207,99.3,39.8,2.0,90.7,122,85
2026-05-02,老城街道,南锣社区,360,213,124.9,39.4,2.1,86.8,148,65
2026-05-03,老城街道,南锣社区,360,229,140.0,40.8,1.9,88.9,147,82
2026-05-04,老城街道,南锣社区,360,202,121.3,29.8,1.6,97.1,126,76
2026-05-05,老城街道,南锣社区,360,209,116.8,38.2,1.6,83.9,145,64
2026-05-06,老城街道,南锣社区,360,212,112.4,40.9,1.7,90.7,159,53
2026-05-07,老城街道,南锣社区,360,202,106.9,30.6,1.8,79.8,115,87
2026-05-08,老城街道,南锣社区,360,201,103.1,44.3,1.4,85.2,137,64
2026-05-09,老城街道,南锣社区,360,229,121.4,38.8,1.8,99.9,164,65
2026-05-10,老城街道,南锣社区,360,210,115.6,40.1,1.6,88.7,133,77
2026-05-11,老城街道,南锣社区,360,197,109.9,36.3,1.4,77.0,129,68
2026-05-12,老城街道,南锣社区,360,203,118.1,34.9,2.1,97.8,139,64
2026-05-13,老城街道,南锣社区,360,201,129.0,38.2,1.9,72.3,132,69
2026-05-14,老城街道,南锣社区,360,165,93.7,30.1,1.2,60.8,112,53
2026-05-15,老城街道,南锣社区,360,187,87.0,32.6,1.3,92.1,127,60
2026-05-16,老城街道,南锣社区,360,227,113.9,36.6,1.9,87.4,151,76
2026-05-17,老城街道,南锣社区,360,221,130.3,44.0,2.5,101.7,144,77
2026-05-18,老城街道,南锣社区,360,210,122.3,34.8,1.6,87.5,141,69
2026-05-19,老城街道,南锣社区,360,223,129.6,45.4,1.6,109.4,141,82
2026-05-20,老城街道,南锣社区,360,209,120.1,43.3,2.0,86.5,152,57
2026-05-21,老城街道,南锣社区,360,201,117.4,43.1,1.4,91.2,140,61
2026-05-22,老城街道,南锣社区,360,217,120.4,37.3,2.3,90.2,143,74
2026-05-23,老城街道,南锣社区,360,216,135.0,42.1,1.6,86.8,135,81
2026-05-24,老城街道,南锣社区,360,222,143.6,47.3,1.7,93.4,152,70
2026-05-25,老城街道,南锣社区,360,196,102.9,36.3,1.5,84.3,120,76
2026-05-26,老城街道,南锣社区,360,179,87.8,36.1,1.6,76.9,109,70
2026-05-27,老城街道,南锣社区,360,187,105.3,36.4,1.0,67.2,127,60
2026-05-28,老城街道,南锣社区,360,191,90.2,41.5,1.5,73.4,138,53
2026-05-29,老城街道,南锣社区,360,214,121.7,37.4,1.3,90.8,131,83
2026-05-30,老城街道,南锣社区,360,206,120.9,37.8,1.2,82.6,126,80
2026-05-31,老城街道,南锣社区,360,242,120.0,43.0,1.5,96.5,177,65
2026-06-01,老城街道,南锣社区,360,210,119.8,42.6,1.8,84.1,146,64
2026-06-02,老城街道,南锣社区,360,201,105.3,37.3,1.8,79.7,131,70
2026-06-03,老城街道,南锣社区,360,212,102.5,37.2,1.6,100.2,136,76
2026-06-04,老城街道,南锣社区,360,168,85.4,25.0,1.3,62.7,111,57
2026-06-05,老城街道,南锣社区,360,193,104.9,35.4,2.0,83.9,121,72
2026-06-06,老城街道,南锣社区,360,240,112.3,41.6,2.1,94.2,151,89
2026-06-07,老城街道,南锣社区,360,228,122.1,47.1,1.7,92.7,146,82
2026-06-08,老城街道,南锣社区,360,179,104.6,31.1,1.2,71.4,131,48
2026-06-09,老城街道,南锣社区,360,220,131.2,41.6,1.9,84.4,150,70
2026-06-10,老城街道,南锣社区,360,166,84.6,27.6,1.3,74.1,113,53
2026-06-11,老城街道,南锣社区,360,225,124.5,40.0,1.7,88.1,146,79
2026-06-12,老城街道,南锣社区,360,186,97.2,32.7,1.4,88.3,123,63
2026-06-13,老城街道,南锣社区,360,206,108.9,39.5,1.6,92.9,132,74
2026-06-14,老城街道,南锣社区,360,215,117.1,37.3,2.0,93.3,153,62
2026-06-15,老城街道,南锣社区,360,195,113.1,37.5,1.4,75.4,122,73
2026-06-16,老城街道,南锣社区,360,194,112.1,33.2,1.6,80.1,121,73
2026-06-17,老城街道,南锣社区,360,174,91.1,29.8,1.6,64.0,121,53
2026-06-18,老城街道,南锣社区,360,177,102.4,35.6,1.2,79.6,111,66
2026-06-19,老城街道,南锣社区,360,235,154.1,35.1,1.8,100.3,161,74
2026-06-20,老城街道,南锣社区,360,223,114.8,37.8,2.0,92.2,140,83
2026-06-21,老城街道,南锣社区,360,222,138.7,40.3,1.8,88.1,148,74
2026-06-22,老城街道,南锣社区,360,212,117.6,36.7,2.0,86.0,148,64
2026-06-23,老城街道,南锣社区,360,189,106.9,30.5,1.4,78.8,127,62
2026-06-24,老城街道,南锣社区,360,187,89.8,28.4,1.3,72.3,133,54
2026-06-25,老城街道,南锣社区,360,207,114.5,37.3,1.2,91.9,134,73
2026-06-26,老城街道,南锣社区,360,191,96.1,33.5,1.5,66.0,126,65
2026-06-27,老城街道,南锣社区,360,211,108.5,41.6,1.8,81.9,127,84
2026-06-28,老城街道,南锣社区,360,228,129.5,42.8,1.6,88.6,142,86
2026-06-29,老城街道,南锣社区,360,186,96.6,31.7,1.2,69.2,117,69
2026-06-30,老城街道,南锣社区,360,189,94.1,32.7,1.5,79.8,126,63
2026-07-01,老城街道,南锣社区,360,188,91.0,34.8,1.9,85.2,105,83
2026-07-02,老城街道,南锣社区,360,202,109.0,38.4,1.1,80.3,130,72
2026-07-03,老城街道,南锣社区,360,178,94.8,28.1,1.5,69.8,111,67
2026-07-04,老城街道,南锣社区,360,208,113.6,41.3,1.6,101.1,131,77
2026-07-05,老城街道,南锣社区,360,212,117.2,42.3,1.7,79.9,149,63
2026-07-06,老城街道,南锣社区,360,187,117.4,32.8,1.9,77.0,124,63
2026-07-07,老城街道,南锣社区,360,199,132.1,34.3,1.6,80.1,120,79
2026-07-08,老城街道,南锣社区,360,179,105.4,36.5,1.6,65.7,107,72
2026-07-09,老城街道,南锣社区,360,215,112.0,34.5,1.6,88.0,133,82
2026-07-10,老城街道,南锣社区,360,193,112.2,44.0,1.3,86.1,112,81
2026-07-11,老城街道,南锣社区,360,215,107.7,37.8,1.8,87.5,146,69
2026-07-12,老城街道,南锣社区,360,207,120.3,37.8,1.4,92.5,123,84
2026-07-13,老城街道,南锣社区,360,204,107.1,40.0,1.5,91.5,131,73
2026-07-14,老城街道,南锣社区,360,197,119.8,37.7,1.5,80.3,129,68
2026-07-15,老城街道,南锣社区,360,200,115.2,40.7,1.8,78.5,129,71
2026-07-16,老城街道,南锣社区,360,187,95.6,32.0,1.6,90.2,122,65
2026-07-17,老城街道,南锣社区,360,209,130.6,35.5,1.4,94.8,128,81
2026-07-18,老城街道,南锣社区,360,215,104.5,39.2,2.0,82.0,138,77
2026-07-19,老城街道,南锣社区,360,214,120.3,35.9,1.8,90.5,138,76
2026-07-20,老城街道,南锣社区,360,206,102.4,36.5,1.9,83.5,127,79
2026-07-21,老城街道,南锣社区,360,196,119.5,38.5,1.3,83.4,127,69
2026-07-22,老城街道,南锣社区,360,179,106.0,31.4,1.3,73.5,118,61
2026-07-23,老城街道,南锣社区,360,209,118.5,37.6,1.5,86.3,135,74
2026-07-24,老城街道,南锣社区,360,179,106.1,33.2,1.4,82.3,106,73
2026-07-25,老城街道,南锣社区,360,226,116.0,48.1,2.0,80.6,150,76
2026-07-26,老城街道,南锣社区,360,211,124.3,38.1,2.0,79.1,140,71
2026-07-27,老城街道,南锣社区,360,196,116.8,31.9,1.5,91.4,127,69
2026-07-28,老城街道,南锣社区,360,198,116.1,31.7,1.7,84.6,124,74
2026-07-29,老城街道,南锣社区,360,170,92.5,31.0,1.5,66.4,109,61
2026-07-30,老城街道,南锣社区,360,215,147.0,35.0,2.0,86.8,136,79
2026-07-31,老城街道,南锣社区,360,194,111.5,37.1,1.7,81.5,124,70
2026-08-01,老城街道,南锣社区,360,222,118.4,41.3,2.0,91.5,144,78
2026-08-02,老城街道,南锣社区,360,224,115.6,47.3,2.0,90.3,136,88
2026-08-03,老城街道,南锣社区,360,191,105.9,34.5,1.8,84.1,119,72
2026-08-04,老城街道,南锣社区,360,214,113.2,37.3,1.5,82.9,136,78
2026-08-05,老城街道,南锣社区,360,173,102.7,30.2,1.2,71.9,115,58
2026-08-06,老城街道,南锣社区,360,204,125.0,34.5,1.6,88.7,119,85
2026-08-07,老城街道,南锣社区,360,200,116.9,34.7,1.9,82.6,130,70
2026-08-08,老城街道,南锣社区,360,213,106.5,41.0,2.1,79.0,128,85
2026-08-09,老城街道,南锣社区,360,208,109.3,41.1,1.6,85.7,132,76
2026-08-10,老城街道,南锣社区,360,207,109.0,32.5,1.4,67.0,137,70
2026-08-11,老城街道,南锣社区,360,201,109.5,35.4,1.7,85.2,130,71
2026-08-12,老城街道,南锣社区,360,177,100.3,34.4,1.2,75.9,108,69
2026-08-13,老城街道,南锣社区,360,172,88.0,28.1,1.7,65.2,107,65
2026-08-14,老城街道,南锣社区,360,195,139.1,35.9,1.7,89.1,138,57
2026-08-15,老城街道,南锣社区,360,220,147.2,40.7,1.9,94.8,126,94
2026-08-16,老城街道,南锣社区,360,217,126.0,29.2,1.4,96.5,160,57
2026-08-17,老城街道,南锣社区,360,200,98.7,41.0,1.5,83.5,120,80
2026-08-18,老城街道,南锣社区,360,175,84.6,32.3,1.2,79.1,106,69
2026-08-19,老城街道,南锣社区,360,194,96.0,45.3,1.7,75.8,118,76
2026-08-20,老城街道,南锣社区,360,194,108.7,37.0,1.5,86.0,128,66
2026-08-21,老城街道,南锣社区,360,180,100.8,31.8,1.5,79.7,125,55
2026-08-22,老城街道,南锣社区,360,193,98.5,31.5,2.2,77.3,125,68
2026-08-23,老城街道,南锣社区,360,209,116.8,38.6,1.2,91.7,123,86
2026-08-24,老城街道,南锣社区,360,180,101.9,33.1,1.3,89.6,112,68
2026-08-25,老城街道,南锣社区,360,185,90.1,32.8,1.3,76.6,112,73
2026-08-26,老城街道,南锣社区,360,205,113.4,35.4,1.7,91.0,121,84
2026-08-27,老城街道,南锣社区,360,194,109.3,31.1,1.8,96.5,116,78
2026-08-28,老城街道,南锣社区,360,187,98.8,30.9,1.4,90.4,113,74
2026-08-29,老城街道,南锣社区,360,227,125.7,49.1,2.0,93.5,152,75
2026-08-30,老城街道,南锣社区,360,248,150.3,43.7,1.6,112.8,152,96
2026-08-31,老城街道,南锣社区,360,226,121.9,47.4,1.9,100.2,145,81
2026-01-01,老城街道,文庙社区,1160,673,395.3,107.4,5.2,277.3,502,171
2026-01-02,老城街道,文庙社区,1160,638,325.1,130.7,5.5,252.8,470,168
2026-01-03,老城街道,文庙社区,1160,710,378.2,146.3,5.9,289.4,542,168
2026-01-04,老城街道,文庙社区,1160,763,472.5,114.0,5.2,331.1,570,193
2026-01-05,老城街道,文庙社区,1160,675,402.4,113.3,4.7,294.9,516,159
2026-01-06,老城街道,文庙社区,1160,713,384.2,132.1,4.5,264.6,564,149
2026-01-07,老城街道,文庙社区,1160,684,402.5,132.4,5.3,277.4,476,208
2026-01-08,老城街道,文庙社区,1160,706,380.9,107.9,5.7,282.4,530,176
2026-01-09,老城街道,文庙社区,1160,634,395.3,135.7,6.3,219.9,483,151
2026-01-10,老城街道,文庙社区,1160,786,443.8,166.8,6.6,341.1,604,182
2026-01-11,老城街道,文庙社区,1160,777,367.3,122.3,6.4,325.8,605,172
2026-01-12,老城街道,文庙社区,1160,667,319.4,126.0,5.0,292.8,499,168
2026-01-13,老城街道,文庙社区,1160,714,431.7,147.1,5.9,292.0,538,176
2026-01-14,老城街道,文庙社区,1160,673,336.4,123.7,7.8,318.4,522,151
2026-01-15,老城街道,文庙社区,1160,690,366.7,126.5,6.3,259.3,508,182
2026-01-16,老城街道,文庙社区,1160,743,417.1,147.8,6.3,268.2,563,180
2026-01-17,老城街道,文庙社区,1160,727,418.1,120.2,7.2,318.9,581,146
2026-01-18,老城街道,文庙社区,1160,846,520.3,177.9,5.9,315.3,638,208
2026-01-19,老城街道,文庙社区,1160,666,381.5,120.2,5.1,305.0,499,167
2026-01-20,老城街道,文庙社区,1160,696,369.9,145.4,4.3,246.3,545,151
2026-01-21,老城街道,文庙社区,1160,746,385.7,125.0,6.6,316.6,561,185
2026-01-22,老城街道,文庙社区,1160,745,474.4,145.7,6.2,340.4,563,182
2026-01-23,老城街道,文庙社区,1160,702,363.8,129.3,5.6,292.9,543,159
2026-01-24,老城街道,文庙社区,1160,828,458.0,159.5,5.8,301.1,637,191
2026-01-25,老城街道,文庙社区,1160,765,464.4,135.0,6.3,317.1,544,221
2026-01-26,老城街道,文庙社区,1160,682,425.4,124.7,5.2,277.7,513,169
2026-01-27,老城街道,文庙社区,1160,719,407.5,102.7,6.0,276.6,535,184
2026-01-28,老城街道,文庙社区,1160,761,396.9,173.6,5.8,376.2,553,208
2026-01-29,老城街道,文庙社区,1160,699,365.4,101.9,5.8,265.4,517,182
2026-01-30,老城街道,文庙社区,1160,662,354.4,111.7,5.4,294.6,490,172
2026-01-31,老城街道,文庙社区,1160,736,366.1,146.5,6.5,297.2,560,176
2026-02-01,老城街道,文庙社区,1160,767,440.2,123.8,6.5,314.4,588,179
2026-02-02,老城街道,文庙社区,1160,675,355.9,126.8,6.3,277.8,500,175
2026-02-03,老城街道,文庙社区,1160,657,343.7,111.5,6.4,275.3,512,145
2026-02-04,老城街道,文庙社区,1160,662,433.4,133.3,5.2,274.3,511,151
2026-02-05,老城街道,文庙社区,1160,648,346.3,108.0,5.8,217.2,477,171
2026-02-06,老城街道,文庙社区,1160,667,379.1,123.8,6.4,301.5,495,172
2026-02-07,老城街道,文庙社区,1160,736,448.7,110.6,5.5,277.5,580,156
2026-02-08,老城街道,文庙社区,1160,713,390.4,159.6,6.0,296.0,563,150
2026-02-09,老城街道,文庙社区,1160,651,332.8,131.5,4.7,284.2,472,179
2026-02-10,老城街道,文庙社区,1160,729,436.5,133.1,6.5,312.6,578,151
2026-02-11,老城街道,文庙社区,1160,695,383.9,111.4,6.2,279.1,548,147
2026-02-12,老城街道,文庙社区,1160,704,383.7,139.8,4.8,310.4,524,180
2026-02-13,老城街道,文庙社区,1160,711,384.6,164.6,3.8,301.4,541,170
2026-02-14,老城街道,文庙社区,1160,755,392.1,126.7,6.6,324.1,555,200
2026-02-15,老城街道,文庙社区,1160,779,447.6,125.9,6.2,318.2,572,207
2026-02-16,老城街道,文庙社区,1160,735,406.8,123.8,7.3,301.9,561,174
2026-02-17,老城街道,文庙社区,1160,691,406.4,131.9,4.8,288.8,535,156
2026-02-18,老城街道,文庙社区,1160,686,401.5,100.6,6.0,274.7,535,151
2026-02-19,老城街道,文庙社区,1160,696,367.2,138.2,5.0,277.9,547,149
2026-02-20,老城街道,文庙社区,1160,667,345.4,123.5,5.3,280.9,486,181
2026-02-21,老城街道,文庙社区,1160,759,448.9,118.3,5.4,311.8,573,186
2026-02-22,老城街道,文庙社区,1160,812,420.9,200.7,5.7,335.4,632,180
2026-02-23,老城街道,文庙社区,1160,676,353.6,126.2,6.2,302.8,505,171
2026-02-24,老城街道,文庙社区,1160,681,356.6,138.8,8.0,261.1,516,165
2026-02-25,老城街道,文庙社区,1160,653,336.1,94.1,4.7,251.1,475,178
2026-02-26,老城街道,文庙社区,1160,633,321.3,125.0,5.1,280.7,463,170
2026-02-27,老城街道,文庙社区,1160,708,440.2,136.4,5.3,304.3,545,163
2026-02-28,老城街道,文庙社区,1160,776,490.8,132.3,6.2,314.3,576,200
2026-03-01,老城街道,文庙社区,1160,787,445.3,151.1,7.8,323.9,611,176
2026-03-02,老城街道,文庙社区,1160,699,373.8,143.8,4.5,297.2,527,172
2026-03-03,老城街道,文庙社区,1160,671,368.7,120.6,4.8,246.3,498,173
2026-03-04,老城街道,文庙社区,1160,637,376.0,114.1,6.7,303.0,465,172
2026-03-05,老城街道,文庙社区,1160,726,425.0,138.8,5.7,334.6,551,175
2026-03-06,老城街道,文庙社区,1160,726,353.4,136.0,6.0,292.8,544,182
2026-03-07,老城街道,文庙社区,1160,751,413.6,143.4,4.3,333.7,577,174
2026-03-08,老城街道,文庙社区,1160,785,404.1,152.4,6.4,285.2,590,195
2026-03-09,老城街道,文庙社区,1160,650,356.9,116.1,5.3,292.8,488,162
2026-03-10,老城街道,文庙社区,1160,665,360.0,118.7,6.5,314.2,490,175
2026-03-11,老城街道,文庙社区,1160,738,416.3,145.1,6.1,301.4,539,199
2026-03-12,老城街道,文庙社区,1160,702,367.3,128.1,5.6,355.1,513,189
2026-03-13,老城街道,文庙社区,1160,726,353.3,131.8,5.0,299.8,529,197
2026-03-14,老城街道,文庙社区,1160,690,362.5,114.9,5.1,295.8,499,191
2026-03-15,老城街道,文庙社区,1160,748,377.4,147.8,4.9,327.4,551,197
2026-03-16,老城街道,文庙社区,1160,659,333.7,124.9,5.6,306.9,448,211
2026-03-17,老城街道,文庙社区,1160,632,349.8,105.0,5.9,242.9,477,155
2026-03-18,老城街道,文庙社区,1160,669,325.1,98.2,5.7,274.4,491,178
2026-03-19,老城街道,文庙社区,1160,640,318.0,135.8,4.8,274.8,483,157
2026-03-20,老城街道,文庙社区,1160,673,352.9,116.7,4.0,254.8,517,156
2026-03-21,老城街道,文庙社区,1160,840,427.9,120.4,7.1,323.9,639,201
2026-03-22,老城街道,文庙社区,1160,747,421.4,131.7,6.5,310.7,537,210
2026-03-23,老城街道,文庙社区,1160,702,401.2,107.8,5.8,256.5,477,225
2026-03-24,老城街道,文庙社区,1160,699,426.8,103.4,5.0,304.6,537,162
2026-03-25,老城街道,文庙社区,1160,673,332.2,105.2,4.4,292.3,525,148
2026-03-26,老城街道,文庙社区,1160,695,340.1,135.1,6.2,312.1,514,181
2026-03-27,老城街道,文庙社区,1160,648,328.7,90.7,4.2,276.3,494,154
2026-03-28,老城街道,文庙社区,1160,752,424.4,134.7,4.9,278.5,548,204
2026-03-29,老城街道,文庙社区,1160,778,430.1,117.3,6.1,353.8,582,196
2026-03-30,老城街道,文庙社区,1160,753,451.9,144.5,5.5,321.6,556,197
2026-03-31,老城街道,文庙社区,1160,694,378.3,124.5,5.7,263.4,529,165
2026-04-01,老城街道,文庙社区,1160,665,392.8,132.6,5.3,277.7,500,165
2026-04-02,老城街道,文庙社区,1160,650,354.3,103.1,6.5,283.6,466,184
2026-04-03,老城街道,文庙社区,1160,701,410.2,149.9,5.6,287.1,489,212
2026-04-04,老城街道,文庙社区,1160,693,399.8,112.3,4.3,292.7,549,144
2026-04-05,老城街道,文庙社区,1160,725,404.9,129.0,6.2,321.5,549,176
2026-04-06,老城街道,文庙社区,1160,650,340.5,131.9,5.1,271.5,469,181
2026-04-07,老城街道,文庙社区,1160,715,436.6,145.3,6.1,275.0,508,207
2026-04-08,老城街道,文庙社区,1160,693,349.6,105.7,5.6,264.9,527,166
2026-04-09,老城街道,文庙社区,1160,685,435.7,115.3,5.3,233.3,503,182
2026-04-10,老城街道,文庙社区,1160,707,387.3,132.6,5.6,323.4,534,173
2026-04-11,老城街道,文庙社区,1160,680,353.7,111.9,5.1,268.4,488,192
2026-04-12,老城街道,文庙社区,1160,780,418.7,153.8,5.4,285.9,601,179
2026-04-13,老城街道,文庙社区,1160,703,338.7,134.5,5.0,320.1,493,210
2026-04-14,老城街道,文庙社区,1160,653,390.8,103.7,5.6,293.5,494,159
2026-04-15,老城街道,文庙社区,1160,678,369.3,127.1,5.3,282.7,525,153
2026-04-16,老城街道,文庙社区,1160,667,366.7,142.6,5.8,246.7,491,176
2026-04-17,老城街道,文庙社区,1160,730,421.6,171.1,6.0,331.0,572,158
2026-04-18,老城街道,文庙社区,1160,763,407.9,145.1,5.9,308.8,596,167
2026-04-19,老城街道,文庙社区,1160,787,410.6,131.3,5.1,269.7,567,220
2026-04-20,老城街道,文庙社区,1160,645,328.9,95.9,5.6,299.1,524,121
2026-04-21,老城街道,文庙社区,1160,672,383.7,133.5,5.2,276.0,470,202
2026-04-22,老城街道,文庙社区,1160,663,360.8,126.5,4.4,292.5,480,183
2026-04-23,老城街道,文庙社区,1160,664,328.5,123.9,5.5,283.5,490,174
2026-04-24,老城街道,文庙社区,1160,734,389.5,107.6,5.8,324.5,560,174
2026-04-25,老城街道,文庙社区,1160,737,461.5,155.8,4.1,277.3,518,219
2026-04-26,老城街道,文庙社区,1160,785,476.1,136.4,6.6,367.1,597,188
2026-04-27,老城街道,文庙社区,1160,726,381.6,159.8,6.1,320.0,534,192
2026-04-28,老城街道,文庙社区,1160,672,361.2,110.0,4.3,291.8,474,198
2026-04-29,老城街道,文庙社区,1160,742,465.4,150.1,5.2,299.0,539,203
2026-04-30,老城街道,文庙社区,1160,670,358.4,120.6,4.0,234.7,473,197
2026-05-01,老城街道,文庙社区,1160,696,408.8,134.2,6.0,298.3,525,171
2026-05-02,老城街道,文庙社区,1160,725,363.9,126.9,4.4,282.0,522,203
2026-05-03,老城街道,文庙社区,1160,729,417.8,106.6,5.5,315.8,542,187
2026-05-04,老城街道,文庙社区,1160,684,357.3,123.9,6.1,307.0,497,187
2026-05-05,老城街道,文庙社区,1160,693,356.9,125.0,5.1,314.6,487,206
2026-05-06,老城街道,文庙社区,1160,682,400.5,127.2,6.8,326.5,491,191
2026-05-07,老城街道,文庙社区,1160,748,490.9,146.9,6.5,293.9,551,197
2026-05-08,老城街道,文庙社区,1160,696,419.7,140.4,6.0,276.5,543,153
2026-05-09,老城街道,文庙社区,1160,761,454.4,138.7,5.2,355.9,535,226
2026-05-10,老城街道,文庙社区,1160,743,417.4,151.4,6.1,245.1,533,210
2026-05-11,老城街道,文庙社区,1160,658,398.6,124.2,5.5,259.6,470,188
2026-05-12,老城街道,文庙社区,1160,673,388.0,158.7,4.4,286.9,494,179
2026-05-13,老城街道,文庙社区,1160,640,348.3,125.4,4.9,246.8,476,164
2026-05-14,老城街道,文庙社区,1160,733,422.1,117.6,5.7,322.6,520,213
2026-05-15,老城街道,文庙社区,1160,676,460.6,117.2,6.6,289.1,526,150
2026-05-16,老城街道,文庙社区,1160,776,379.2,140.6,6.9,289.9,569,207
2026-05-17,老城街道,文庙社区,1160,719,353.0,126.3,6.1,267.1,565,154
2026-05-18,老城街道,文庙社区,1160,684,358.2,136.3,6.6,319.0,495,189
2026-05-19,老城街道,文庙社区,1160,681,446.3,103.6,5.6,255.4,508,173
2026-05-20,老城街道,文庙社区,1160,664,380.6,138.3,5.8,328.0,481,183
2026-05-21,老城街道,文庙社区,1160,731,462.5,140.0,5.1,327.6,532,199
2026-05-22,老城街道,文庙社区,1160,709,418.3,133.3,5.7,317.3,552,157
2026-05-23,老城街道,文庙社区,1160,739,401.9,160.5,6.6,329.3,573,166
2026-05-24,老城街道,文庙社区,1160,756,389.8,139.3,6.8,351.3,588,168
2026-05-25,老城街道,文庙社区,1160,693,344.5,119.5,4.6,321.2,501,192
2026-05-26,老城街道,文庙社区,1160,673,343.8,121.8,5.5,280.0,469,204
2026-05-27,老城街道,文庙社区,1160,612,303.6,113.6,6.8,213.0,444,168
2026-05-28,老城街道,文庙社区,1160,638,344.6,100.8,4.9,244.4,468,170
2026-05-29,老城街道,文庙社区,1160,668,375.8,118.6,5.6,306.7,501,167
2026-05-30,老城街道,文庙社区,1160,776,438.1,120.2,5.2,340.6,593,183
2026-05-31,老城街道,文庙社区,1160,737,419.1,125.2,4.2,370.7,519,218
2026-06-01,老城街道,文庙社区,1160,704,385.3,124.7,4.6,275.8,532,172
2026-06-02,老城街道,文庙社区,1160,605,303.7,104.1,6.7,219.7,477,128
2026-06-03,老城街道,文庙社区,1160,693,359.2,118.9,5.6,273.0,523,170
2026-06-04,老城街道,文庙社区,1160,706,437.4,126.3,5.2,340.7,505,201
2026-06-05,老城街道,文庙社区,1160,672,356.5,116.4,7.3,284.6,473,199
2026-06-06,老城街道,文庙社区,1160,701,351.5,140.8,5.6,249.5,492,209
2026-06-07,老城街道,文庙社区,1160,746,425.9,130.3,5.7,291.5,564,182
2026-06-08,老城街道,文庙社区,1160,727,399.7,150.6,4.9,270.3,489,238
2026-06-09,老城街道,文庙社区,1160,671,379.8,104.5,4.8,251.0,479,192
2026-06-10,老城街道,文庙社区,1160,624,373.1,97.6,3.9,231.4,447,177
2026-06-11,老城街道,文庙社区,1160,739,403.9,158.7,5.7,282.2,526,213
2026-06-12,老城街道,文庙社区,1160,655,364.7,115.0,6.8,279.3,492,163
2026-06-13,老城街道,文庙社区,1160,744,422.8,134.3,6.6,318.3,538,206
2026-06-14,老城街道,文庙社区,1160,773,463.8,128.0,5.1,314.9,517,256
2026-06-15,老城街道,文庙社区,1160,672,352.0,122.0,6.4,295.0,485,187
2026-06-16,老城街道,文庙社区,1160,634,318.2,108.2,3.8,272.9,501,133
2026-06-17,老城街道,文庙社区,1160,666,366.1,125.5,5.0,268.8,460,206
2026-06-18,老城街道,文庙社区,1160,679,472.2,130.9,4.7,292.6,473,206
2026-06-19,老城街道,文庙社区,1160,704,409.3,100.6,5.6,298.0,531,173
2026-06-20,老城街道,文庙社区,1160,700,430.2,134.1,5.7,298.2,503,197
2026-06-21,老城街道,文庙社区,1160,746,421.7,116.9,7.1,300.5,497,249
2026-06-22,老城街道,文庙社区,1160,621,392.6,134.8,5.2,268.9,444,177
2026-06-23,老城街道,文庙社区,1160,685,391.4,120.9,5.7,281.8,485,200
2026-06-24,老城街道,文庙社区,1160,649,355.6,93.1,5.3,282.4,464,185
2026-06-25,老城街道,文庙社区,1160,699,358.0,153.9,6.3,286.2,495,204
2026-06-26,老城街道,文庙社区,1160,720,473.3,141.7,6.2,302.0,544,176
2026-06-27,老城街道,文庙社区,1160,752,397.0,128.0,5.9,326.3,528,224
2026-06-28,老城街道,文庙社区,1160,786,438.2,141.6,6.5,355.6,564,222
2026-06-29,老城街道,文庙社区,1160,718,380.4,128.8,4.7,302.8,534,184
2026-06-30,老城街道,文庙社区,1160,693,451.2,127.9,5.2,298.6,514,179
2026-07-01,老城街道,文庙社区,1160,696,389.8,140.8,5.3,291.5,451,245
2026-07-02,老城街道,文庙社区,1160,664,429.7,138.3,5.6,294.7,482,182
2026-07-03,老城街道,文庙社区,1160,672,385.8,110.3,4.8,336.6,498,174
2026-07-04,老城街道,文庙社区,1160,755,405.9,138.9,6.0,297.9,561,194
2026-07-05,老城街道,文庙社区,1160,705,348.4,114.1,5.4,311.6,506,199
2026-07-06,老城街道,文庙社区,1160,643,311.8,124.1,4.8,257.3,471,172
2026-07-07,老城街道,文庙社区,1160,682,390.1,137.1,5.3,303.0,484,198
2026-07-08,老城街道,文庙社区,1160,635,399.8,116.5,4.5,292.4,449,186
2026-07-09,老城街道,文庙社区,1160,654,371.4,107.3,4.3,282.8,481,173
2026-07-10,老城街道,文庙社区,1160,742,408.7,138.1,7.4,270.5,521,221
2026-07-11,老城街道,文庙社区,1160,804,437.6,144.6,6.9,319.6,630,174
2026-07-12,老城街道,文庙社区,1160,714,372.7,117.6,6.5,279.0,515,199
2026-07-13,老城街道,文庙社区,1160,667,331.5,125.0,5.7,283.9,472,195
2026-07-14,老城街道,文庙社区,1160,788,432.9,121.7,6.3,375.3,542,246
2026-07-15,老城街道,文庙社区,1160,656,368.9,115.7,4.8,289.0,467,189
2026-07-16,老城街道,文庙社区,1160,764,383.8,134.1,6.4,317.7,555,209
2026-07-17,老城街道,文庙社区,1160,630,372.8,116.3,6.2,251.7,477,153
2026-07-18,老城街道,文庙社区,1160,747,383.8,107.1,5.4,380.5,502,245
2026-07-19,老城街道,文庙社区,1160,728,441.4,139.0,7.3,322.6,507,221
2026-07-20,老城街道,文庙社区,1160,665,397.5,118.1,5.3,255.8,420,245
2026-07-21,老城街道,文庙社区,1160,688,315.9,127.4,5.9,251.6,497,191
2026-07-22,老城街道,文庙社区,1160,695,346.6,113.6,7.3,323.0,542,153
2026-07-23,老城街道,文庙社区,1160,677,389.5,141.1,4.0,267.7,490,187
2026-07-24,老城街道,文庙社区,1160,682,344.3,118.3,6.1,327.2,455,227
2026-07-25,老城街道,文庙社区,1160,696,422.3,116.8,6.2,288.4,507,189
2026-07-26,老城街道,文庙社区,1160,696,356.7,105.1,3.6,295.7,534,162
2026-07-27,老城街道,文庙社区,1160,658,400.3,104.1,4.9,300.1,477,181
2026-07-28,老城街道,文庙社区,1160,683,396.8,105.4,5.3,317.1,514,169
2026-07-29,老城街道,文庙社区,1160,682,386.5,142.9,4.2,338.6,500,182
2026-07-30,老城街道,文庙社区,1160,661,338.7,135.8,5.7,296.5,487,174
2026-07-31,老城街道,文庙社区,1160,607,332.9,124.9,6.5,262.2,427,180
2026-08-01,老城街道,文庙社区,1160,729,403.6,127.3,4.8,288.2,546,183
2026-08-02,老城街道,文庙社区,1160,753,367.7,122.7,5.4,301.6,534,219
2026-08-03,老城街道,文庙社区,1160,674,391.1,116.6,6.7,313.0,484,190
2026-08-04,老城街道,文庙社区,1160,678,444.0,124.2,6.1,271.2,496,182
2026-08-05,老城街道,文庙社区,1160,664,377.1,138.0,6.3,258.2,460,204
2026-08-06,老城街道,文庙社区,1160,727,404.6,124.2,5.3,290.1,513,214
2026-08-07,老城街道,文庙社区,1160,677,404.5,149.0,6.4,253.4,429,248
2026-08-08,老城街道,文庙社区,1160,767,407.4,134.7,5.1,351.8,548,219
2026-08-09,老城街道,文庙社区,1160,739,452.3,114.5,5.8,320.5,545,194
2026-08-10,老城街道,文庙社区,1160,645,346.1,110.3,5.7,280.9,466,179
2026-08-11,老城街道,文庙社区,1160,640,358.1,121.4,4.0,250.5,446,194
2026-08-12,老城街道,文庙社区,1160,686,349.4,116.5,6.7,298.2,493,193
2026-08-13,老城街道,文庙社区,1160,647,381.8,102.1,4.7,243.9,444,203
2026-08-14,老城街道,文庙社区,1160,714,345.3,152.7,5.2,288.5,527,187
2026-08-15,老城街道,文庙社区,1160,736,469.6,120.4,5.1,328.3,551,185
2026-08-16,老城街道,文庙社区,1160,742,395.4,126.5,4.3,289.5,504,238
2026-08-17,老城街道,文庙社区,1160,714,410.4,118.8,6.1,303.2,489,225
2026-08-18,老城街道,文庙社区,1160,616,342.6,111.6,5.2,244.5,474,142
2026-08-19,老城街道,文庙社区,1160,601,328.6,112.2,5.4,234.4,415,186
2026-08-20,老城街道,文庙社区,1160,669,369.7,125.4,6.5,286.5,478,191
2026-08-21,老城街道,文庙社区,1160,662,367.9,124.5,5.4,267.8,472,190
2026-08-22,老城街道,文庙社区,1160,697,396.6,117.6,4.3,291.5,465,232
2026-08-23,老城街道,文庙社区,1160,767,452.6,140.7,8.5,338.4,546,221
2026-08-24,老城街道,文庙社区,1160,683,395.8,115.9,5.4,265.3,473,210
2026-08-25,老城街道,文庙社区,1160,693,395.4,136.1,5.8,282.0,504,189
2026-08-26,老城街道,文庙社区,1160,706,383.5,121.3,4.7,324.0,491,215
2026-08-27,老城街道,文庙社区,1160,639,326.5,115.6,5.8,276.6,462,177
2026-08-28,老城街道,文庙社区,1160,675,363.4,119.4,5.4,248.1,457,218
2026-08-29,老城街道,文庙社区,1160,755,415.6,120.0,5.1,301.6,507,248
2026-08-30,老城街道,文庙社区,1160,790,434.1,131.8,6.2,304.0,562,228
2026-08-31,老城街道,文庙社区,1160,683,398.6,121.6,4.7,270.7,503,180
