date,street,community,kitchen_kg,recyclable_kg,hazardous_kg,other_kg,total_kg,correct_kg,mixed_kg,total_households,participated_households
2026-01-01,朝阳街道,阳光花园,101.6,50.4,2.4,134.2,288.6,243.1,45.6,507,317
2026-01-02,朝阳街道,阳光花园,110.1,47.4,2.7,155.7,315.9,270.1,45.9,507,317
2026-01-03,朝阳街道,阳光花园,114.5,51.3,2.1,176.9,344.9,290.5,54.4,507,329
2026-01-04,朝阳街道,阳光花园,109.4,52.2,2.9,184.3,348.8,299.8,49.0,507,316
2026-01-05,朝阳街道,阳光花园,96.5,37.8,2.7,137.1,274.1,247.8,26.3,507,320
2026-01-06,朝阳街道,阳光花园,96.5,46.3,2.5,135.5,280.8,237.0,43.8,507,304
2026-01-07,朝阳街道,阳光花园,89.5,40.1,3.0,130.6,263.3,219.3,44.0,507,288
2026-01-08,朝阳街道,阳光花园,91.2,39.7,2.2,156.5,289.5,251.7,37.8,507,306
2026-01-09,朝阳街道,阳光花园,98.8,49.2,2.8,145.3,296.1,247.8,48.3,507,326
2026-01-10,朝阳街道,阳光花园,124.4,51.1,2.2,157.7,335.3,289.3,46.0,507,329
2026-01-11,朝阳街道,阳光花园,134.9,57.9,3.0,203.2,399.0,345.8,53.2,507,363
2026-01-12,朝阳街道,阳光花园,105.0,44.5,3.1,139.7,292.2,250.0,42.2,507,307
2026-01-13,朝阳街道,阳光花园,103.5,47.1,2.3,128.9,281.7,233.7,48.0,507,293
2026-01-14,朝阳街道,阳光花园,90.1,43.8,2.2,133.6,269.7,236.8,32.9,507,297
2026-01-15,朝阳街道,阳光花园,111.1,45.0,2.8,126.9,285.8,242.6,43.2,507,319
2026-01-16,朝阳街道,阳光花园,89.5,39.3,2.3,143.1,274.2,233.3,40.9,507,301
2026-01-17,朝阳街道,阳光花园,121.2,53.2,3.2,181.2,358.7,301.2,57.5,507,339
2026-01-18,朝阳街道,阳光花园,118.6,53.1,2.8,175.7,350.2,310.9,39.3,507,336
2026-01-19,朝阳街道,阳光花园,102.2,53.9,3.3,134.7,294.1,244.8,49.4,507,315
2026-01-20,朝阳街道,阳光花园,89.9,41.8,2.8,125.3,259.8,219.9,39.9,507,291
2026-01-21,朝阳街道,阳光花园,89.0,36.1,2.1,120.0,247.2,207.6,39.6,507,281
2026-01-22,朝阳街道,阳光花园,84.1,47.6,1.9,120.9,254.6,216.4,38.2,507,287
2026-01-23,朝阳街道,阳光花园,106.8,48.7,3.0,178.7,337.2,298.3,38.9,507,358
2026-01-24,朝阳街道,阳光花园,129.2,55.8,2.5,172.0,359.5,304.1,55.4,507,335
2026-01-25,朝阳街道,阳光花园,121.3,54.9,2.5,178.3,357.1,299.5,57.5,507,335
2026-01-26,朝阳街道,阳光花园,103.3,44.4,2.5,136.2,286.4,249.1,37.3,507,316
2026-01-27,朝阳街道,阳光花园,113.2,49.5,2.6,134.1,299.5,256.8,42.7,507,312
2026-01-28,朝阳街道,阳光花园,107.9,48.3,2.0,157.9,316.2,263.0,53.2,507,332
2026-01-29,朝阳街道,阳光花园,92.4,42.5,2.4,131.3,268.6,230.9,37.6,507,297
2026-01-30,朝阳街道,阳光花园,100.1,48.8,1.7,137.5,288.2,244.9,43.3,507,310
2026-01-31,朝阳街道,阳光花园,123.4,48.0,2.9,196.9,371.2,321.8,49.4,507,343
2026-02-01,朝阳街道,阳光花园,127.7,56.7,2.4,179.6,366.4,309.1,57.3,507,354
2026-02-02,朝阳街道,阳光花园,115.0,49.8,2.8,161.9,329.5,290.8,38.7,507,324
2026-02-03,朝阳街道,阳光花园,103.1,46.2,2.4,156.6,308.3,267.3,41.0,507,328
2026-02-04,朝阳街道,阳光花园,103.4,50.3,2.9,164.1,320.8,268.8,52.0,507,327
2026-02-05,朝阳街道,阳光花园,92.7,37.1,2.2,143.4,275.4,240.2,35.2,507,291
2026-02-06,朝阳街道,阳光花园,91.8,42.8,2.0,131.8,268.5,233.8,34.7,507,305
2026-02-07,朝阳街道,阳光花园,136.6,48.0,3.0,186.1,373.7,327.7,46.0,507,358
2026-02-08,朝阳街道,阳光花园,118.7,56.1,3.2,171.8,349.7,307.3,42.4,507,365
2026-02-09,朝阳街道,阳光花园,108.1,42.9,2.9,154.0,307.9,272.7,35.2,507,321
2026-02-10,朝阳街道,阳光花园,103.7,41.7,2.5,142.2,290.2,250.5,39.6,507,319
2026-02-11,朝阳街道,阳光花园,99.4,45.9,3.3,142.5,291.0,252.1,39.0,507,331
2026-02-12,朝阳街道,阳光花园,107.0,44.6,3.1,150.6,305.4,257.8,47.5,507,318
2026-02-13,朝阳街道,阳光花园,119.2,44.6,1.9,160.5,326.3,285.3,41.0,507,324
2026-02-14,朝阳街道,阳光花园,136.1,48.4,2.3,160.8,347.6,300.0,47.6,507,342
2026-02-15,朝阳街道,阳光花园,131.8,57.1,2.2,156.3,347.5,297.7,49.7,507,347
2026-02-16,朝阳街道,阳光花园,101.3,45.6,2.5,145.1,294.5,253.3,41.2,507,308
2026-02-17,朝阳街道,阳光花园,99.1,44.6,2.7,152.7,299.0,258.1,40.9,507,323
2026-02-18,朝阳街道,阳光花园,101.7,44.8,2.9,129.0,278.4,237.2,41.2,507,323
2026-02-19,朝阳街道,阳光花园,81.5,38.9,2.6,129.6,252.6,211.1,41.5,507,293
2026-02-20,朝阳街道,阳光花园,115.0,46.2,3.3,150.2,314.8,271.6,43.2,507,332
2026-02-21,朝阳街道,阳光花园,111.8,49.8,2.5,180.3,344.4,294.8,49.6,507,332
2026-02-22,朝阳街道,阳光花园,120.6,47.4,2.7,164.3,335.0,302.2,32.8,507,320
2026-02-23,朝阳街道,阳光花园,101.5,44.1,2.2,142.4,290.3,239.8,50.4,507,329
2026-02-24,朝阳街道,阳光花园,101.8,45.0,3.0,137.5,287.4,249.1,38.3,507,312
2026-02-25,朝阳街道,阳光花园,104.1,50.8,2.8,148.2,306.0,254.8,51.2,507,332
2026-02-26,朝阳街道,阳光花园,125.1,48.6,2.8,165.6,342.1,296.0,46.0,507,345
2026-02-27,朝阳街道,阳光花园,102.2,45.9,2.3,130.9,281.3,237.4,43.9,507,320
2026-02-28,朝阳街道,阳光花园,116.0,51.0,3.5,179.2,349.6,291.5,58.1,507,324
2026-03-01,朝阳街道,阳光花园,125.0,54.8,2.9,186.9,369.5,318.3,51.2,507,348
2026-03-02,朝阳街道,阳光花园,99.5,46.6,3.9,151.9,301.9,259.9,42.1,507,333
2026-03-03,朝阳街道,阳光花园,105.7,44.5,2.5,137.0,289.6,258.5,31.1,507,319
2026-03-04,朝阳街道,阳光花园,101.2,46.4,2.6,134.5,284.7,249.0,35.7,507,304
2026-03-05,朝阳街道,阳光花园,105.9,37.8,2.4,125.0,271.2,237.2,33.9,507,313
2026-03-06,朝阳街道,阳光花园,114.1,44.7,2.2,127.3,288.3,242.1,46.2,507,338
2026-03-07,朝阳街道,阳光花园,143.2,58.3,3.3,178.6,383.4,333.1,50.2,507,379
2026-03-08,朝阳街道,阳光花园,125.9,59.0,2.9,185.3,373.1,325.9,47.2,507,344
2026-03-09,朝阳街道,阳光花园,116.8,42.9,2.3,161.4,323.4,276.3,47.1,507,331
2026-03-10,朝阳街道,阳光花园,105.6,53.3,2.8,154.9,316.7,273.4,43.3,507,339
2026-03-11,朝阳街道,阳光花园,94.4,42.1,2.7,127.8,267.0,238.9,28.1,507,312
2026-03-12,朝阳街道,阳光花园,105.9,35.7,2.2,125.7,269.5,236.7,32.8,507,309
2026-03-13,朝阳街道,阳光花园,101.6,44.0,2.5,146.2,294.4,250.8,43.6,507,321
2026-03-14,朝阳街道,阳光花园,135.2,58.6,3.1,186.0,382.8,329.4,53.4,507,353
2026-03-15,朝阳街道,阳光花园,123.2,51.7,2.3,163.8,341.0,312.1,28.9,507,341
2026-03-16,朝阳街道,阳光花园,103.2,44.4,2.3,150.1,299.9,255.2,44.8,507,316
2026-03-17,朝阳街道,阳光花园,96.9,46.1,2.6,130.0,275.6,242.5,33.1,507,315
2026-03-18,朝阳街道,阳光花园,97.3,45.6,2.1,156.5,301.5,261.0,40.6,507,321
2026-03-19,朝阳街道,阳光花园,102.4,36.1,2.1,138.4,279.0,248.1,30.9,507,313
2026-03-20,朝阳街道,阳光花园,118.3,41.8,2.3,149.7,312.1,264.5,47.6,507,328
2026-03-21,朝阳街道,阳光花园,121.0,60.3,2.0,155.3,338.7,307.4,31.2,507,324
2026-03-22,朝阳街道,阳光花园,129.4,55.0,2.1,178.8,365.3,318.2,47.1,507,335
2026-03-23,朝阳街道,阳光花园,103.9,44.8,2.9,158.8,310.4,265.8,44.6,507,337
2026-03-24,朝阳街道,阳光花园,96.5,37.6,2.4,120.6,257.2,225.0,32.2,507,292
2026-03-25,朝阳街道,阳光花园,90.4,45.2,2.5,132.3,270.4,236.5,33.9,507,305
2026-03-26,朝阳街道,阳光花园,99.7,44.5,2.3,144.0,290.4,259.3,31.1,507,311
2026-03-27,朝阳街道,阳光花园,108.0,40.1,1.7,154.2,303.9,260.5,43.4,507,311
2026-03-28,朝阳街道,阳光花园,110.1,52.8,2.6,171.9,337.3,311.9,25.4,507,336
2026-03-29,朝阳街道,阳光花园,133.3,50.1,3.1,205.4,392.0,336.6,55.4,507,351
2026-03-30,朝阳街道,阳光花园,99.0,45.9,1.9,141.8,288.6,251.0,37.6,507,312
2026-03-31,朝阳街道,阳光花园,109.3,55.2,2.3,160.8,327.6,281.6,46.0,507,345
2026-04-01,朝阳街道,阳光花园,99.0,47.2,2.3,124.4,272.9,240.2,32.7,507,306
2026-04-02,朝阳街道,阳光花园,95.6,42.4,1.9,124.6,264.5,231.2,33.3,507,305
2026-04-03,朝阳街道,阳光花园,85.3,46.4,2.6,134.1,268.4,237.0,31.4,507,311
2026-04-04,朝阳街道,阳光花园,134.2,69.5,3.0,189.1,395.8,341.4,54.4,507,357
2026-04-05,朝阳街道,阳光花园,136.4,63.5,2.6,180.0,382.6,337.9,44.7,507,357
2026-04-06,朝阳街道,阳光花园,115.9,44.7,2.5,151.8,314.8,272.5,42.3,507,331
2026-04-07,朝阳街道,阳光花园,93.4,43.8,2.4,130.8,270.3,235.1,35.2,507,334
2026-04-08,朝阳街道,阳光花园,96.4,46.7,2.4,129.0,274.5,235.2,39.3,507,305
2026-04-09,朝阳街道,阳光花园,101.1,43.6,2.9,148.8,296.4,258.8,37.6,507,335
2026-04-10,朝阳街道,阳光花园,106.5,41.1,2.5,141.7,291.9,258.6,33.3,507,319
2026-04-11,朝阳街道,阳光花园,123.1,50.3,2.2,165.2,340.7,294.5,46.2,507,321
2026-04-12,朝阳街道,阳光花园,104.3,46.4,3.1,163.2,316.9,287.3,29.6,507,310
2026-04-13,朝阳街道,阳光花园,90.4,43.8,2.4,140.4,277.1,246.1,31.0,507,302
2026-04-14,朝阳街道,阳光花园,104.3,48.1,2.9,131.9,287.3,250.2,37.1,507,323
2026-04-15,朝阳街道,阳光花园,114.8,43.1,2.0,151.2,311.1,259.4,51.7,507,334
2026-04-16,朝阳街道,阳光花园,114.2,47.0,2.4,155.8,319.5,284.6,34.8,507,346
2026-04-17,朝阳街道,阳光花园,110.0,49.1,2.9,129.4,291.4,253.2,38.2,507,304
2026-04-18,朝阳街道,阳光花园,133.8,63.0,3.1,191.5,391.4,352.9,38.5,507,354
2026-04-19,朝阳街道,阳光花园,115.7,56.7,2.6,167.7,342.8,307.7,35.0,507,350
2026-04-20,朝阳街道,阳光花园,119.8,49.3,3.4,155.4,327.8,296.5,31.3,507,345
2026-04-21,朝阳街道,阳光花园,99.3,42.6,2.0,135.9,279.8,245.7,34.2,507,303
2026-04-22,朝阳街道,阳光花园,116.8,48.5,2.9,156.1,324.3,283.1,41.2,507,346
2026-04-23,朝阳街道,阳光花园,96.1,40.0,2.0,140.6,278.7,242.6,36.0,507,303
2026-04-24,朝阳街道,阳光花园,92.8,44.3,2.7,139.7,279.5,246.3,33.2,507,292
2026-04-25,朝阳街道,阳光花园,114.5,54.9,2.8,185.6,357.8,317.4,40.4,507,332
2026-04-26,朝阳街道,阳光花园,116.8,53.7,2.8,174.9,348.2,315.5,32.7,507,342
2026-04-27,朝阳街道,阳光花园,100.3,43.0,2.7,141.9,287.9,248.7,39.2,507,323
2026-04-28,朝阳街道,阳光花园,96.5,43.5,3.2,135.6,278.8,245.0,33.8,507,323
2026-04-29,朝阳街道,阳光花园,93.3,40.8,2.3,140.8,277.3,231.8,45.4,507,291
2026-04-30,朝阳街道,阳光花园,114.2,41.6,2.5,139.8,298.0,246.2,51.8,507,325
2026-05-01,朝阳街道,阳光花园,110.2,51.2,2.4,159.4,323.2,279.8,43.4,507,316
2026-05-02,朝阳街道,阳光花园,136.5,60.7,3.2,233.6,433.9,388.1,45.8,507,373
2026-05-03,朝阳街道,阳光花园,131.0,52.6,2.5,183.6,369.7,336.1,33.6,507,336
2026-05-04,朝阳街道,阳光花园,104.1,46.7,2.8,130.2,283.8,250.4,33.4,507,325
2026-05-05,朝阳街道,阳光花园,89.8,42.6,2.5,132.1,267.0,238.7,28.3,507,306
2026-05-06,朝阳街道,阳光花园,94.0,40.2,2.4,137.7,274.3,246.0,28.3,507,301
2026-05-07,朝阳街道,阳光花园,106.6,40.0,2.0,149.3,297.9,257.3,40.6,507,332
2026-05-08,朝阳街道,阳光花园,101.9,45.5,2.9,134.3,284.6,249.9,34.8,507,319
2026-05-09,朝阳街道,阳光花园,123.6,58.7,2.5,147.0,331.7,289.5,42.2,507,330
2026-05-10,朝阳街道,阳光花园,118.9,52.0,2.7,169.6,343.2,296.3,47.0,507,334
2026-05-11,朝阳街道,阳光花园,94.5,45.2,2.0,143.3,285.0,256.7,28.3,507,311
2026-05-12,朝阳街道,阳光花园,112.3,42.5,3.5,141.6,299.9,265.0,34.9,507,319
2026-05-13,朝阳街道,阳光花园,96.6,42.4,2.7,149.8,291.6,250.4,41.2,507,322
2026-05-14,朝阳街道,阳光花园,115.3,52.8,2.9,164.1,335.0,291.7,43.3,507,336
2026-05-15,朝阳街道,阳光花园,96.0,44.7,2.3,140.8,283.8,240.6,43.1,507,316
2026-05-16,朝阳街道,阳光花园,129.8,54.4,2.8,178.1,365.0,338.6,26.4,507,344
2026-05-17,朝阳街道,阳光花园,147.9,60.1,3.2,175.8,386.9,349.0,38.0,507,364
2026-05-18,朝阳街道,阳光花园,112.9,47.7,3.1,155.3,318.9,280.7,38.2,507,335
2026-05-19,朝阳街道,阳光花园,101.8,46.7,1.7,149.6,299.9,270.9,29.0,507,325
2026-05-20,朝阳街道,阳光花园,97.0,42.9,2.0,127.2,269.1,219.6,49.5,507,295
2026-05-21,朝阳街道,阳光花园,115.0,44.0,2.7,155.7,317.3,287.6,29.7,507,314
2026-05-22,朝阳街道,阳光花园,97.3,42.7,2.0,135.6,277.6,245.4,32.1,507,306
2026-05-23,朝阳街道,阳光花园,132.8,56.7,2.8,188.8,381.1,335.5,45.5,507,360
2026-05-24,朝阳街道,阳光花园,114.4,58.2,2.5,157.3,332.5,300.9,31.6,507,331
2026-05-25,朝阳街道,阳光花园,95.7,46.8,2.9,151.0,296.4,263.7,32.7,507,328
2026-05-26,朝阳街道,阳光花园,97.9,41.0,2.2,142.2,283.4,253.1,30.3,507,300
2026-05-27,朝阳街道,阳光花园,120.5,48.3,2.9,164.0,335.7,305.0,30.7,507,348
2026-05-28,朝阳街道,阳光花园,108.6,45.0,2.3,141.8,297.7,263.2,34.5,507,323
2026-05-29,朝阳街道,阳光花园,104.8,47.4,2.4,151.2,305.8,273.2,32.7,507,321
2026-05-30,朝阳街道,阳光花园,131.6,50.7,2.0,159.4,343.8,309.7,34.2,507,328
2026-05-31,朝阳街道,阳光花园,125.6,54.4,3.0,183.3,366.3,320.7,45.6,507,347
2026-06-01,朝阳街道,阳光花园,109.2,38.9,2.5,129.9,280.5,251.1,29.4,507,329
2026-06-02,朝阳街道,阳光花园,110.1,49.7,2.7,141.1,303.5,270.1,33.4,507,323
2026-06-03,朝阳街道,阳光花园,100.8,47.7,2.3,148.8,299.6,269.1,30.5,507,315
2026-06-04,朝阳街道,阳光花园,104.5,45.6,2.5,132.4,285.0,256.9,28.1,507,308
2026-06-05,朝阳街道,阳光花园,104.1,40.9,2.7,131.6,279.3,244.0,35.2,507,315
2026-06-06,朝阳街道,阳光花园,149.2,50.5,3.5,182.8,385.9,346.4,39.5,507,350
2026-06-07,朝阳街道,阳光花园,132.3,55.7,3.5,176.2,367.7,334.1,33.5,507,350
2026-06-08,朝阳街道,阳光花园,99.8,40.2,2.7,153.6,296.3,269.6,26.7,507,313
2026-06-09,朝阳街道,阳光花园,95.8,44.0,2.0,136.3,278.1,247.0,31.2,507,320
2026-06-10,朝阳街道,阳光花园,129.9,45.8,3.4,156.6,335.8,300.0,35.8,507,343
2026-06-11,朝阳街道,阳光花园,106.0,46.6,2.5,136.6,291.6,258.6,33.1,507,330
2026-06-12,朝阳街道,阳光花园,104.8,44.4,2.7,157.2,309.1,266.3,42.8,507,333
2026-06-13,朝阳街道,阳光花园,133.9,61.7,2.9,185.4,384.0,347.4,36.6,507,338
2026-06-14,朝阳街道,阳光花园,139.7,61.8,3.2,177.3,382.1,352.9,29.1,507,366
2026-06-15,朝阳街道,阳光花园,92.1,46.9,2.7,148.6,290.4,261.9,28.5,507,302
2026-06-16,朝阳街道,阳光花园,96.2,43.0,2.5,146.9,288.6,255.3,33.3,507,305
2026-06-17,朝阳街道,阳光花园,98.9,47.6,2.6,141.1,290.3,256.3,34.0,507,328
2026-06-18,朝阳街道,阳光花园,100.8,51.6,2.5,141.9,296.8,262.7,34.1,507,320
2026-06-19,朝阳街道,阳光花园,97.3,41.0,3.0,137.7,279.0,237.6,41.4,507,309
2026-06-20,朝阳街道,阳光花园,128.7,55.8,2.8,200.2,387.5,358.3,29.2,507,349
2026-06-21,朝阳街道,阳光花园,113.3,51.3,2.8,169.3,336.7,289.4,47.3,507,318
2026-06-22,朝阳街道,阳光花园,115.1,48.0,3.1,154.6,320.8,283.1,37.7,507,338
2026-06-23,朝阳街道,阳光花园,107.6,46.8,3.3,129.7,287.4,252.7,34.7,507,334
2026-06-24,朝阳街道,阳光花园,95.5,41.8,1.9,129.4,268.7,232.1,36.6,507,305
2026-06-25,朝阳街道,阳光花园,128.4,48.8,2.7,151.2,331.1,289.3,41.8,507,360
2026-06-26,朝阳街道,阳光花园,96.8,44.6,2.0,138.0,281.4,240.6,40.8,507,321
2026-06-27,朝阳街道,阳光花园,133.6,51.3,3.2,174.6,362.7,327.9,34.8,507,354
2026-06-28,朝阳街道,阳光花园,117.9,54.6,2.9,186.8,362.3,330.7,31.6,507,348
2026-06-29,朝阳街道,阳光花园,117.6,47.5,3.1,174.9,343.0,304.2,38.8,507,346
2026-06-30,朝阳街道,阳光花园,92.0,47.9,2.1,126.4,268.4,248.2,20.2,507,304
2026-07-01,朝阳街道,阳光花园,105.3,44.0,2.4,142.7,294.4,261.5,32.9,507,331
2026-07-02,朝阳街道,阳光花园,117.3,54.1,2.7,160.2,334.3,294.5,39.7,507,360
2026-07-03,朝阳街道,阳光花园,84.0,34.5,1.6,119.4,239.5,211.7,27.8,507,285
2026-07-04,朝阳街道,阳光花园,139.2,58.2,3.1,171.6,372.1,347.1,25.0,507,350
2026-07-05,朝阳街道,阳光花园,128.3,60.8,3.1,180.8,373.0,342.6,30.5,507,361
2026-07-06,朝阳街道,阳光花园,98.8,44.1,2.2,138.4,283.4,248.5,34.9,507,307
2026-07-07,朝阳街道,阳光花园,117.3,51.8,2.3,166.3,337.7,306.3,31.3,507,334
2026-07-08,朝阳街道,阳光花园,109.6,46.2,2.1,151.9,309.7,274.8,34.9,507,341
2026-07-09,朝阳街道,阳光花园,119.2,44.7,2.8,146.5,313.2,272.1,41.1,507,340
2026-07-10,朝阳街道,阳光花园,107.6,54.2,2.5,161.0,325.3,288.1,37.2,507,337
2026-07-11,朝阳街道,阳光花园,129.7,58.1,2.8,178.2,368.8,335.8,32.9,507,362
2026-07-12,朝阳街道,阳光花园,137.3,65.5,3.6,182.2,388.6,357.8,30.8,507,360
2026-07-13,朝阳街道,阳光花园,100.9,42.0,3.2,144.9,291.1,263.0,28.0,507,315
2026-07-14,朝阳街道,阳光花园,96.4,40.9,3.1,154.9,295.2,263.6,31.6,507,343
2026-07-15,朝阳街道,阳光花园,97.5,50.1,2.8,138.7,289.0,260.5,28.5,507,305
2026-07-16,朝阳街道,阳光花园,89.8,45.6,2.9,130.6,268.9,239.1,29.8,507,319
2026-07-17,朝阳街道,阳光花园,92.7,43.2,1.8,143.3,281.0,248.7,32.3,507,307
2026-07-18,朝阳街道,阳光花园,109.7,51.4,3.3,151.6,316.1,291.6,24.5,507,346
2026-07-19,朝阳街道,阳光花园,128.2,50.6,2.8,177.7,359.4,324.4,35.0,507,332
2026-07-20,朝阳街道,阳光花园,105.4,40.0,3.1,138.4,286.9,266.8,20.1,507,322
2026-07-21,朝阳街道,阳光花园,94.7,46.3,3.0,148.8,292.9,259.7,33.1,507,325
2026-07-22,朝阳街道,阳光花园,108.1,38.9,2.2,153.2,302.4,262.6,39.8,507,323
2026-07-23,朝阳街道,阳光花园,118.4,48.1,2.9,175.3,344.7,310.9,33.9,507,331
2026-07-24,朝阳街道,阳光花园,102.8,45.4,2.3,132.4,282.9,252.6,30.2,507,313
2026-07-25,朝阳街道,阳光花园,125.0,61.5,2.8,180.9,370.3,351.9,18.3,507,355
2026-07-26,朝阳街道,阳光花园,124.4,62.1,2.8,167.5,356.8,327.9,28.9,507,331
2026-07-27,朝阳街道,阳光花园,100.5,43.3,2.9,129.4,276.2,245.2,31.0,507,319
2026-07-28,朝阳街道,阳光花园,104.4,40.8,3.1,154.7,303.0,276.5,26.5,507,319
2026-07-29,朝阳街道,阳光花园,101.6,43.7,1.9,135.7,282.8,258.6,24.3,507,302
2026-07-30,朝阳街道,阳光花园,107.7,47.7,3.3,161.3,320.0,289.1,30.9,507,333
2026-07-31,朝阳街道,阳光花园,101.4,38.9,2.6,155.2,298.1,252.0,46.1,507,320
2026-08-01,朝阳街道,阳光花园,124.4,54.5,3.6,178.8,361.2,324.0,37.2,507,357
2026-08-02,朝阳街道,阳光花园,133.3,54.7,2.5,173.6,364.2,336.8,27.4,507,324
2026-08-03,朝阳街道,阳光花园,108.3,47.5,2.6,149.9,308.3,271.0,37.3,507,345
2026-08-04,朝阳街道,阳光花园,110.1,46.3,2.9,145.3,304.6,279.3,25.3,507,331
2026-08-05,朝阳街道,阳光花园,104.6,47.3,2.1,155.9,309.9,292.7,17.2,507,303
2026-08-06,朝阳街道,阳光花园,109.6,47.1,2.7,157.5,316.9,292.3,24.6,507,342
2026-08-07,朝阳街道,阳光花园,100.0,49.3,3.0,154.4,306.8,285.2,21.6,507,330
2026-08-08,朝阳街道,阳光花园,121.1,52.3,2.2,182.7,358.2,333.1,25.1,507,348
2026-08-09,朝阳街道,阳光花园,106.3,50.3,3.3,171.6,331.4,303.2,28.2,507,345
2026-08-10,朝阳街道,阳光花园,106.7,42.3,2.6,158.3,310.0,282.4,27.6,507,306
2026-08-11,朝阳街道,阳光花园,99.4,43.9,2.8,144.0,290.1,270.3,19.8,507,322
2026-08-12,朝阳街道,阳光花园,110.9,58.7,2.8,174.8,347.3,311.6,35.6,507,349
2026-08-13,朝阳街道,阳光花园,104.5,44.6,2.9,162.8,314.8,286.8,28.0,507,341
2026-08-14,朝阳街道,阳光花园,90.5,38.3,1.9,139.1,269.8,244.2,25.6,507,307
2026-08-15,朝阳街道,阳光花园,113.1,55.8,2.7,206.6,378.2,354.3,23.9,507,352
2026-08-16,朝阳街道,阳光花园,141.1,57.7,3.0,180.3,382.1,340.2,41.9,507,346
2026-08-17,朝阳街道,阳光花园,103.3,50.9,2.2,155.6,312.0,284.1,28.0,507,339
2026-08-18,朝阳街道,阳光花园,101.3,42.2,2.2,139.7,285.3,259.0,26.3,507,317
2026-08-19,朝阳街道,阳光花园,99.2,49.2,2.2,144.4,295.0,261.0,34.0,507,332
2026-08-20,朝阳街道,阳光花园,113.3,47.8,3.0,137.6,301.6,269.4,32.2,507,347
2026-08-21,朝阳街道,阳光花园,115.2,50.3,3.1,169.5,338.0,305.5,32.6,507,357
2026-08-22,朝阳街道,阳光花园,121.9,49.7,3.2,166.1,340.8,300.1,40.7,507,327
2026-08-23,朝阳街道,阳光花园,103.9,52.6,2.6,168.0,327.1,288.4,38.7,507,333
2026-08-24,朝阳街道,阳光花园,109.3,40.7,3.0,160.5,313.5,289.7,23.9,507,345
2026-08-25,朝阳街道,阳光花园,102.1,56.2,2.4,161.0,321.6,292.7,28.9,507,342
2026-08-26,朝阳街道,阳光花园,109.7,42.9,2.8,142.9,298.3,260.8,37.6,507,313
2026-08-27,朝阳街道,阳光花园,109.8,42.3,2.5,161.9,316.4,285.6,30.8,507,348
2026-08-28,朝阳街道,阳光花园,92.8,40.5,2.3,125.5,261.2,238.1,23.1,507,303
2026-08-29,朝阳街道,阳光花园,131.4,58.6,2.7,172.4,365.0,330.4,34.6,507,341
2026-08-30,朝阳街道,阳光花园,116.8,50.8,2.5,164.1,334.1,307.1,27.1,507,340
2026-08-31,朝阳街道,阳光花园,98.3,47.4,2.6,155.2,303.6,275.5,28.1,507,338
2026-09-01,朝阳街道,阳光花园,91.1,43.1,2.9,121.0,258.0,235.2,22.8,507,307
2026-09-02,朝阳街道,阳光花园,110.0,50.8,2.5,155.0,318.3,292.3,26.0,507,347
2026-09-03,朝阳街道,阳光花园,99.2,37.9,2.2,121.3,260.6,230.1,30.5,507,293
2026-09-04,朝阳街道,阳光花园,99.9,47.0,2.8,149.6,299.2,265.3,33.9,507,326
2026-09-05,朝阳街道,阳光花园,130.5,60.6,3.6,211.0,405.7,376.6,29.1,507,378
2026-09-06,朝阳街道,阳光花园,139.3,58.5,2.9,178.3,379.0,340.5,38.5,507,349
2026-09-07,朝阳街道,阳光花园,105.0,46.5,2.7,143.9,298.0,269.7,28.3,507,333
2026-09-08,朝阳街道,阳光花园,107.3,53.6,2.7,173.8,337.3,310.9,26.4,507,373
2026-09-09,朝阳街道,阳光花园,116.8,48.3,3.2,132.9,301.2,275.0,26.3,507,340
2026-09-10,朝阳街道,阳光花园,114.0,42.4,2.4,151.6,310.4,292.0,18.4,507,334
2026-09-11,朝阳街道,阳光花园,113.7,40.5,3.1,149.9,307.2,280.1,27.1,507,333
2026-09-12,朝阳街道,阳光花园,125.9,44.1,2.9,157.1,330.0,303.7,26.3,507,332
2026-09-13,朝阳街道,阳光花园,139.0,55.9,2.5,176.7,374.1,346.0,28.1,507,352
2026-09-14,朝阳街道,阳光花园,105.4,46.3,2.1,155.2,309.0,288.9,20.1,507,337
2026-09-15,朝阳街道,阳光花园,109.6,57.6,2.3,152.1,321.6,283.1,38.5,507,340
2026-09-16,朝阳街道,阳光花园,106.5,49.5,2.8,158.8,317.5,299.9,17.7,507,347
2026-09-17,朝阳街道,阳光花园,95.1,46.3,2.8,145.2,289.3,260.2,29.1,507,327
2026-09-18,朝阳街道,阳光花园,112.5,45.4,2.6,141.5,302.1,266.7,35.4,507,344
2026-09-19,朝阳街道,阳光花园,137.1,52.9,3.0,173.4,366.4,331.8,34.6,507,346
2026-01-01,朝阳街道,翠湖小区,329.1,130.9,6.2,404.3,870.5,639.5,231.0,1328,976
2026-01-02,朝阳街道,翠湖小区,305.7,125.7,10.6,377.9,819.9,590.9,229.0,1328,932
2026-01-03,朝阳街道,翠湖小区,358.7,163.5,5.7,527.0,1054.8,786.8,268.1,1328,1004
2026-01-04,朝阳街道,翠湖小区,385.0,180.0,8.0,514.8,1087.8,844.6,243.2,1328,1030
2026-01-05,朝阳街道,翠湖小区,320.4,130.1,8.2,438.0,896.7,618.1,278.7,1328,1008
2026-01-06,朝阳街道,翠湖小区,297.1,153.1,6.5,435.1,891.8,642.7,249.1,1328,1006
2026-01-07,朝阳街道,翠湖小区,330.6,133.4,7.6,464.2,935.7,715.6,220.1,1328,1027
2026-01-08,朝阳街道,翠湖小区,312.4,134.6,6.3,426.7,879.9,643.1,236.8,1328,978
2026-01-09,朝阳街道,翠湖小区,293.6,121.7,7.5,408.0,830.8,620.3,210.5,1328,928
2026-01-10,朝阳街道,翠湖小区,363.6,181.6,7.6,534.4,1087.2,835.9,251.4,1328,1069
2026-01-11,朝阳街道,翠湖小区,399.5,155.7,7.5,511.9,1074.7,803.7,271.0,1328,1029
2026-01-12,朝阳街道,翠湖小区,340.9,164.7,11.5,434.0,951.2,684.9,266.3,1328,1026
2026-01-13,朝阳街道,翠湖小区,285.6,124.5,6.4,395.0,811.4,593.5,217.9,1328,935
2026-01-14,朝阳街道,翠湖小区,314.4,121.5,11.4,409.1,856.3,623.1,233.3,1328,934
2026-01-15,朝阳街道,翠湖小区,329.7,142.4,7.8,386.0,865.9,633.4,232.5,1328,930
2026-01-16,朝阳街道,翠湖小区,327.3,140.0,7.6,364.3,839.2,616.0,223.2,1328,937
2026-01-17,朝阳街道,翠湖小区,425.9,189.3,6.8,567.0,1188.9,861.4,327.5,1328,1076
2026-01-18,朝阳街道,翠湖小区,361.2,161.6,7.5,454.7,985.1,749.1,235.9,1328,982
2026-01-19,朝阳街道,翠湖小区,307.3,129.7,7.3,435.0,879.3,636.9,242.4,1328,969
2026-01-20,朝阳街道,翠湖小区,302.9,136.8,5.8,449.2,894.7,660.4,234.2,1328,970
2026-01-21,朝阳街道,翠湖小区,333.6,117.8,5.9,450.1,907.4,662.6,244.8,1328,984
2026-01-22,朝阳街道,翠湖小区,307.8,146.0,9.1,458.2,921.1,672.5,248.6,1328,989
2026-01-23,朝阳街道,翠湖小区,300.9,138.6,7.9,383.3,830.8,602.8,228.0,1328,898
2026-01-24,朝阳街道,翠湖小区,437.6,162.6,8.4,586.2,1194.7,901.2,293.5,1328,1083
2026-01-25,朝阳街道,翠湖小区,378.8,169.3,8.1,526.5,1082.7,804.7,278.0,1328,1004
2026-01-26,朝阳街道,翠湖小区,315.6,139.1,8.3,493.8,956.8,694.2,262.6,1328,1041
2026-01-27,朝阳街道,翠湖小区,263.4,130.5,6.3,409.0,809.1,569.0,240.1,1328,930
2026-01-28,朝阳街道,翠湖小区,310.2,130.7,8.5,442.6,892.0,661.9,230.0,1328,956
2026-01-29,朝阳街道,翠湖小区,332.2,140.9,6.3,456.4,935.7,671.6,264.1,1328,975
2026-01-30,朝阳街道,翠湖小区,353.2,148.7,8.5,461.3,971.7,690.6,281.1,1328,1038
2026-01-31,朝阳街道,翠湖小区,385.9,178.5,7.6,515.7,1087.7,820.6,267.1,1328,1034
2026-02-01,朝阳街道,翠湖小区,333.7,172.7,10.6,570.5,1087.5,795.4,292.2,1328,1012
2026-02-02,朝阳街道,翠湖小区,354.4,137.3,8.3,405.7,905.7,644.4,261.2,1328,1017
2026-02-03,朝阳街道,翠湖小区,306.4,116.9,8.2,452.7,884.2,659.3,224.9,1328,946
2026-02-04,朝阳街道,翠湖小区,265.1,129.2,6.9,386.6,787.9,572.6,215.3,1328,943
2026-02-05,朝阳街道,翠湖小区,291.0,129.9,9.1,452.6,882.6,661.1,221.5,1328,970
2026-02-06,朝阳街道,翠湖小区,302.3,142.2,8.3,443.2,896.0,661.7,234.3,1328,1013
2026-02-07,朝阳街道,翠湖小区,388.5,172.3,5.3,569.2,1135.3,863.6,271.7,1328,1024
2026-02-08,朝阳街道,翠湖小区,403.1,161.7,6.6,499.2,1070.5,747.2,323.3,1328,1030
2026-02-09,朝阳街道,翠湖小区,312.3,127.1,6.1,396.3,841.8,639.2,202.6,1328,912
2026-02-10,朝阳街道,翠湖小区,342.1,124.8,7.7,437.1,911.7,658.7,253.0,1328,1023
2026-02-11,朝阳街道,翠湖小区,329.4,130.6,6.3,404.0,870.3,665.0,205.3,1328,935
2026-02-12,朝阳街道,翠湖小区,301.9,119.0,5.4,412.6,838.9,609.4,229.5,1328,938
2026-02-13,朝阳街道,翠湖小区,290.3,125.1,10.3,432.6,858.3,608.0,250.3,1328,958
2026-02-14,朝阳街道,翠湖小区,348.2,161.2,6.8,537.7,1053.8,798.0,255.8,1328,984
2026-02-15,朝阳街道,翠湖小区,370.6,170.1,7.6,531.1,1079.3,789.2,290.1,1328,1043
2026-02-16,朝阳街道,翠湖小区,315.9,136.8,7.6,420.5,880.9,648.9,232.0,1328,959
2026-02-17,朝阳街道,翠湖小区,307.6,138.2,10.1,406.5,862.4,651.3,211.1,1328,979
2026-02-18,朝阳街道,翠湖小区,296.0,145.0,7.9,415.1,863.9,652.0,211.9,1328,913
2026-02-19,朝阳街道,翠湖小区,312.0,130.2,7.6,450.8,900.6,658.1,242.5,1328,990
2026-02-20,朝阳街道,翠湖小区,281.9,138.1,8.3,436.2,864.6,628.6,236.0,1328,956
2026-02-21,朝阳街道,翠湖小区,398.6,174.5,8.3,530.4,1111.8,856.3,255.5,1328,1058
2026-02-22,朝阳街道,翠湖小区,366.7,172.9,8.6,493.3,1041.4,825.5,215.9,1328,1037
2026-02-23,朝阳街道,翠湖小区,294.9,151.7,8.7,410.9,866.1,659.1,207.0,1328,985
2026-02-24,朝阳街道,翠湖小区,324.6,161.4,8.3,456.0,950.3,734.4,215.9,1328,1015
2026-02-25,朝阳街道,翠湖小区,333.2,141.8,7.2,459.0,941.2,686.1,255.1,1328,1012
2026-02-26,朝阳街道,翠湖小区,273.9,137.0,5.1,426.0,841.9,622.6,219.3,1328,935
2026-02-27,朝阳街道,翠湖小区,323.4,153.6,7.8,471.7,956.5,700.4,256.1,1328,1041
2026-02-28,朝阳街道,翠湖小区,404.7,154.0,8.7,566.6,1134.1,868.8,265.3,1328,1036
2026-03-01,朝阳街道,翠湖小区,400.0,164.1,7.8,612.7,1184.7,918.5,266.2,1328,1138
2026-03-02,朝阳街道,翠湖小区,298.9,148.7,6.7,481.9,936.1,711.9,224.3,1328,999
2026-03-03,朝阳街道,翠湖小区,334.4,135.8,6.2,437.9,914.3,734.0,180.2,1328,1009
2026-03-04,朝阳街道,翠湖小区,332.5,134.1,7.9,413.9,888.4,650.1,238.3,1328,937
2026-03-05,朝阳街道,翠湖小区,329.9,150.9,8.0,455.4,944.2,706.6,237.6,1328,1033
2026-03-06,朝阳街道,翠湖小区,288.6,128.8,6.0,411.3,834.8,606.1,228.6,1328,916
2026-03-07,朝阳街道,翠湖小区,339.6,162.2,8.3,470.8,980.9,749.8,231.1,1328,975
2026-03-08,朝阳街道,翠湖小区,424.9,176.1,8.2,549.2,1158.3,887.6,270.7,1328,1102
2026-03-09,朝阳街道,翠湖小区,333.3,141.9,9.1,453.9,938.2,712.9,225.3,1328,1003
2026-03-10,朝阳街道,翠湖小区,313.8,124.7,10.4,470.2,919.0,703.6,215.4,1328,1029
2026-03-11,朝阳街道,翠湖小区,323.8,132.2,7.2,472.8,936.0,674.5,261.5,1328,966
2026-03-12,朝阳街道,翠湖小区,312.1,139.1,8.3,457.7,917.2,671.9,245.3,1328,963
2026-03-13,朝阳街道,翠湖小区,319.5,142.7,8.2,462.2,932.6,704.2,228.5,1328,1014
2026-03-14,朝阳街道,翠湖小区,399.6,163.4,8.8,559.5,1131.3,879.4,251.9,1328,1083
2026-03-15,朝阳街道,翠湖小区,409.8,191.3,10.8,598.1,1210.0,928.0,282.0,1328,1149
2026-03-16,朝阳街道,翠湖小区,319.8,128.7,7.4,447.6,903.5,717.0,186.5,1328,980
2026-03-17,朝阳街道,翠湖小区,347.5,139.9,7.7,533.0,1028.1,788.2,239.9,1328,1007
2026-03-18,朝阳街道,翠湖小区,296.5,125.4,8.9,425.3,856.1,649.4,206.7,1328,966
2026-03-19,朝阳街道,翠湖小区,331.7,129.8,6.8,452.4,920.7,693.9,226.7,1328,992
2026-03-20,朝阳街道,翠湖小区,307.3,149.0,7.2,439.6,903.1,688.4,214.7,1328,1008
2026-03-21,朝阳街道,翠湖小区,425.4,188.1,10.7,681.9,1306.1,975.0,331.2,1328,1113
2026-03-22,朝阳街道,翠湖小区,366.0,155.2,7.0,524.5,1052.8,771.4,281.4,1328,1032
2026-03-23,朝阳街道,翠湖小区,323.6,146.7,8.7,470.3,949.2,692.5,256.7,1328,1008
2026-03-24,朝阳街道,翠湖小区,350.2,130.1,7.4,437.4,925.1,689.0,236.2,1328,1079
2026-03-25,朝阳街道,翠湖小区,308.0,162.8,8.6,465.3,944.7,710.2,234.5,1328,990
2026-03-26,朝阳街道,翠湖小区,306.3,135.6,5.8,425.1,872.7,641.2,231.5,1328,955
2026-03-27,朝阳街道,翠湖小区,300.5,132.2,7.7,446.1,886.5,666.4,220.1,1328,986
2026-03-28,朝阳街道,翠湖小区,399.2,171.4,9.4,592.6,1172.6,908.0,264.6,1328,1104
2026-03-29,朝阳街道,翠湖小区,426.6,195.1,11.4,537.0,1170.1,884.2,285.9,1328,1093
2026-03-30,朝阳街道,翠湖小区,316.5,132.2,6.4,450.2,905.4,680.6,224.8,1328,995
2026-03-31,朝阳街道,翠湖小区,304.5,128.0,8.3,453.2,893.9,659.4,234.5,1328,998
2026-04-01,朝阳街道,翠湖小区,354.0,158.3,7.4,453.2,973.0,751.6,221.4,1328,1088
2026-04-02,朝阳街道,翠湖小区,289.8,134.5,7.6,410.9,842.8,666.3,176.5,1328,964
2026-04-03,朝阳街道,翠湖小区,320.1,131.5,9.7,486.7,948.0,717.2,230.8,1328,1050
2026-04-04,朝阳街道,翠湖小区,353.7,161.1,9.6,488.7,1013.1,772.9,240.2,1328,1005
2026-04-05,朝阳街道,翠湖小区,349.0,191.3,7.3,577.5,1125.2,869.3,255.9,1328,1094
2026-04-06,朝阳街道,翠湖小区,345.3,120.8,7.4,473.7,947.3,726.1,221.2,1328,1044
2026-04-07,朝阳街道,翠湖小区,342.2,149.9,7.9,410.9,910.9,691.0,219.9,1328,1020
2026-04-08,朝阳街道,翠湖小区,305.1,149.9,9.3,461.6,926.0,698.1,227.9,1328,1018
2026-04-09,朝阳街道,翠湖小区,340.4,127.3,5.6,460.4,933.8,660.1,273.7,1328,950
2026-04-10,朝阳街道,翠湖小区,340.0,151.8,8.8,490.3,990.9,755.4,235.5,1328,1045
2026-04-11,朝阳街道,翠湖小区,370.2,184.5,10.5,615.2,1180.4,962.1,218.3,1328,1106
2026-04-12,朝阳街道,翠湖小区,433.4,220.3,8.0,559.2,1220.9,935.7,285.2,1328,1114
2026-04-13,朝阳街道,翠湖小区,297.9,110.2,7.4,451.8,867.3,656.2,211.1,1328,982
2026-04-14,朝阳街道,翠湖小区,345.2,167.3,9.0,509.8,1031.3,776.8,254.5,1328,1078
2026-04-15,朝阳街道,翠湖小区,339.1,153.8,8.9,467.1,968.9,743.2,225.6,1328,1056
2026-04-16,朝阳街道,翠湖小区,343.2,157.8,10.5,525.2,1036.8,797.6,239.1,1328,1090
2026-04-17,朝阳街道,翠湖小区,299.0,106.2,9.0,411.9,826.2,629.8,196.4,1328,906
2026-04-18,朝阳街道,翠湖小区,346.0,169.7,8.2,518.5,1042.4,825.7,216.7,1328,1032
2026-04-19,朝阳街道,翠湖小区,455.8,206.3,10.7,666.2,1338.9,1038.5,300.5,1328,1178
2026-04-20,朝阳街道,翠湖小区,290.8,137.3,6.4,409.2,843.6,640.0,203.6,1328,919
2026-04-21,朝阳街道,翠湖小区,355.1,156.5,9.3,476.4,997.3,747.6,249.7,1328,1061
2026-04-22,朝阳街道,翠湖小区,267.7,135.2,8.0,461.6,872.5,668.0,204.5,1328,954
2026-04-23,朝阳街道,翠湖小区,320.7,144.8,9.1,557.4,1032.0,815.7,216.4,1328,1064
2026-04-24,朝阳街道,翠湖小区,327.0,136.5,9.4,440.6,913.5,720.5,193.0,1328,1046
2026-04-25,朝阳街道,翠湖小区,430.4,166.4,5.9,567.0,1169.7,900.4,269.3,1328,1063
2026-04-26,朝阳街道,翠湖小区,391.4,168.4,9.6,504.6,1074.0,817.8,256.1,1328,1069
2026-04-27,朝阳街道,翠湖小区,317.1,126.5,9.1,494.8,947.5,713.3,234.3,1328,1028
2026-04-28,朝阳街道,翠湖小区,308.1,113.2,7.7,393.8,822.8,626.4,196.4,1328,923
2026-04-29,朝阳街道,翠湖小区,311.4,130.8,8.6,431.1,882.0,653.7,228.3,1328,984
2026-04-30,朝阳街道,翠湖小区,310.6,132.2,6.3,463.4,912.5,711.5,201.0,1328,1012
2026-05-01,朝阳街道,翠湖小区,282.9,118.9,9.3,370.9,782.0,599.3,182.8,1328,913
2026-05-02,朝阳街道,翠湖小区,446.3,169.6,8.1,600.4,1224.4,929.0,295.4,1328,1118
2026-05-03,朝阳街道,翠湖小区,361.9,182.3,7.5,520.6,1072.2,796.5,275.8,1328,1000
2026-05-04,朝阳街道,翠湖小区,337.2,152.5,11.5,448.1,949.3,752.9,196.4,1328,1091
2026-05-05,朝阳街道,翠湖小区,311.3,132.8,6.7,410.2,861.1,681.3,179.8,1328,967
2026-05-06,朝阳街道,翠湖小区,332.4,147.4,9.1,444.5,933.4,725.9,207.5,1328,1047
2026-05-07,朝阳街道,翠湖小区,389.1,141.3,7.8,490.1,1028.2,808.2,220.0,1328,1040
2026-05-08,朝阳街道,翠湖小区,308.0,144.1,7.0,432.9,892.0,702.4,189.6,1328,986
2026-05-09,朝阳街道,翠湖小区,395.3,154.8,6.7,534.5,1091.3,858.1,233.2,1328,1114
2026-05-10,朝阳街道,翠湖小区,366.0,162.5,7.6,538.3,1074.4,817.7,256.7,1328,1068
2026-05-11,朝阳街道,翠湖小区,331.2,139.5,7.8,474.5,953.0,759.1,193.9,1328,1034
2026-05-12,朝阳街道,翠湖小区,311.4,115.5,8.0,457.4,892.4,698.9,193.5,1328,971
2026-05-13,朝阳街道,翠湖小区,327.8,153.9,8.6,483.1,973.3,747.2,226.2,1328,1080
2026-05-14,朝阳街道,翠湖小区,340.7,158.2,8.1,478.2,985.3,759.3,226.0,1328,1012
2026-05-15,朝阳街道,翠湖小区,317.3,158.6,11.6,463.7,951.1,722.9,228.2,1328,1038
2026-05-16,朝阳街道,翠湖小区,416.8,177.0,8.7,578.4,1181.0,880.1,300.9,1328,1052
2026-05-17,朝阳街道,翠湖小区,436.3,204.0,9.5,613.0,1262.9,1002.0,260.9,1328,1122
2026-05-18,朝阳街道,翠湖小区,348.8,140.2,8.9,446.1,944.0,724.2,219.8,1328,984
2026-05-19,朝阳街道,翠湖小区,351.6,147.5,6.2,447.8,953.1,726.4,226.7,1328,1008
2026-05-20,朝阳街道,翠湖小区,286.9,162.7,8.9,447.7,906.2,729.3,176.9,1328,999
2026-05-21,朝阳街道,翠湖小区,325.6,161.3,9.1,479.9,975.9,747.6,228.4,1328,1051
2026-05-22,朝阳街道,翠湖小区,341.1,130.8,6.3,467.4,945.5,733.0,212.4,1328,1001
2026-05-23,朝阳街道,翠湖小区,412.2,171.5,9.8,564.1,1157.6,921.5,236.1,1328,1093
2026-05-24,朝阳街道,翠湖小区,440.8,148.7,9.1,496.4,1095.1,849.7,245.4,1328,1061
2026-05-25,朝阳街道,翠湖小区,279.5,143.0,7.5,392.8,822.8,634.2,188.6,1328,990
2026-05-26,朝阳街道,翠湖小区,372.7,153.4,8.6,519.0,1053.7,830.1,223.6,1328,1065
2026-05-27,朝阳街道,翠湖小区,318.5,149.8,9.0,425.1,902.4,724.6,177.8,1328,1053
2026-05-28,朝阳街道,翠湖小区,365.1,173.0,9.0,491.9,1039.0,811.6,227.4,1328,1098
2026-05-29,朝阳街道,翠湖小区,294.5,151.1,9.6,413.4,868.5,677.1,191.5,1328,975
2026-05-30,朝阳街道,翠湖小区,401.9,178.7,9.9,556.5,1147.0,920.0,227.0,1328,1070
2026-05-31,朝阳街道,翠湖小区,414.9,163.6,12.0,578.1,1168.6,946.6,221.9,1328,1086
2026-06-01,朝阳街道,翠湖小区,289.4,146.8,7.9,381.1,825.3,657.0,168.2,1328,950
2026-06-02,朝阳街道,翠湖小区,345.5,137.9,8.2,479.1,970.7,778.5,192.2,1328,992
2026-06-03,朝阳街道,翠湖小区,308.0,145.7,6.4,396.6,856.7,657.2,199.5,1328,974
2026-06-04,朝阳街道,翠湖小区,309.4,119.5,7.2,445.3,881.4,703.4,177.9,1328,990
2026-06-05,朝阳街道,翠湖小区,347.4,130.3,7.1,485.1,969.9,776.0,193.9,1328,983
2026-06-06,朝阳街道,翠湖小区,385.7,189.8,10.5,521.3,1107.4,885.0,222.5,1328,1058
2026-06-07,朝阳街道,翠湖小区,376.0,173.7,8.7,600.7,1159.1,921.0,238.1,1328,1084
2026-06-08,朝阳街道,翠湖小区,316.2,147.8,7.3,466.6,938.0,755.1,182.9,1328,1001
2026-06-09,朝阳街道,翠湖小区,294.6,153.3,7.6,484.1,939.6,734.5,205.1,1328,975
2026-06-10,朝阳街道,翠湖小区,378.6,131.9,6.2,498.3,1014.9,785.6,229.3,1328,1025
2026-06-11,朝阳街道,翠湖小区,313.0,144.9,7.0,451.0,915.8,703.8,212.1,1328,1013
2026-06-12,朝阳街道,翠湖小区,298.9,132.6,6.3,427.3,865.1,684.6,180.4,1328,974
2026-06-13,朝阳街道,翠湖小区,385.2,171.0,7.7,573.9,1137.9,907.4,230.5,1328,1064
2026-06-14,朝阳街道,翠湖小区,402.4,167.7,9.0,603.7,1182.8,971.3,211.5,1328,1062
2026-06-15,朝阳街道,翠湖小区,310.1,145.7,7.3,450.5,913.6,724.0,189.6,1328,943
2026-06-16,朝阳街道,翠湖小区,308.2,116.2,7.4,464.2,896.0,690.7,205.3,1328,955
2026-06-17,朝阳街道,翠湖小区,289.7,134.1,7.3,471.3,902.4,675.8,226.6,1328,963
2026-06-18,朝阳街道,翠湖小区,333.8,149.4,7.3,489.9,980.3,784.7,195.6,1328,1034
2026-06-19,朝阳街道,翠湖小区,359.8,149.1,8.2,482.6,999.6,763.0,236.6,1328,1047
2026-06-20,朝阳街道,翠湖小区,399.1,175.1,9.7,562.6,1146.5,852.8,293.7,1328,1092
2026-06-21,朝阳街道,翠湖小区,397.2,174.7,8.8,592.1,1172.8,908.7,264.1,1328,1075
2026-06-22,朝阳街道,翠湖小区,353.0,124.4,8.4,443.6,929.4,709.9,219.6,1328,1021
2026-06-23,朝阳街道,翠湖小区,309.8,158.6,6.5,410.3,885.2,687.5,197.7,1328,978
2026-06-24,朝阳街道,翠湖小区,337.1,151.3,8.2,460.5,957.0,727.2,229.8,1328,1083
2026-06-25,朝阳街道,翠湖小区,386.8,145.4,9.8,476.0,1018.1,793.2,224.9,1328,1112
2026-06-26,朝阳街道,翠湖小区,361.6,160.4,7.9,469.6,999.5,750.9,248.5,1328,1054
2026-06-27,朝阳街道,翠湖小区,393.9,155.0,8.9,605.1,1163.0,940.6,222.3,1328,1096
2026-06-28,朝阳街道,翠湖小区,415.2,189.1,10.1,549.0,1163.3,900.1,263.2,1328,1106
2026-06-29,朝阳街道,翠湖小区,335.2,133.1,7.2,400.6,876.0,660.7,215.3,1328,993
2026-06-30,朝阳街道,翠湖小区,350.9,158.4,9.1,464.3,982.7,800.8,181.9,1328,1047
2026-07-01,朝阳街道,翠湖小区,375.9,146.8,7.5,464.1,994.4,786.5,207.8,1328,1003
2026-07-02,朝阳街道,翠湖小区,332.2,157.4,10.1,497.4,997.0,773.4,223.6,1328,1080
2026-07-03,朝阳街道,翠湖小区,325.6,136.5,7.6,502.1,971.8,773.2,198.6,1328,1021
2026-07-04,朝阳街道,翠湖小区,376.4,185.5,9.3,564.6,1135.9,913.2,222.6,1328,1055
2026-07-05,朝阳街道,翠湖小区,392.7,174.9,10.3,604.8,1182.6,947.6,235.0,1328,1109
2026-07-06,朝阳街道,翠湖小区,317.6,158.5,5.9,451.2,933.2,724.4,208.8,1328,986
2026-07-07,朝阳街道,翠湖小区,311.5,134.7,7.3,447.9,901.5,693.4,208.1,1328,995
2026-07-08,朝阳街道,翠湖小区,322.6,143.0,8.7,394.7,869.0,681.6,187.4,1328,962
2026-07-09,朝阳街道,翠湖小区,314.9,146.7,8.2,526.2,996.1,796.2,199.9,1328,1047
2026-07-10,朝阳街道,翠湖小区,354.6,124.1,8.8,455.0,942.6,781.0,161.6,1328,954
2026-07-11,朝阳街道,翠湖小区,404.4,186.1,9.2,614.9,1214.6,957.2,257.5,1328,1106
2026-07-12,朝阳街道,翠湖小区,424.5,182.1,9.6,537.1,1153.3,931.0,222.2,1328,1080
2026-07-13,朝阳街道,翠湖小区,307.7,148.8,9.2,444.9,910.7,705.9,204.8,1328,998
2026-07-14,朝阳街道,翠湖小区,349.1,140.9,10.9,482.0,982.9,805.6,177.2,1328,1075
2026-07-15,朝阳街道,翠湖小区,305.5,125.4,8.9,432.3,872.0,694.3,177.7,1328,1007
2026-07-16,朝阳街道,翠湖小区,289.9,142.5,9.8,441.4,883.6,750.2,133.4,1328,977
2026-07-17,朝阳街道,翠湖小区,291.0,121.7,5.7,429.2,847.5,681.6,165.9,1328,947
2026-07-18,朝阳街道,翠湖小区,368.4,155.8,8.8,545.0,1078.0,825.3,252.7,1328,1034
2026-07-19,朝阳街道,翠湖小区,440.2,179.8,9.4,596.1,1225.4,1007.3,218.1,1328,1117
2026-07-20,朝阳街道,翠湖小区,314.9,131.7,8.6,449.3,904.4,720.4,184.1,1328,1004
2026-07-21,朝阳街道,翠湖小区,295.8,150.5,8.0,424.7,879.1,687.4,191.6,1328,994
2026-07-22,朝阳街道,翠湖小区,293.5,151.6,7.4,438.2,890.7,720.1,170.6,1328,998
2026-07-23,朝阳街道,翠湖小区,341.5,135.6,9.3,465.9,952.3,756.8,195.5,1328,1066
2026-07-24,朝阳街道,翠湖小区,285.4,146.9,10.9,504.5,947.8,784.7,163.1,1328,1020
2026-07-25,朝阳街道,翠湖小区,406.6,159.0,8.7,501.5,1075.7,902.4,173.3,1328,1046
2026-07-26,朝阳街道,翠湖小区,411.7,181.9,8.8,505.9,1108.3,880.4,227.9,1328,1060
2026-07-27,朝阳街道,翠湖小区,334.1,152.5,9.3,426.2,922.0,726.9,195.2,1328,991
2026-07-28,朝阳街道,翠湖小区,331.1,128.8,6.8,471.8,938.4,698.8,239.7,1328,950
2026-07-29,朝阳街道,翠湖小区,321.0,141.4,8.5,505.7,976.7,797.6,179.0,1328,1021
2026-07-30,朝阳街道,翠湖小区,360.1,133.7,9.4,463.8,967.0,775.1,191.9,1328,1049
2026-07-31,朝阳街道,翠湖小区,281.5,136.6,7.6,425.4,851.1,637.2,213.9,1328,935
2026-08-01,朝阳街道,翠湖小区,382.8,171.9,7.5,540.2,1102.3,938.8,163.5,1328,1042
2026-08-02,朝阳街道,翠湖小区,405.9,217.6,9.1,632.4,1265.1,996.6,268.5,1328,1149
2026-08-03,朝阳街道,翠湖小区,316.7,144.9,8.6,440.0,910.2,731.5,178.8,1328,1025
2026-08-04,朝阳街道,翠湖小区,368.1,139.3,10.1,445.6,963.1,772.7,190.4,1328,1002
2026-08-05,朝阳街道,翠湖小区,303.4,138.7,9.9,444.2,896.2,725.2,171.0,1328,974
2026-08-06,朝阳街道,翠湖小区,371.2,146.6,12.0,459.8,989.6,820.8,168.8,1328,1052
2026-08-07,朝阳街道,翠湖小区,359.9,146.2,7.4,474.3,987.9,781.2,206.7,1328,978
2026-08-08,朝阳街道,翠湖小区,392.7,184.6,8.7,538.3,1124.3,932.0,192.3,1328,1171
2026-08-09,朝阳街道,翠湖小区,416.2,210.4,8.2,546.0,1180.8,986.7,194.1,1328,1082
2026-08-10,朝阳街道,翠湖小区,329.7,141.9,10.0,490.7,972.3,784.4,188.0,1328,1066
2026-08-11,朝阳街道,翠湖小区,342.5,141.4,7.0,435.6,926.5,711.3,215.2,1328,978
2026-08-12,朝阳街道,翠湖小区,311.5,138.2,8.8,472.4,930.9,749.2,181.7,1328,1056
2026-08-13,朝阳街道,翠湖小区,319.7,149.4,8.4,443.8,921.4,750.8,170.6,1328,978
2026-08-14,朝阳街道,翠湖小区,316.4,153.8,7.8,423.6,901.6,723.8,177.8,1328,993
2026-08-15,朝阳街道,翠湖小区,396.2,184.3,9.5,601.0,1191.0,961.9,229.0,1328,1101
2026-08-16,朝阳街道,翠湖小区,394.2,169.7,9.0,570.7,1143.5,963.1,180.5,1328,1133
2026-08-17,朝阳街道,翠湖小区,313.8,133.9,7.7,487.3,942.7,739.1,203.6,1328,1009
2026-08-18,朝阳街道,翠湖小区,363.7,153.9,9.0,514.1,1040.7,841.0,199.7,1328,1125
2026-08-19,朝阳街道,翠湖小区,337.3,166.3,9.2,454.2,966.9,785.5,181.4,1328,1109
2026-08-20,朝阳街道,翠湖小区,327.4,150.7,6.7,449.4,934.1,764.5,169.6,1328,1077
2026-08-21,朝阳街道,翠湖小区,301.8,143.7,7.5,441.0,894.0,736.1,157.9,1328,1008
2026-08-22,朝阳街道,翠湖小区,364.9,170.7,9.7,583.6,1128.9,936.8,192.1,1328,1047
2026-08-23,朝阳街道,翠湖小区,396.7,210.5,7.6,633.3,1248.2,1004.3,243.9,1328,1130
2026-08-24,朝阳街道,翠湖小区,367.0,142.9,8.2,522.1,1040.2,824.6,215.6,1328,1107
2026-08-25,朝阳街道,翠湖小区,328.6,152.3,8.4,426.4,915.6,754.0,161.6,1328,1024
2026-08-26,朝阳街道,翠湖小区,356.6,165.1,9.3,474.3,1005.3,794.1,211.2,1328,1036
2026-08-27,朝阳街道,翠湖小区,317.1,131.1,6.6,459.1,913.9,747.6,166.3,1328,1000
2026-08-28,朝阳街道,翠湖小区,348.5,150.5,9.2,473.1,981.2,792.7,188.5,1328,1054
2026-08-29,朝阳街道,翠湖小区,400.3,180.7,7.7,552.3,1141.1,940.2,200.8,1328,1064
2026-08-30,朝阳街道,翠湖小区,368.7,191.0,10.1,572.9,1142.7,920.3,222.5,1328,1072
2026-08-31,朝阳街道,翠湖小区,391.1,140.1,8.5,447.7,987.4,829.5,157.9,1328,1019
2026-09-01,朝阳街道,翠湖小区,338.8,172.0,8.8,487.5,1007.2,827.8,179.4,1328,1066
2026-09-02,朝阳街道,翠湖小区,333.3,140.0,7.5,554.7,1035.5,827.1,208.3,1328,1050
2026-09-03,朝阳街道,翠湖小区,299.2,135.9,8.5,453.6,897.2,727.1,170.1,1328,975
2026-09-04,朝阳街道,翠湖小区,328.9,131.4,7.3,428.9,896.5,741.8,154.8,1328,1007
2026-09-05,朝阳街道,翠湖小区,438.0,198.8,9.2,619.2,1265.2,1019.5,245.7,1328,1142
2026-09-06,朝阳街道,翠湖小区,421.8,192.0,9.6,553.1,1176.4,935.8,240.6,1328,1134
2026-09-07,朝阳街道,翠湖小区,332.7,148.7,6.5,426.4,914.3,720.7,193.6,1328,1005
2026-09-08,朝阳街道,翠湖小区,300.5,127.3,7.2,460.9,895.9,718.7,177.3,1328,1019
2026-09-09,朝阳街道,翠湖小区,350.5,129.7,8.0,491.9,980.1,778.1,202.0,1328,1028
2026-09-10,朝阳街道,翠湖小区,346.6,138.0,9.5,466.3,960.4,775.7,184.7,1328,1010
2026-09-11,朝阳街道,翠湖小区,343.2,159.8,7.8,474.6,985.3,797.1,188.2,1328,1052
2026-09-12,朝阳街道,翠湖小区,390.0,196.8,9.7,538.9,1135.4,937.9,197.5,1328,1127
2026-09-13,朝阳街道,翠湖小区,464.3,214.4,9.6,556.5,1244.8,1056.7,188.0,1328,1188
2026-09-14,朝阳街道,翠湖小区,322.1,135.7,8.3,487.0,953.1,745.3,207.8,1328,1043
2026-09-15,朝阳街道,翠湖小区,355.6,130.4,9.3,443.7,938.9,740.8,198.1,1328,1015
2026-09-16,朝阳街道,翠湖小区,360.3,162.2,7.2,518.1,1047.9,864.5,183.4,1328,1077
2026-09-17,朝阳街道,翠湖小区,339.0,151.8,8.8,446.2,945.7,756.4,189.3,1328,1043
2026-09-18,朝阳街道,翠湖小区,345.6,163.9,8.5,441.7,959.7,759.0,200.7,1328,1068
2026-09-19,朝阳街道,翠湖小区,407.6,165.9,11.1,532.7,1117.3,943.6,173.7,1328,1085
2026-01-01,朝阳街道,金桥公寓,291.6,139.9,9.9,425.2,866.5,667.8,198.7,1185,973
2026-01-02,朝阳街道,金桥公寓,278.4,119.1,6.2,418.7,822.3,644.6,177.8,1185,872
2026-01-03,朝阳街道,金桥公寓,367.7,141.1,6.9,560.3,1076.0,842.4,233.7,1185,1022
2026-01-04,朝阳街道,金桥公寓,359.6,185.3,9.0,501.0,1054.9,792.0,262.9,1185,1001
2026-01-05,朝阳街道,金桥公寓,320.6,118.4,8.9,414.1,862.0,689.8,172.2,1185,943
2026-01-06,朝阳街道,金桥公寓,313.0,129.5,8.4,418.0,868.8,658.8,210.1,1185,962
2026-01-07,朝阳街道,金桥公寓,314.0,133.1,8.1,458.1,913.4,719.6,193.7,1185,985
2026-01-08,朝阳街道,金桥公寓,340.3,179.8,8.7,464.7,993.4,808.5,184.9,1185,1003
2026-01-09,朝阳街道,金桥公寓,290.7,125.4,8.2,415.5,839.9,663.0,176.9,1185,933
2026-01-10,朝阳街道,金桥公寓,413.5,169.6,7.7,591.1,1181.9,935.2,246.8,1185,1067
2026-01-11,朝阳街道,金桥公寓,350.7,158.4,8.7,530.7,1048.5,841.6,206.9,1185,971
2026-01-12,朝阳街道,金桥公寓,318.0,131.3,7.6,446.0,903.0,706.0,197.0,1185,990
2026-01-13,朝阳街道,金桥公寓,281.8,126.8,6.9,399.9,815.5,632.9,182.6,1185,902
2026-01-14,朝阳街道,金桥公寓,270.2,126.8,8.4,463.6,868.9,682.5,186.4,1185,931
2026-01-15,朝阳街道,金桥公寓,289.4,131.0,7.5,426.2,854.2,675.5,178.7,1185,917
2026-01-16,朝阳街道,金桥公寓,319.0,145.4,6.9,428.4,899.7,684.0,215.7,1185,972
2026-01-17,朝阳街道,金桥公寓,358.7,149.3,8.3,518.9,1035.1,766.1,269.1,1185,1006
2026-01-18,朝阳街道,金桥公寓,360.6,173.4,6.8,537.1,1077.9,806.4,271.6,1185,1036
2026-01-19,朝阳街道,金桥公寓,316.0,134.4,6.2,403.6,860.2,663.8,196.4,1185,980
2026-01-20,朝阳街道,金桥公寓,299.0,142.6,7.4,411.5,860.5,659.4,201.2,1185,969
2026-01-21,朝阳街道,金桥公寓,318.8,159.0,7.1,437.7,922.5,711.9,210.6,1185,977
2026-01-22,朝阳街道,金桥公寓,300.6,119.7,7.2,408.4,835.9,655.7,180.2,1185,968
2026-01-23,朝阳街道,金桥公寓,282.8,138.0,8.2,401.1,830.2,619.0,211.2,1185,941
2026-01-24,朝阳街道,金桥公寓,343.7,159.9,8.7,477.0,989.3,775.6,213.6,1185,962
2026-01-25,朝阳街道,金桥公寓,332.9,166.1,10.0,519.7,1028.8,830.9,197.9,1185,975
2026-01-26,朝阳街道,金桥公寓,252.5,126.0,6.8,375.2,760.5,590.2,170.4,1185,891
2026-01-27,朝阳街道,金桥公寓,329.5,137.7,9.4,438.1,914.6,711.5,203.1,1185,973
2026-01-28,朝阳街道,金桥公寓,303.9,176.6,8.5,463.6,952.6,737.9,214.7,1185,1007
2026-01-29,朝阳街道,金桥公寓,347.7,127.6,10.2,456.8,942.2,740.7,201.5,1185,1036
2026-01-30,朝阳街道,金桥公寓,305.2,122.8,7.5,408.8,844.2,657.4,186.9,1185,924
2026-01-31,朝阳街道,金桥公寓,405.6,177.8,8.3,607.8,1199.5,987.6,211.9,1185,1099
2026-02-01,朝阳街道,金桥公寓,397.7,157.1,8.1,479.6,1042.5,828.4,214.2,1185,1019
2026-02-02,朝阳街道,金桥公寓,348.9,164.3,7.4,476.5,997.0,798.8,198.2,1185,1044
2026-02-03,朝阳街道,金桥公寓,324.1,136.5,6.3,402.1,869.0,670.4,198.6,1185,967
2026-02-04,朝阳街道,金桥公寓,359.6,155.0,6.0,486.6,1007.3,769.2,238.1,1185,993
2026-02-05,朝阳街道,金桥公寓,289.1,140.6,8.0,382.7,820.4,660.7,159.7,1185,920
2026-02-06,朝阳街道,金桥公寓,283.9,137.9,7.2,392.6,821.5,656.8,164.7,1185,899
2026-02-07,朝阳街道,金桥公寓,425.6,184.6,10.1,578.1,1198.3,978.4,219.9,1185,1069
2026-02-08,朝阳街道,金桥公寓,376.2,151.5,7.2,527.6,1062.6,855.7,206.9,1185,1037
2026-02-09,朝阳街道,金桥公寓,327.5,155.6,9.7,455.3,948.1,751.7,196.4,1185,1026
2026-02-10,朝阳街道,金桥公寓,334.6,142.3,6.5,438.9,922.3,737.1,185.2,1185,966
2026-02-11,朝阳街道,金桥公寓,318.5,141.7,6.6,449.6,916.5,749.8,166.7,1185,969
2026-02-12,朝阳街道,金桥公寓,325.3,137.3,7.3,440.5,910.4,695.0,215.4,1185,953
2026-02-13,朝阳街道,金桥公寓,324.5,128.8,7.8,430.6,891.8,702.2,189.6,1185,975
2026-02-14,朝阳街道,金桥公寓,405.1,166.4,6.6,472.8,1050.8,811.2,239.6,1185,1002
2026-02-15,朝阳街道,金桥公寓,396.7,194.8,9.2,580.3,1180.9,942.9,238.0,1185,1090
2026-02-16,朝阳街道,金桥公寓,316.1,151.2,7.1,458.4,932.9,713.2,219.8,1185,1008
2026-02-17,朝阳街道,金桥公寓,318.0,132.9,7.0,480.6,938.6,746.1,192.6,1185,970
2026-02-18,朝阳街道,金桥公寓,313.9,125.1,6.3,453.9,899.2,726.0,173.2,1185,948
2026-02-19,朝阳街道,金桥公寓,317.7,138.8,8.6,469.7,934.7,708.4,226.4,1185,1008
2026-02-20,朝阳街道,金桥公寓,322.5,126.7,7.8,489.4,946.4,732.2,214.3,1185,1001
2026-02-21,朝阳街道,金桥公寓,363.2,177.5,9.6,573.0,1123.3,933.1,190.2,1185,1060
2026-02-22,朝阳街道,金桥公寓,383.6,160.6,6.3,553.0,1103.5,898.9,204.6,1185,1047
2026-02-23,朝阳街道,金桥公寓,293.8,146.7,10.8,449.9,901.2,713.6,187.6,1185,995
2026-02-24,朝阳街道,金桥公寓,356.4,127.2,8.1,422.9,914.7,720.2,194.5,1185,986
2026-02-25,朝阳街道,金桥公寓,337.6,157.3,8.3,428.1,931.3,725.2,206.1,1185,973
2026-02-26,朝阳街道,金桥公寓,296.9,116.6,9.5,457.8,880.8,734.0,146.8,1185,960
2026-02-27,朝阳街道,金桥公寓,323.4,130.4,8.4,377.5,839.6,698.6,141.0,1185,926
2026-02-28,朝阳街道,金桥公寓,389.9,180.0,7.6,530.8,1108.3,916.5,191.8,1185,1062
2026-03-01,朝阳街道,金桥公寓,377.5,172.5,7.0,514.7,1071.7,861.5,210.1,1185,974
2026-03-02,朝阳街道,金桥公寓,306.0,129.5,9.3,445.1,890.0,708.0,182.0,1185,993
2026-03-03,朝阳街道,金桥公寓,297.3,151.7,8.6,461.6,919.1,769.0,150.1,1185,982
2026-03-04,朝阳街道,金桥公寓,304.2,132.3,6.3,424.3,867.2,712.5,154.6,1185,958
2026-03-05,朝阳街道,金桥公寓,291.9,122.3,10.2,442.6,867.0,714.7,152.3,1185,989
2026-03-06,朝阳街道,金桥公寓,284.4,152.3,7.3,474.3,918.3,724.2,194.1,1185,971
2026-03-07,朝阳街道,金桥公寓,407.7,188.1,9.7,586.1,1191.6,969.0,222.6,1185,1091
2026-03-08,朝阳街道,金桥公寓,426.0,154.5,8.3,534.5,1123.4,919.5,203.9,1185,1032
2026-03-09,朝阳街道,金桥公寓,315.0,133.4,6.1,434.9,889.5,718.3,171.2,1185,966
2026-03-10,朝阳街道,金桥公寓,296.5,133.8,8.0,427.9,866.1,675.9,190.2,1185,919
2026-03-11,朝阳街道,金桥公寓,335.7,120.0,8.2,402.5,866.4,663.2,203.2,1185,932
2026-03-12,朝阳街道,金桥公寓,317.1,135.6,7.2,404.8,864.6,693.1,171.5,1185,958
2026-03-13,朝阳街道,金桥公寓,308.0,162.0,9.2,440.7,919.9,740.6,179.3,1185,938
2026-03-14,朝阳街道,金桥公寓,330.1,173.2,6.9,481.8,992.0,804.3,187.8,1185,971
2026-03-15,朝阳街道,金桥公寓,342.6,160.7,7.0,496.0,1006.2,814.3,191.9,1185,1002
2026-03-16,朝阳街道,金桥公寓,315.3,137.9,8.7,445.7,907.6,713.6,194.1,1185,999
2026-03-17,朝阳街道,金桥公寓,332.4,138.1,8.1,428.5,907.1,721.4,185.7,1185,998
2026-03-18,朝阳街道,金桥公寓,331.3,146.4,8.4,454.9,940.9,738.4,202.5,1185,1008
2026-03-19,朝阳街道,金桥公寓,342.7,140.8,10.0,462.6,956.1,777.1,179.0,1185,1014
2026-03-20,朝阳街道,金桥公寓,321.9,130.8,8.8,529.0,990.4,803.9,186.6,1185,991
2026-03-21,朝阳街道,金桥公寓,373.7,161.5,10.5,518.4,1064.1,857.1,207.0,1185,1043
2026-03-22,朝阳街道,金桥公寓,346.0,138.2,8.7,602.4,1095.2,880.3,215.0,1185,984
2026-03-23,朝阳街道,金桥公寓,311.4,121.8,9.0,407.9,850.1,674.7,175.4,1185,922
2026-03-24,朝阳街道,金桥公寓,326.5,134.0,7.2,433.5,901.3,711.1,190.3,1185,975
2026-03-25,朝阳街道,金桥公寓,286.0,134.4,8.9,456.0,885.4,688.2,197.1,1185,995
2026-03-26,朝阳街道,金桥公寓,336.1,147.6,8.4,465.8,957.8,776.6,181.1,1185,979
2026-03-27,朝阳街道,金桥公寓,284.9,139.7,8.4,463.6,896.6,729.6,167.0,1185,965
2026-03-28,朝阳街道,金桥公寓,381.3,161.4,6.1,533.5,1082.3,860.8,221.4,1185,1008
2026-03-29,朝阳街道,金桥公寓,401.5,187.4,6.7,510.4,1106.0,861.5,244.5,1185,1006
2026-03-30,朝阳街道,金桥公寓,324.3,140.7,10.5,459.4,934.9,748.9,186.0,1185,1044
2026-03-31,朝阳街道,金桥公寓,293.9,113.8,6.3,439.2,853.2,693.9,159.3,1185,928
2026-04-01,朝阳街道,金桥公寓,298.3,134.1,8.2,465.4,906.0,734.9,171.1,1185,975
2026-04-02,朝阳街道,金桥公寓,309.2,132.9,8.1,437.6,887.9,679.0,208.9,1185,957
2026-04-03,朝阳街道,金桥公寓,305.2,148.6,6.9,434.0,894.7,721.6,173.1,1185,968
2026-04-04,朝阳街道,金桥公寓,397.9,191.4,10.6,567.6,1167.5,965.9,201.6,1185,1101
2026-04-05,朝阳街道,金桥公寓,374.7,178.2,8.6,542.7,1104.2,905.7,198.5,1185,1034
2026-04-06,朝阳街道,金桥公寓,346.4,131.4,6.8,466.8,951.4,753.3,198.1,1185,952
2026-04-07,朝阳街道,金桥公寓,319.6,137.4,7.9,417.1,881.9,720.6,161.3,1185,1007
2026-04-08,朝阳街道,金桥公寓,356.5,140.5,5.6,446.1,948.8,768.9,179.9,1185,997
2026-04-09,朝阳街道,金桥公寓,310.0,149.3,7.3,421.9,888.5,765.3,123.2,1185,1017
2026-04-10,朝阳街道,金桥公寓,283.1,126.4,7.9,434.7,852.2,686.7,165.5,1185,990
2026-04-11,朝阳街道,金桥公寓,385.3,146.9,10.3,468.3,1010.7,840.0,170.7,1185,1003
2026-04-12,朝阳街道,金桥公寓,431.4,175.2,9.2,549.6,1165.5,937.5,228.0,1185,1061
2026-04-13,朝阳街道,金桥公寓,288.3,122.5,8.2,407.6,826.7,656.0,170.7,1185,969
2026-04-14,朝阳街道,金桥公寓,306.2,126.6,9.3,431.3,873.3,714.2,159.1,1185,940
2026-04-15,朝阳街道,金桥公寓,308.2,124.3,7.2,425.3,865.0,721.6,143.4,1185,960
2026-04-16,朝阳街道,金桥公寓,277.2,109.5,6.4,440.6,833.8,666.1,167.6,1185,943
2026-04-17,朝阳街道,金桥公寓,334.2,124.8,7.9,438.7,905.6,709.3,196.3,1185,938
2026-04-18,朝阳街道,金桥公寓,360.0,140.3,11.5,466.5,978.3,817.8,160.5,1185,992
2026-04-19,朝阳街道,金桥公寓,339.4,181.0,11.6,507.5,1039.5,837.0,202.5,1185,1009
2026-04-20,朝阳街道,金桥公寓,286.0,123.8,6.6,413.6,830.0,654.3,175.8,1185,907
2026-04-21,朝阳街道,金桥公寓,313.4,127.9,8.8,449.4,899.6,736.9,162.7,1185,998
2026-04-22,朝阳街道,金桥公寓,298.2,126.7,7.2,428.7,860.9,712.8,148.1,1185,1015
2026-04-23,朝阳街道,金桥公寓,341.5,144.4,8.2,483.1,977.2,806.8,170.4,1185,999
2026-04-24,朝阳街道,金桥公寓,345.9,139.7,7.6,423.2,916.4,751.9,164.5,1185,989
2026-04-25,朝阳街道,金桥公寓,399.9,194.8,6.5,562.2,1163.4,973.4,190.0,1185,1090
2026-04-26,朝阳街道,金桥公寓,433.1,163.4,7.7,528.7,1132.8,932.6,200.2,1185,1020
2026-04-27,朝阳街道,金桥公寓,325.9,127.8,6.8,467.3,927.8,719.9,207.8,1185,960
2026-04-28,朝阳街道,金桥公寓,312.9,138.0,7.1,426.0,884.1,739.3,144.9,1185,1005
2026-04-29,朝阳街道,金桥公寓,290.2,119.2,8.0,440.4,857.8,680.4,177.4,1185,965
2026-04-30,朝阳街道,金桥公寓,313.7,138.2,7.4,453.1,912.5,768.9,143.6,1185,963
2026-05-01,朝阳街道,金桥公寓,316.4,136.6,6.5,430.5,890.0,745.6,144.4,1185,1004
2026-05-02,朝阳街道,金桥公寓,382.4,179.3,7.1,532.7,1101.4,908.2,193.2,1185,1012
2026-05-03,朝阳街道,金桥公寓,367.5,175.9,7.5,572.4,1123.4,918.0,205.4,1185,1041
2026-05-04,朝阳街道,金桥公寓,287.6,138.4,8.9,443.3,878.2,719.5,158.6,1185,969
2026-05-05,朝阳街道,金桥公寓,327.7,142.4,9.0,446.3,925.3,799.5,125.8,1185,1043
2026-05-06,朝阳街道,金桥公寓,326.6,148.6,10.4,456.9,942.6,796.3,146.3,1185,1005
2026-05-07,朝阳街道,金桥公寓,354.7,142.7,8.4,476.3,982.1,807.0,175.1,1185,1046
2026-05-08,朝阳街道,金桥公寓,275.4,123.1,6.5,408.7,813.7,675.6,138.1,1185,944
2026-05-09,朝阳街道,金桥公寓,389.5,152.7,7.8,560.7,1110.7,941.0,169.7,1185,1046
2026-05-10,朝阳街道,金桥公寓,381.2,197.0,8.2,509.3,1095.7,927.5,168.2,1185,1026
2026-05-11,朝阳街道,金桥公寓,315.8,139.1,6.4,423.0,884.4,725.8,158.6,1185,996
2026-05-12,朝阳街道,金桥公寓,305.3,136.2,8.0,468.5,918.0,753.8,164.2,1185,987
2026-05-13,朝阳街道,金桥公寓,311.9,147.6,8.5,477.3,945.4,777.1,168.3,1185,1007
2026-05-14,朝阳街道,金桥公寓,322.3,144.6,9.5,438.4,914.7,765.3,149.4,1185,1013
2026-05-15,朝阳街道,金桥公寓,327.7,130.9,7.9,447.0,913.6,742.3,171.3,1185,999
2026-05-16,朝阳街道,金桥公寓,380.6,165.9,10.3,502.3,1059.1,843.0,216.2,1185,1044
2026-05-17,朝阳街道,金桥公寓,342.9,149.6,7.1,530.4,1030.0,845.5,184.4,1185,959
2026-05-18,朝阳街道,金桥公寓,311.4,151.2,7.9,426.3,896.9,752.7,144.1,1185,995
2026-05-19,朝阳街道,金桥公寓,327.1,164.1,7.9,419.9,919.0,728.7,190.3,1185,977
2026-05-20,朝阳街道,金桥公寓,291.3,148.1,9.2,467.5,916.0,735.0,180.9,1185,1012
2026-05-21,朝阳街道,金桥公寓,327.5,133.3,10.7,446.3,917.8,752.4,165.4,1185,1013
2026-05-22,朝阳街道,金桥公寓,313.0,142.7,7.3,421.6,884.5,741.0,143.5,1185,906
2026-05-23,朝阳街道,金桥公寓,391.3,155.3,7.5,569.8,1123.9,950.6,173.3,1185,1029
2026-05-24,朝阳街道,金桥公寓,361.7,157.0,9.2,500.5,1028.4,877.5,150.8,1185,1027
2026-05-25,朝阳街道,金桥公寓,324.4,154.7,7.8,452.7,939.5,780.0,159.5,1185,1019
2026-05-26,朝阳街道,金桥公寓,314.5,148.1,8.1,434.7,905.5,730.0,175.5,1185,1029
2026-05-27,朝阳街道,金桥公寓,337.5,134.6,8.7,464.8,945.6,768.6,177.0,1185,1042
2026-05-28,朝阳街道,金桥公寓,313.7,157.3,6.1,453.9,931.0,824.9,106.2,1185,1003
2026-05-29,朝阳街道,金桥公寓,284.9,134.0,9.8,454.7,883.5,759.5,124.0,1185,988
2026-05-30,朝阳街道,金桥公寓,365.5,170.2,10.0,566.1,1111.8,912.4,199.4,1185,1027
2026-05-31,朝阳街道,金桥公寓,341.2,168.7,6.6,512.6,1029.0,868.5,160.5,1185,1004
2026-06-01,朝阳街道,金桥公寓,288.3,133.1,8.3,459.5,889.1,747.8,141.3,1185,958
2026-06-02,朝阳街道,金桥公寓,306.3,128.6,7.4,461.7,904.0,765.2,138.8,1185,1001
2026-06-03,朝阳街道,金桥公寓,282.1,142.4,7.5,381.9,813.9,685.0,128.9,1185,924
2026-06-04,朝阳街道,金桥公寓,326.5,144.1,7.5,429.5,907.6,796.9,110.8,1185,997
2026-06-05,朝阳街道,金桥公寓,347.6,151.6,7.1,502.4,1008.7,881.3,127.4,1185,1034
2026-06-06,朝阳街道,金桥公寓,356.2,146.0,9.0,526.5,1037.7,863.8,173.9,1185,1068
2026-06-07,朝阳街道,金桥公寓,450.1,193.8,8.3,557.6,1209.8,982.1,227.8,1185,1077
2026-06-08,朝阳街道,金桥公寓,325.4,145.7,8.7,482.9,962.7,819.7,142.9,1185,1038
2026-06-09,朝阳街道,金桥公寓,345.5,153.3,8.5,495.9,1003.3,835.9,167.4,1185,994
2026-06-10,朝阳街道,金桥公寓,349.1,192.1,7.1,455.9,1004.2,832.1,172.1,1185,1056
2026-06-11,朝阳街道,金桥公寓,364.0,134.3,9.3,488.3,995.9,839.6,156.3,1185,1012
2026-06-12,朝阳街道,金桥公寓,335.7,148.9,8.4,439.2,932.2,790.7,141.5,1185,964
2026-06-13,朝阳街道,金桥公寓,403.5,170.3,7.4,512.7,1093.8,931.5,162.3,1185,1055
2026-06-14,朝阳街道,金桥公寓,391.3,174.4,9.2,530.8,1105.7,922.2,183.5,1185,1065
2026-06-15,朝阳街道,金桥公寓,308.4,143.9,6.0,424.4,882.7,760.8,121.9,1185,989
2026-06-16,朝阳街道,金桥公寓,320.3,147.9,7.1,428.6,903.9,771.2,132.7,1185,936
2026-06-17,朝阳街道,金桥公寓,331.0,130.3,7.3,421.2,889.8,761.4,128.4,1185,982
2026-06-18,朝阳街道,金桥公寓,328.8,131.4,7.1,478.8,946.0,796.3,149.7,1185,1039
2026-06-19,朝阳街道,金桥公寓,316.4,150.6,7.8,445.2,920.0,799.3,120.8,1185,1012
2026-06-20,朝阳街道,金桥公寓,350.1,190.1,8.3,559.4,1108.0,920.0,188.0,1185,1108
2026-06-21,朝阳街道,金桥公寓,364.6,164.4,8.8,520.1,1057.9,928.8,129.0,1185,1032
2026-06-22,朝阳街道,金桥公寓,334.2,136.2,8.3,428.4,907.0,732.2,174.9,1185,967
2026-06-23,朝阳街道,金桥公寓,334.8,143.0,10.0,455.9,943.6,777.2,166.4,1185,1058
2026-06-24,朝阳街道,金桥公寓,319.7,142.8,10.9,458.7,932.1,768.9,163.3,1185,999
2026-06-25,朝阳街道,金桥公寓,323.9,141.9,8.4,453.7,927.9,735.6,192.3,1185,1010
2026-06-26,朝阳街道,金桥公寓,316.0,132.4,12.8,439.7,900.9,751.9,149.0,1185,1020
2026-06-27,朝阳街道,金桥公寓,372.1,150.0,7.5,553.2,1082.8,919.7,163.1,1185,1004
2026-06-28,朝阳街道,金桥公寓,356.7,201.0,7.2,611.4,1176.4,1007.1,169.3,1185,1078
2026-06-29,朝阳街道,金桥公寓,309.8,144.4,7.6,459.3,921.1,786.6,134.5,1185,1019
2026-06-30,朝阳街道,金桥公寓,317.0,128.8,6.9,402.9,855.6,711.0,144.5,1185,926
2026-07-01,朝阳街道,金桥公寓,271.7,140.6,8.4,432.2,852.9,728.1,124.7,1185,972
2026-07-02,朝阳街道,金桥公寓,295.1,129.9,7.2,476.7,908.9,751.3,157.5,1185,1007
2026-07-03,朝阳街道,金桥公寓,355.5,142.3,8.3,434.8,940.9,791.1,149.8,1185,988
2026-07-04,朝阳街道,金桥公寓,384.6,164.5,7.7,506.1,1062.9,901.9,160.9,1185,986
2026-07-05,朝阳街道,金桥公寓,358.0,148.2,10.5,549.8,1066.5,930.6,135.9,1185,1008
2026-07-06,朝阳街道,金桥公寓,301.6,128.1,6.2,480.4,916.3,740.1,176.2,1185,950
2026-07-07,朝阳街道,金桥公寓,313.4,151.4,7.7,451.7,924.3,788.4,135.9,1185,1021
2026-07-08,朝阳街道,金桥公寓,333.2,134.4,9.2,399.1,875.8,751.7,124.1,1185,946
2026-07-09,朝阳街道,金桥公寓,312.8,135.5,7.2,407.8,863.3,717.2,146.2,1185,963
2026-07-10,朝阳街道,金桥公寓,311.8,132.8,10.1,448.7,903.4,744.9,158.5,1185,1002
2026-07-11,朝阳街道,金桥公寓,389.9,167.3,6.5,588.6,1152.3,1016.5,135.8,1185,1044
2026-07-12,朝阳街道,金桥公寓,383.4,173.2,7.7,607.5,1171.8,1004.1,167.7,1185,1090
2026-07-13,朝阳街道,金桥公寓,353.1,156.2,9.1,420.2,938.6,800.6,138.0,1185,1017
2026-07-14,朝阳街道,金桥公寓,323.6,137.4,6.3,430.7,897.9,749.6,148.3,1185,968
2026-07-15,朝阳街道,金桥公寓,290.3,146.3,8.5,505.6,950.7,780.0,170.7,1185,1002
2026-07-16,朝阳街道,金桥公寓,332.4,123.8,6.8,454.0,917.1,791.1,126.0,1185,989
2026-07-17,朝阳街道,金桥公寓,301.9,141.6,6.8,463.0,913.3,738.4,174.9,1185,1003
2026-07-18,朝阳街道,金桥公寓,409.7,168.5,8.6,531.3,1118.2,961.3,156.9,1185,1113
2026-07-19,朝阳街道,金桥公寓,462.6,166.1,8.3,541.9,1178.9,1021.7,157.2,1185,1084
2026-07-20,朝阳街道,金桥公寓,324.7,155.5,7.4,486.0,973.6,828.7,144.9,1185,1018
2026-07-21,朝阳街道,金桥公寓,315.3,170.7,7.1,459.9,953.0,816.7,136.3,1185,1004
2026-07-22,朝阳街道,金桥公寓,360.4,141.6,9.2,488.1,999.4,833.3,166.1,1185,1068
2026-07-23,朝阳街道,金桥公寓,337.7,146.9,8.2,476.1,968.9,811.9,156.9,1185,1031
2026-07-24,朝阳街道,金桥公寓,309.8,161.3,6.9,464.5,942.4,802.4,140.0,1185,1006
2026-07-25,朝阳街道,金桥公寓,392.5,170.9,7.8,594.1,1165.3,994.7,170.7,1185,1126
2026-07-26,朝阳街道,金桥公寓,338.3,171.7,7.8,495.1,1012.8,845.3,167.5,1185,1046
2026-07-27,朝阳街道,金桥公寓,321.6,126.8,9.7,450.9,909.1,788.0,121.0,1185,958
2026-07-28,朝阳街道,金桥公寓,322.2,133.1,7.6,471.6,934.5,774.9,159.6,1185,971
2026-07-29,朝阳街道,金桥公寓,341.2,150.4,7.9,445.4,944.9,787.9,157.0,1185,1007
2026-07-30,朝阳街道,金桥公寓,315.1,133.8,7.8,462.7,919.3,750.2,169.1,1185,966
2026-07-31,朝阳街道,金桥公寓,322.3,131.8,9.9,473.3,937.3,774.2,163.1,1185,996
2026-08-01,朝阳街道,金桥公寓,381.1,182.3,9.6,555.0,1128.0,988.5,139.5,1185,1133
2026-08-02,朝阳街道,金桥公寓,395.1,180.5,8.6,476.9,1061.1,930.0,131.0,1185,1030
2026-08-03,朝阳街道,金桥公寓,330.0,116.2,9.9,467.3,923.5,777.3,146.2,1185,1030
2026-08-04,朝阳街道,金桥公寓,321.1,138.5,8.8,523.3,991.6,837.3,154.4,1185,1045
2026-08-05,朝阳街道,金桥公寓,336.6,152.6,6.8,478.5,974.4,865.6,108.8,1185,1023
2026-08-06,朝阳街道,金桥公寓,322.3,148.8,8.3,382.1,861.5,728.7,132.8,1185,1021
2026-08-07,朝阳街道,金桥公寓,339.5,143.4,10.6,473.6,967.2,834.0,133.2,1185,1033
2026-08-08,朝阳街道,金桥公寓,416.0,165.7,6.1,556.2,1144.0,1005.6,138.5,1185,1106
2026-08-09,朝阳街道,金桥公寓,408.1,172.2,10.3,537.4,1128.0,998.0,130.0,1185,1057
2026-08-10,朝阳街道,金桥公寓,360.0,125.6,7.7,486.8,980.0,850.1,129.8,1185,1028
2026-08-11,朝阳街道,金桥公寓,320.1,151.4,9.3,448.3,929.1,824.0,105.1,1185,1018
2026-08-12,朝阳街道,金桥公寓,377.1,156.3,8.5,471.9,1013.7,876.9,136.8,1185,1052
2026-08-13,朝阳街道,金桥公寓,325.6,129.4,9.8,422.8,887.6,771.4,116.2,1185,1006
2026-08-14,朝阳街道,金桥公寓,365.3,137.1,7.3,441.0,950.8,809.4,141.4,1185,1013
2026-08-15,朝阳街道,金桥公寓,335.8,194.1,8.5,469.3,1007.6,907.8,99.8,1185,969
2026-08-16,朝阳街道,金桥公寓,414.7,199.8,9.1,536.6,1160.1,1009.7,150.4,1185,1071
2026-08-17,朝阳街道,金桥公寓,296.3,119.8,6.2,420.0,842.3,735.5,106.8,1185,985
2026-08-18,朝阳街道,金桥公寓,304.0,111.2,7.0,446.6,868.8,728.0,140.8,1185,1021
2026-08-19,朝阳街道,金桥公寓,328.2,159.8,8.5,477.6,974.1,826.2,147.9,1185,1064
2026-08-20,朝阳街道,金桥公寓,308.1,143.1,7.8,428.6,887.5,749.1,138.4,1185,1008
2026-08-21,朝阳街道,金桥公寓,319.3,145.2,8.1,437.9,910.4,798.4,112.0,1185,1025
2026-08-22,朝阳街道,金桥公寓,364.1,148.0,7.9,560.6,1080.6,942.7,137.9,1185,1047
2026-08-23,朝阳街道,金桥公寓,449.8,207.1,10.4,670.3,1337.7,1148.5,189.2,1185,1159
2026-08-24,朝阳街道,金桥公寓,286.3,134.5,7.5,420.4,848.8,717.2,131.6,1185,919
2026-08-25,朝阳街道,金桥公寓,343.4,132.8,6.9,507.2,990.4,874.4,116.0,1185,1023
2026-08-26,朝阳街道,金桥公寓,304.6,131.3,7.1,411.7,854.7,735.8,118.9,1185,988
2026-08-27,朝阳街道,金桥公寓,309.7,153.4,8.4,458.6,930.1,774.0,156.2,1185,1003
2026-08-28,朝阳街道,金桥公寓,329.0,149.1,7.9,483.0,969.0,819.5,149.5,1185,1006
2026-08-29,朝阳街道,金桥公寓,392.0,152.8,9.1,592.9,1146.9,999.2,147.7,1185,1097
2026-08-30,朝阳街道,金桥公寓,390.7,163.6,9.4,575.5,1139.2,1004.1,135.1,1185,1084
2026-08-31,朝阳街道,金桥公寓,318.4,140.2,10.7,497.3,966.6,820.6,146.0,1185,1049
2026-09-01,朝阳街道,金桥公寓,331.4,115.3,7.2,460.3,914.2,790.2,124.0,1185,1026
2026-09-02,朝阳街道,金桥公寓,350.7,139.7,7.0,469.9,967.2,836.1,131.1,1185,1024
2026-09-03,朝阳街道,金桥公寓,317.6,169.2,5.8,444.0,936.6,810.1,126.5,1185,1010
2026-09-04,朝阳街道,金桥公寓,333.7,147.6,7.8,437.4,926.6,806.9,119.7,1185,988
2026-09-05,朝阳街道,金桥公寓,392.3,169.9,8.9,579.9,1150.9,1013.8,137.1,1185,1071
2026-09-06,朝阳街道,金桥公寓,343.9,179.1,8.6,553.7,1085.4,934.2,151.2,1185,1038
2026-09-07,朝阳街道,金桥公寓,332.9,153.1,9.8,457.6,953.4,805.8,147.7,1185,1079
2026-09-08,朝阳街道,金桥公寓,388.2,146.6,10.4,494.4,1039.6,895.1,144.5,1185,1022
2026-09-09,朝阳街道,金桥公寓,334.2,121.7,10.0,446.3,912.2,800.4,111.8,1185,980
2026-09-10,朝阳街道,金桥公寓,334.1,137.9,8.9,429.3,910.3,749.3,161.0,1185,1004
2026-09-11,朝阳街道,金桥公寓,324.8,137.9,9.7,433.2,905.6,767.4,138.3,1185,1013
2026-09-12,朝阳街道,金桥公寓,361.0,156.0,8.6,627.7,1153.4,1024.7,128.6,1185,1077
2026-09-13,朝阳街道,金桥公寓,309.6,173.1,8.0,561.9,1052.7,940.3,112.3,1185,1014
2026-09-14,朝阳街道,金桥公寓,346.1,138.9,7.7,463.3,956.0,817.3,138.6,1185,1028
2026-09-15,朝阳街道,金桥公寓,344.3,136.9,6.7,514.3,1002.2,882.6,119.6,1185,1015
2026-09-16,朝阳街道,金桥公寓,317.1,140.1,7.5,447.3,912.0,784.3,127.7,1185,995
2026-09-17,朝阳街道,金桥公寓,283.9,166.3,8.0,476.2,934.4,813.1,121.3,1185,1022
2026-09-18,朝阳街道,金桥公寓,307.0,157.3,7.3,470.5,942.1,797.1,145.0,1185,999
2026-09-19,朝阳街道,金桥公寓,384.0,188.9,6.4,506.4,1085.8,945.9,139.9,1185,1059
2026-01-01,朝阳街道,文华苑,149.7,60.4,3.5,195.8,409.4,293.1,116.2,926,491
2026-01-02,朝阳街道,文华苑,182.0,78.9,3.8,227.8,492.4,360.8,131.6,926,555
2026-01-03,朝阳街道,文华苑,219.8,98.1,5.0,280.7,603.6,448.3,155.4,926,567
2026-01-04,朝阳街道,文华苑,203.2,105.9,3.4,285.2,597.8,456.5,141.3,926,559
2026-01-05,朝阳街道,文华苑,148.1,64.5,3.7,196.7,413.0,319.3,93.8,926,481
2026-01-06,朝阳街道,文华苑,178.2,70.5,4.4,230.2,483.3,368.2,115.1,926,540
2026-01-07,朝阳街道,文华苑,187.0,74.0,4.8,241.1,506.8,377.7,129.2,926,581
2026-01-08,朝阳街道,文华苑,153.6,74.4,4.3,228.9,461.2,336.5,124.7,926,493
2026-01-09,朝阳街道,文华苑,164.6,67.4,3.9,233.8,469.6,343.5,126.2,926,506
2026-01-10,朝阳街道,文华苑,232.4,91.2,5.5,307.2,636.2,481.5,154.7,926,574
2026-01-11,朝阳街道,文华苑,188.0,80.7,4.2,288.3,561.3,413.5,147.8,926,537
2026-01-12,朝阳街道,文华苑,165.1,62.8,4.3,238.9,471.1,364.5,106.6,926,530
2026-01-13,朝阳街道,文华苑,199.9,86.5,4.0,253.1,543.5,410.0,133.5,926,580
2026-01-14,朝阳街道,文华苑,164.9,72.0,3.4,241.8,482.1,361.3,120.8,926,500
2026-01-15,朝阳街道,文华苑,150.9,67.7,4.4,208.6,431.6,325.0,106.6,926,473
2026-01-16,朝阳街道,文华苑,155.8,65.9,5.0,254.8,481.5,368.9,112.7,926,527
2026-01-17,朝阳街道,文华苑,238.8,103.6,4.2,349.7,696.2,535.4,160.9,926,609
2026-01-18,朝阳街道,文华苑,196.9,91.5,3.5,300.6,592.5,457.9,134.6,926,557
2026-01-19,朝阳街道,文华苑,165.0,72.9,3.8,237.1,478.8,351.4,127.4,926,532
2026-01-20,朝阳街道,文华苑,183.1,78.2,5.1,269.7,536.1,420.9,115.2,926,560
2026-01-21,朝阳街道,文华苑,148.9,79.5,5.7,234.7,468.7,345.1,123.6,926,519
2026-01-22,朝阳街道,文华苑,163.1,71.4,4.7,245.8,485.1,345.8,139.3,926,538
2026-01-23,朝阳街道,文华苑,162.2,68.2,3.4,221.9,455.6,338.2,117.4,926,503
2026-01-24,朝阳街道,文华苑,190.3,98.1,3.0,283.7,575.1,442.4,132.7,926,563
2026-01-25,朝阳街道,文华苑,217.7,100.8,4.1,306.6,629.2,473.2,156.1,926,572
2026-01-26,朝阳街道,文华苑,170.0,59.1,4.0,218.3,451.5,340.8,110.8,926,474
2026-01-27,朝阳街道,文华苑,170.8,62.8,4.0,221.0,458.6,346.8,111.9,926,508
2026-01-28,朝阳街道,文华苑,182.0,72.6,4.8,240.6,499.9,369.4,130.5,926,533
2026-01-29,朝阳街道,文华苑,161.6,68.1,4.4,234.6,468.6,344.4,124.1,926,514
2026-01-30,朝阳街道,文华苑,156.3,62.4,4.0,224.5,447.1,323.1,124.1,926,476
2026-01-31,朝阳街道,文华苑,215.2,87.6,4.0,258.8,565.7,418.7,146.9,926,529
2026-02-01,朝阳街道,文华苑,208.0,81.1,5.1,270.8,564.9,430.3,134.6,926,536
2026-02-02,朝阳街道,文华苑,139.7,70.9,4.0,241.6,456.2,337.6,118.6,926,511
2026-02-03,朝阳街道,文华苑,186.6,85.9,4.4,265.4,542.3,393.1,149.2,926,555
2026-02-04,朝阳街道,文华苑,165.9,66.6,3.7,244.4,480.6,352.0,128.6,926,543
2026-02-05,朝阳街道,文华苑,153.3,63.1,5.2,253.7,475.3,353.7,121.7,926,534
2026-02-06,朝阳街道,文华苑,177.9,75.7,4.3,251.3,509.2,376.8,132.4,926,523
2026-02-07,朝阳街道,文华苑,209.5,89.8,4.3,296.3,599.9,454.6,145.3,926,570
2026-02-08,朝阳街道,文华苑,208.5,80.4,4.2,274.5,567.6,437.9,129.7,926,540
2026-02-09,朝阳街道,文华苑,156.6,61.5,4.5,202.9,425.5,325.7,99.9,926,464
2026-02-10,朝阳街道,文华苑,181.3,89.0,4.6,265.7,540.7,409.8,130.9,926,576
2026-02-11,朝阳街道,文华苑,168.0,70.8,4.0,247.6,490.4,372.7,117.6,926,547
2026-02-12,朝阳街道,文华苑,187.9,70.3,3.9,224.2,486.3,367.1,119.2,926,543
2026-02-13,朝阳街道,文华苑,175.2,66.9,4.3,246.8,493.2,392.3,100.9,926,532
2026-02-14,朝阳街道,文华苑,253.2,89.4,4.1,294.1,640.8,491.1,149.7,926,599
2026-02-15,朝阳街道,文华苑,218.3,96.6,4.2,326.4,645.5,516.3,129.2,926,598
2026-02-16,朝阳街道,文华苑,171.3,71.2,4.0,232.3,478.8,360.0,118.7,926,516
2026-02-17,朝阳街道,文华苑,188.6,84.9,4.4,245.4,523.4,404.7,118.7,926,569
2026-02-18,朝阳街道,文华苑,155.1,72.0,4.2,230.4,461.7,355.8,105.9,926,528
2026-02-19,朝阳街道,文华苑,186.3,76.6,4.3,228.0,495.2,389.0,106.2,926,536
2026-02-20,朝阳街道,文华苑,154.2,70.1,4.0,241.3,469.6,356.4,113.1,926,523
2026-02-21,朝阳街道,文华苑,209.3,87.7,2.9,278.0,577.9,450.3,127.6,926,553
2026-02-22,朝阳街道,文华苑,193.8,95.6,3.7,270.7,563.8,445.6,118.2,926,523
2026-02-23,朝阳街道,文华苑,180.9,79.8,5.6,265.9,532.2,391.4,140.8,926,568
2026-02-24,朝阳街道,文华苑,166.5,67.3,2.9,226.5,463.2,344.2,119.0,926,505
2026-02-25,朝阳街道,文华苑,183.7,74.0,4.1,228.2,490.0,358.8,131.2,926,568
2026-02-26,朝阳街道,文华苑,201.6,81.8,4.3,241.6,529.3,391.2,138.1,926,551
2026-02-27,朝阳街道,文华苑,183.5,96.2,5.7,235.1,520.5,386.0,134.5,926,580
2026-02-28,朝阳街道,文华苑,201.8,88.3,6.9,267.3,564.3,428.2,136.1,926,551
2026-03-01,朝阳街道,文华苑,216.4,95.5,4.0,306.2,622.1,487.0,135.2,926,588
2026-03-02,朝阳街道,文华苑,176.8,83.7,4.9,241.3,506.8,393.2,113.6,926,534
2026-03-03,朝阳街道,文华苑,160.4,72.6,3.8,216.1,452.9,337.6,115.3,926,508
2026-03-04,朝阳街道,文华苑,151.1,59.6,3.3,210.5,424.6,316.4,108.2,926,479
2026-03-05,朝阳街道,文华苑,179.0,71.7,4.0,248.6,503.3,373.7,129.6,926,535
2026-03-06,朝阳街道,文华苑,172.9,75.6,4.4,239.3,492.2,371.0,121.2,926,503
2026-03-07,朝阳街道,文华苑,229.4,106.3,5.2,316.1,657.0,488.2,168.8,926,609
2026-03-08,朝阳街道,文华苑,209.8,100.3,3.7,291.1,604.8,467.9,136.9,926,581
2026-03-09,朝阳街道,文华苑,159.9,66.1,4.3,218.3,448.6,360.4,88.2,926,507
2026-03-10,朝阳街道,文华苑,168.2,81.7,5.0,262.7,517.5,395.0,122.5,926,548
2026-03-11,朝阳街道,文华苑,209.7,88.4,4.3,275.1,577.5,444.2,133.3,926,615
2026-03-12,朝阳街道,文华苑,200.0,85.3,3.8,265.0,554.1,439.0,115.1,926,572
2026-03-13,朝阳街道,文华苑,156.8,70.5,4.4,223.9,455.7,339.1,116.5,926,483
2026-03-14,朝阳街道,文华苑,198.9,77.6,3.2,294.3,574.1,452.5,121.6,926,544
2026-03-15,朝阳街道,文华苑,234.0,91.2,5.2,295.9,626.3,479.2,147.2,926,595
2026-03-16,朝阳街道,文华苑,164.3,71.4,5.7,216.8,458.1,336.0,122.1,926,528
2026-03-17,朝阳街道,文华苑,167.9,71.3,4.2,211.3,454.7,351.7,103.0,926,497
2026-03-18,朝阳街道,文华苑,196.1,80.2,3.9,253.0,533.1,401.4,131.8,926,551
2026-03-19,朝阳街道,文华苑,184.4,69.7,4.2,246.6,504.9,409.1,95.8,926,528
2026-03-20,朝阳街道,文华苑,153.3,76.2,4.8,247.8,482.2,373.1,109.1,926,503
2026-03-21,朝阳街道,文华苑,207.7,103.1,5.1,280.5,596.5,483.8,112.7,926,575
2026-03-22,朝阳街道,文华苑,213.0,94.0,5.5,316.8,629.3,478.3,151.0,926,585
2026-03-23,朝阳街道,文华苑,153.0,69.7,3.0,203.8,429.5,339.6,90.0,926,471
2026-03-24,朝阳街道,文华苑,185.2,86.4,3.7,243.8,519.2,390.2,129.0,926,525
2026-03-25,朝阳街道,文华苑,175.7,76.9,5.5,257.7,515.8,400.6,115.2,926,536
2026-03-26,朝阳街道,文华苑,184.7,78.5,5.2,248.9,517.3,386.7,130.6,926,547
2026-03-27,朝阳街道,文华苑,149.7,73.4,3.8,221.3,448.2,345.2,103.0,926,528
2026-03-28,朝阳街道,文华苑,214.9,90.0,4.9,321.3,631.1,507.7,123.4,926,585
2026-03-29,朝阳街道,文华苑,221.4,78.7,4.5,288.0,592.6,452.6,140.0,926,571
2026-03-30,朝阳街道,文华苑,164.9,83.4,3.9,234.0,486.2,371.6,114.7,926,511
2026-03-31,朝阳街道,文华苑,181.6,71.3,5.3,239.6,497.8,399.5,98.3,926,509
2026-04-01,朝阳街道,文华苑,161.8,73.9,4.8,236.1,476.6,371.7,104.9,926,525
2026-04-02,朝阳街道,文华苑,176.3,80.1,3.8,224.4,484.5,372.4,112.1,926,519
2026-04-03,朝阳街道,文华苑,195.0,72.1,4.4,242.1,513.6,401.2,112.4,926,569
2026-04-04,朝阳街道,文华苑,208.5,87.3,4.4,324.8,625.0,488.4,136.5,926,617
2026-04-05,朝阳街道,文华苑,231.0,81.8,5.6,297.1,615.5,490.9,124.6,926,585
2026-04-06,朝阳街道,文华苑,156.8,69.9,4.7,200.5,431.9,340.1,91.8,926,490
2026-04-07,朝阳街道,文华苑,163.6,73.9,4.8,216.1,458.5,355.3,103.2,926,496
2026-04-08,朝阳街道,文华苑,163.5,82.9,5.2,249.9,501.6,396.8,104.8,926,564
2026-04-09,朝阳街道,文华苑,164.7,76.3,4.4,259.8,505.2,380.2,125.0,926,553
2026-04-10,朝阳街道,文华苑,163.2,76.9,5.7,208.4,454.3,346.6,107.6,926,507
2026-04-11,朝阳街道,文华苑,212.4,81.1,3.9,271.2,568.7,450.4,118.3,926,543
2026-04-12,朝阳街道,文华苑,220.5,93.7,3.8,314.6,632.6,496.6,136.0,926,582
2026-04-13,朝阳街道,文华苑,171.4,68.8,4.4,271.9,516.6,399.6,117.1,926,559
2026-04-14,朝阳街道,文华苑,158.2,84.0,3.6,224.5,470.2,365.5,104.7,926,521
2026-04-15,朝阳街道,文华苑,164.1,69.9,4.3,221.0,459.4,360.4,98.9,926,475
2026-04-16,朝阳街道,文华苑,157.7,64.4,4.3,234.7,461.1,355.7,105.4,926,497
2026-04-17,朝阳街道,文华苑,181.6,73.4,4.0,248.6,507.7,406.6,101.1,926,537
2026-04-18,朝阳街道,文华苑,200.3,87.0,5.1,316.6,608.9,474.6,134.3,926,580
2026-04-19,朝阳街道,文华苑,210.6,95.3,5.8,321.0,632.8,486.4,146.4,926,591
2026-04-20,朝阳街道,文华苑,177.6,74.9,4.2,256.6,513.3,404.8,108.5,926,579
2026-04-21,朝阳街道,文华苑,161.4,77.7,4.4,226.2,469.6,343.7,125.9,926,521
2026-04-22,朝阳街道,文华苑,166.8,73.5,3.1,230.1,473.6,371.8,101.8,926,546
2026-04-23,朝阳街道,文华苑,159.6,70.9,3.5,240.1,474.2,360.8,113.3,926,528
2026-04-24,朝阳街道,文华苑,172.3,66.6,3.9,236.3,479.0,374.6,104.4,926,538
2026-04-25,朝阳街道,文华苑,230.5,98.8,4.0,309.9,643.2,501.1,142.1,926,575
2026-04-26,朝阳街道,文华苑,213.0,87.4,3.6,292.5,596.5,475.9,120.6,926,550
2026-04-27,朝阳街道,文华苑,166.0,68.7,4.6,233.4,472.7,367.9,104.8,926,520
2026-04-28,朝阳街道,文华苑,160.0,69.9,3.1,249.5,482.5,375.1,107.4,926,536
2026-04-29,朝阳街道,文华苑,173.4,77.9,3.5,237.6,492.4,370.5,121.9,926,530
2026-04-30,朝阳街道,文华苑,194.9,82.6,3.9,269.7,551.1,443.3,107.8,926,574
2026-05-01,朝阳街道,文华苑,167.6,75.1,4.5,248.4,495.6,386.2,109.4,926,544
2026-05-02,朝阳街道,文华苑,189.4,102.3,6.5,296.6,594.9,477.6,117.2,926,558
2026-05-03,朝阳街道,文华苑,209.8,99.1,3.7,284.1,596.7,459.6,137.1,926,553
2026-05-04,朝阳街道,文华苑,173.0,68.2,4.8,265.7,511.8,402.1,109.7,926,552
2026-05-05,朝阳街道,文华苑,167.6,70.5,5.0,248.3,491.4,383.6,107.8,926,539
2026-05-06,朝阳街道,文华苑,171.2,76.4,4.7,248.0,500.2,395.6,104.6,926,570
2026-05-07,朝阳街道,文华苑,157.7,73.6,4.3,248.9,484.5,385.8,98.8,926,523
2026-05-08,朝阳街道,文华苑,176.5,74.6,3.9,247.7,502.7,396.7,106.0,926,541
2026-05-09,朝阳街道,文华苑,247.7,105.2,5.3,319.7,677.8,534.2,143.6,926,621
2026-05-10,朝阳街道,文华苑,210.3,93.1,4.9,310.6,619.0,477.5,141.5,926,568
2026-05-11,朝阳街道,文华苑,177.7,75.8,3.8,227.6,484.9,373.2,111.7,926,509
2026-05-12,朝阳街道,文华苑,174.1,90.7,4.4,247.7,516.9,403.3,113.6,926,529
2026-05-13,朝阳街道,文华苑,177.4,74.5,2.1,241.3,495.3,372.3,123.0,926,515
2026-05-14,朝阳街道,文华苑,165.8,53.0,4.4,212.7,436.0,356.0,80.0,926,473
2026-05-15,朝阳街道,文华苑,185.2,77.8,4.7,237.1,504.8,373.4,131.4,926,540
2026-05-16,朝阳街道,文华苑,242.8,104.7,3.5,280.7,631.7,480.4,151.2,926,594
2026-05-17,朝阳街道,文华苑,195.6,88.1,3.4,287.4,574.4,447.4,127.0,926,530
2026-05-18,朝阳街道,文华苑,162.5,61.4,3.9,231.0,458.8,363.8,95.0,926,513
2026-05-19,朝阳街道,文华苑,175.0,73.9,4.5,257.6,511.0,401.2,109.8,926,539
2026-05-20,朝阳街道,文华苑,169.9,71.4,4.6,233.7,479.7,374.3,105.4,926,537
2026-05-21,朝阳街道,文华苑,166.2,72.1,3.9,215.7,457.9,361.3,96.6,926,529
2026-05-22,朝阳街道,文华苑,179.8,71.6,5.7,234.9,492.0,388.2,103.8,926,534
2026-05-23,朝阳街道,文华苑,181.4,99.6,5.4,293.5,579.8,451.3,128.5,926,547
2026-05-24,朝阳街道,文华苑,225.2,98.5,6.2,336.5,666.4,518.4,148.0,926,625
2026-05-25,朝阳街道,文华苑,167.2,71.3,3.2,236.8,478.5,393.2,85.3,926,535
2026-05-26,朝阳街道,文华苑,174.6,70.5,4.5,260.6,510.2,409.5,100.7,926,545
2026-05-27,朝阳街道,文华苑,162.6,80.0,2.7,245.4,490.7,387.5,103.1,926,533
2026-05-28,朝阳街道,文华苑,153.3,68.0,3.6,232.7,457.6,379.1,78.6,926,486
2026-05-29,朝阳街道,文华苑,178.6,74.6,6.9,241.6,501.6,396.6,105.0,926,532
2026-05-30,朝阳街道,文华苑,187.7,93.0,3.5,239.6,523.8,417.8,106.0,926,527
2026-05-31,朝阳街道,文华苑,225.8,95.9,3.7,325.4,650.8,517.2,133.6,926,612
2026-06-01,朝阳街道,文华苑,164.4,71.4,4.6,223.7,464.1,372.1,92.0,926,480
2026-06-02,朝阳街道,文华苑,183.4,65.8,3.5,234.2,486.9,390.3,96.6,926,544
2026-06-03,朝阳街道,文华苑,176.2,82.7,5.1,230.6,494.6,389.5,105.1,926,540
2026-06-04,朝阳街道,文华苑,160.1,72.7,2.4,263.1,498.4,395.8,102.6,926,506
2026-06-05,朝阳街道,文华苑,184.3,69.9,4.2,224.2,482.5,386.0,96.5,926,513
2026-06-06,朝阳街道,文华苑,212.8,101.6,5.0,295.6,614.9,511.3,103.6,926,573
2026-06-07,朝阳街道,文华苑,242.3,105.0,5.3,361.7,714.2,587.0,127.3,926,646
2026-06-08,朝阳街道,文华苑,152.3,66.5,3.9,234.1,456.8,355.8,100.9,926,522
2026-06-09,朝阳街道,文华苑,165.1,72.0,5.4,262.4,504.9,414.8,90.0,926,545
2026-06-10,朝阳街道,文华苑,177.0,66.9,4.4,266.6,514.9,406.9,108.0,926,517
2026-06-11,朝阳街道,文华苑,166.6,68.5,3.3,238.4,476.8,378.4,98.5,926,508
2026-06-12,朝阳街道,文华苑,163.0,67.5,4.1,226.7,461.3,373.6,87.7,926,521
2026-06-13,朝阳街道,文华苑,238.0,106.0,5.7,340.9,690.7,541.3,149.5,926,629
2026-06-14,朝阳街道,文华苑,211.5,97.4,4.9,295.4,609.1,483.9,125.3,926,584
2026-06-15,朝阳街道,文华苑,168.8,64.3,4.6,254.6,492.3,377.0,115.3,926,534
2026-06-16,朝阳街道,文华苑,160.8,66.5,4.3,236.4,468.0,390.9,77.1,926,519
2026-06-17,朝阳街道,文华苑,149.2,79.2,3.7,235.8,467.8,362.7,105.2,926,525
2026-06-18,朝阳街道,文华苑,161.4,71.8,4.4,251.7,489.3,373.9,115.4,926,513
2026-06-19,朝阳街道,文华苑,194.0,81.5,4.4,265.8,545.8,438.2,107.5,926,556
2026-06-20,朝阳街道,文华苑,200.3,89.4,4.6,322.1,616.4,506.1,110.3,926,594
2026-06-21,朝阳街道,文华苑,242.1,107.7,5.8,295.7,651.3,522.0,129.3,926,608
2026-06-22,朝阳街道,文华苑,148.7,70.2,5.0,237.3,461.2,368.3,92.9,926,513
2026-06-23,朝阳街道,文华苑,198.3,76.0,4.3,223.0,501.5,414.3,87.2,926,535
2026-06-24,朝阳街道,文华苑,158.8,80.0,4.9,248.5,492.3,398.7,93.6,926,516
2026-06-25,朝阳街道,文华苑,168.4,78.7,5.3,242.9,495.3,388.0,107.3,926,528
2026-06-26,朝阳街道,文华苑,175.1,83.0,5.7,281.6,545.4,450.2,95.3,926,555
2026-06-27,朝阳街道,文华苑,209.6,97.3,5.9,306.5,619.3,509.8,109.5,926,577
2026-06-28,朝阳街道,文华苑,208.2,91.7,4.7,331.0,635.6,514.9,120.8,926,577
2026-06-29,朝阳街道,文华苑,161.3,78.7,5.2,263.4,508.7,399.6,109.1,926,531
2026-06-30,朝阳街道,文华苑,173.1,79.7,4.6,246.6,504.0,399.9,104.1,926,546
2026-07-01,朝阳街道,文华苑,171.0,74.7,5.6,288.0,539.4,431.5,107.9,926,544
2026-07-02,朝阳街道,文华苑,149.9,68.9,4.5,231.3,454.5,352.7,101.9,926,496
2026-07-03,朝阳街道,文华苑,167.6,75.0,4.4,223.4,470.4,376.6,93.8,926,546
2026-07-04,朝阳街道,文华苑,210.4,89.6,4.8,253.0,557.8,439.9,117.9,926,546
2026-07-05,朝阳街道,文华苑,185.6,105.8,3.6,324.4,619.5,485.0,134.5,926,596
2026-07-06,朝阳街道,文华苑,217.2,65.4,5.0,226.1,513.7,401.5,112.2,926,560
2026-07-07,朝阳街道,文华苑,169.6,68.5,4.7,217.0,459.8,370.3,89.6,926,526
2026-07-08,朝阳街道,文华苑,153.0,82.7,4.1,262.4,502.2,411.7,90.4,926,520
2026-07-09,朝阳街道,文华苑,162.1,72.0,5.1,235.1,474.3,388.7,85.6,926,509
2026-07-10,朝阳街道,文华苑,167.8,81.7,4.2,231.2,484.9,388.3,96.6,926,526
2026-07-11,朝阳街道,文华苑,190.1,85.2,5.6,287.3,568.2,454.2,114.0,926,562
2026-07-12,朝阳街道,文华苑,193.8,80.9,3.8,266.3,544.8,447.9,96.8,926,509
2026-07-13,朝阳街道,文华苑,159.6,67.4,3.6,200.4,431.0,339.9,91.1,926,472
2026-07-14,朝阳街道,文华苑,189.7,76.6,3.5,245.4,515.1,397.2,117.9,926,538
2026-07-15,朝阳街道,文华苑,184.2,61.2,4.8,235.2,485.3,386.6,98.7,926,555
2026-07-16,朝阳街道,文华苑,172.5,64.6,4.7,247.8,489.6,377.9,111.6,926,526
2026-07-17,朝阳街道,文华苑,153.0,77.1,3.2,243.2,476.5,380.4,96.1,926,507
2026-07-18,朝阳街道,文华苑,191.0,91.5,5.0,274.6,562.2,453.4,108.7,926,575
2026-07-19,朝阳街道,文华苑,205.4,100.0,3.3,306.5,615.1,503.5,111.6,926,580
2026-07-20,朝阳街道,文华苑,187.0,78.0,4.2,252.3,521.6,431.2,90.4,926,571
2026-07-21,朝阳街道,文华苑,170.5,84.5,4.0,211.3,470.3,379.7,90.6,926,509
2026-07-22,朝阳街道,文华苑,176.3,83.0,4.1,261.6,525.0,406.0,119.0,926,553
2026-07-23,朝阳街道,文华苑,159.6,65.0,5.5,228.6,458.8,364.6,94.2,926,511
2026-07-24,朝阳街道,文华苑,155.0,70.9,4.9,225.1,455.8,368.8,87.0,926,516
2026-07-25,朝阳街道,文华苑,220.7,106.9,4.9,313.1,645.5,512.5,133.1,926,582
2026-07-26,朝阳街道,文华苑,189.6,80.6,3.6,296.4,570.2,469.0,101.2,926,546
2026-07-27,朝阳街道,文华苑,146.3,88.1,3.7,271.8,509.9,409.3,100.6,926,534
2026-07-28,朝阳街道,文华苑,142.7,73.4,3.5,214.8,434.3,335.0,99.3,926,509
2026-07-29,朝阳街道,文华苑,184.7,89.5,4.0,252.1,530.3,409.8,120.5,926,553
2026-07-30,朝阳街道,文华苑,161.9,75.8,4.9,249.3,491.9,380.9,111.0,926,522
2026-07-31,朝阳街道,文华苑,178.4,76.3,4.0,243.2,501.9,392.7,109.2,926,559
2026-08-01,朝阳街道,文华苑,218.7,92.7,6.8,329.1,647.2,549.3,98.0,926,588
2026-08-02,朝阳街道,文华苑,207.8,93.2,4.1,303.9,609.0,489.8,119.2,926,572
2026-08-03,朝阳街道,文华苑,148.3,66.8,3.7,251.6,470.5,391.2,79.3,926,496
2026-08-04,朝阳街道,文华苑,176.1,76.5,3.6,263.6,519.8,427.9,91.8,926,559
2026-08-05,朝阳街道,文华苑,179.8,78.8,4.7,270.1,533.3,434.2,99.1,926,569
2026-08-06,朝阳街道,文华苑,176.7,71.1,3.2,246.8,497.9,387.8,110.1,926,553
2026-08-07,朝阳街道,文华苑,189.3,94.8,4.6,275.9,564.6,469.4,95.2,926,579
2026-08-08,朝阳街道,文华苑,199.6,77.1,5.5,281.3,563.6,456.0,107.6,926,565
2026-08-09,朝阳街道,文华苑,198.5,101.2,6.0,255.8,561.4,450.8,110.7,926,546
2026-08-10,朝阳街道,文华苑,171.1,72.2,3.7,227.8,474.8,379.3,95.5,926,504
2026-08-11,朝阳街道,文华苑,191.1,85.4,3.1,259.1,538.7,429.1,109.5,926,578
2026-08-12,朝阳街道,文华苑,163.3,77.8,3.8,284.2,529.1,445.9,83.2,926,570
2026-08-13,朝阳街道,文华苑,164.2,58.2,3.5,230.9,456.7,369.8,86.9,926,512
2026-08-14,朝阳街道,文华苑,149.8,72.7,3.1,218.5,444.1,364.4,79.7,926,479
2026-08-15,朝阳街道,文华苑,227.6,99.6,5.7,299.7,632.5,517.7,114.8,926,627
2026-08-16,朝阳街道,文华苑,206.9,97.7,4.9,280.5,590.1,479.9,110.2,926,567
2026-08-17,朝阳街道,文华苑,174.7,81.3,4.5,257.3,517.8,418.3,99.6,926,574
2026-08-18,朝阳街道,文华苑,174.7,86.9,4.2,247.9,513.7,398.6,115.1,926,572
2026-08-19,朝阳街道,文华苑,181.8,83.5,4.3,252.3,521.9,431.6,90.2,926,561
2026-08-20,朝阳街道,文华苑,171.3,88.0,4.3,251.4,514.9,408.5,106.4,926,558
2026-08-21,朝阳街道,文华苑,167.9,74.6,4.9,230.9,478.2,391.7,86.6,926,534
2026-08-22,朝阳街道,文华苑,224.8,92.6,6.1,297.3,620.9,506.0,114.9,926,580
2026-08-23,朝阳街道,文华苑,195.2,85.1,4.2,318.0,602.5,489.8,112.7,926,574
2026-08-24,朝阳街道,文华苑,178.8,82.3,5.0,221.9,487.9,392.6,95.3,926,519
2026-08-25,朝阳街道,文华苑,189.3,79.9,5.2,278.7,553.1,440.4,112.6,926,583
2026-08-26,朝阳街道,文华苑,182.3,68.8,4.3,226.9,482.3,383.4,98.9,926,539
2026-08-27,朝阳街道,文华苑,170.2,70.5,3.8,233.4,477.9,376.4,101.5,926,517
2026-08-28,朝阳街道,文华苑,186.6,75.8,4.2,250.8,517.5,406.1,111.5,926,545
2026-08-29,朝阳街道,文华苑,263.3,94.7,4.7,321.4,684.1,534.1,150.0,926,594
2026-08-30,朝阳街道,文华苑,196.0,102.1,7.1,325.5,630.7,534.1,96.6,926,606
2026-08-31,朝阳街道,文华苑,160.3,83.6,3.7,244.5,492.2,386.1,106.1,926,541
2026-09-01,朝阳街道,文华苑,181.6,73.3,3.8,218.0,476.7,380.2,96.5,926,519
2026-09-02,朝阳街道,文华苑,161.1,75.7,3.7,247.2,487.7,380.1,107.6,926,500
2026-09-03,朝阳街道,文华苑,158.4,80.0,5.8,213.8,457.9,366.4,91.5,926,528
2026-09-04,朝阳街道,文华苑,167.2,83.5,5.5,257.7,513.9,414.6,99.3,926,570
2026-09-05,朝阳街道,文华苑,260.6,100.9,4.7,308.5,674.7,563.3,111.4,926,630
2026-09-06,朝阳街道,文华苑,196.8,88.1,4.0,285.8,574.8,484.3,90.5,926,543
2026-09-07,朝阳街道,文华苑,165.5,80.6,4.4,260.5,511.1,439.1,72.0,926,531
2026-09-08,朝阳街道,文华苑,151.8,64.9,3.2,243.1,463.0,377.8,85.2,926,528
2026-09-09,朝阳街道,文华苑,182.4,78.1,4.0,265.8,530.3,418.2,112.2,926,569
2026-09-10,朝阳街道,文华苑,174.2,73.0,3.9,237.1,488.3,389.9,98.4,926,507
2026-09-11,朝阳街道,文华苑,166.1,90.0,4.0,269.2,529.3,430.5,98.9,926,545
2026-09-12,朝阳街道,文华苑,231.9,106.4,4.3,332.9,675.4,554.9,120.5,926,603
2026-09-13,朝阳街道,文华苑,211.7,88.6,4.4,329.2,633.8,544.0,89.8,926,574
2026-09-14,朝阳街道,文华苑,179.1,74.8,5.6,222.5,481.9,383.1,98.8,926,508
2026-09-15,朝阳街道,文华苑,166.5,62.7,4.6,236.8,470.6,383.6,86.9,926,516
2026-09-16,朝阳街道,文华苑,158.9,77.8,3.5,243.2,483.3,392.5,90.9,926,524
2026-09-17,朝阳街道,文华苑,168.4,77.3,4.9,258.1,508.7,432.6,76.1,926,576
2026-09-18,朝阳街道,文华苑,174.3,88.9,4.2,263.1,530.5,417.9,112.6,926,545
2026-09-19,朝阳街道,文华苑,212.1,96.9,3.8,286.1,598.9,480.5,118.5,926,552
2026-01-01,滨江街道,江畔人家,258.1,103.7,5.9,322.5,690.2,555.2,135.0,919,767
2026-01-02,滨江街道,江畔人家,263.9,106.1,6.3,335.7,711.9,582.1,129.8,919,821
2026-01-03,滨江街道,江畔人家,312.3,160.3,6.8,442.0,921.4,758.4,163.1,919,856
2026-01-04,滨江街道,江畔人家,277.2,119.3,7.4,408.0,811.9,692.4,119.5,919,744
2026-01-05,滨江街道,江畔人家,253.9,105.0,6.6,358.3,723.8,585.5,138.3,919,806
2026-01-06,滨江街道,江畔人家,253.3,117.7,7.4,368.8,747.2,640.4,106.9,919,782
2026-01-07,滨江街道,江畔人家,255.0,122.0,6.2,355.8,739.0,631.7,107.3,919,789
2026-01-08,滨江街道,江畔人家,261.3,110.3,8.1,385.7,765.5,658.5,107.0,919,817
2026-01-09,滨江街道,江畔人家,249.1,106.6,5.5,346.0,707.2,590.5,116.7,919,763
2026-01-10,滨江街道,江畔人家,313.9,144.2,7.5,411.3,876.9,741.9,135.0,919,808
2026-01-11,滨江街道,江畔人家,280.2,139.3,6.7,495.8,922.0,788.2,133.8,919,820
2026-01-12,滨江街道,江畔人家,257.3,112.3,5.5,321.1,696.1,595.6,100.6,919,792
2026-01-13,滨江街道,江畔人家,217.4,103.3,5.9,342.5,669.2,544.5,124.8,919,771
2026-01-14,滨江街道,江畔人家,270.8,112.6,5.6,341.9,731.0,597.5,133.5,919,763
2026-01-15,滨江街道,江畔人家,229.5,114.0,5.6,316.5,665.6,551.6,114.0,919,751
2026-01-16,滨江街道,江畔人家,220.3,108.1,7.1,358.3,693.8,574.9,119.0,919,775
2026-01-17,滨江街道,江畔人家,342.4,171.8,7.6,445.8,967.6,852.9,114.7,919,853
2026-01-18,滨江街道,江畔人家,297.4,122.8,6.8,399.6,826.6,709.9,116.7,919,803
2026-01-19,滨江街道,江畔人家,248.8,94.1,5.0,329.3,677.3,553.3,124.0,919,784
2026-01-20,滨江街道,江畔人家,254.2,119.5,7.0,376.2,757.0,615.7,141.3,919,784
2026-01-21,滨江街道,江畔人家,265.9,117.2,6.6,377.8,767.6,645.0,122.6,919,778
2026-01-22,滨江街道,江畔人家,240.0,117.3,7.7,315.2,680.2,535.4,144.8,919,764
2026-01-23,滨江街道,江畔人家,221.1,101.7,5.6,303.3,631.7,539.9,91.8,919,740
2026-01-24,滨江街道,江畔人家,328.1,130.2,6.7,432.4,897.3,765.4,131.9,919,837
2026-01-25,滨江街道,江畔人家,257.1,119.2,5.0,377.1,758.4,661.1,97.3,919,740
2026-01-26,滨江街道,江畔人家,242.2,111.0,5.8,330.2,689.2,570.0,119.2,919,754
2026-01-27,滨江街道,江畔人家,222.5,112.1,5.8,374.7,715.2,591.0,124.2,919,772
2026-01-28,滨江街道,江畔人家,242.1,109.3,5.3,346.8,703.6,590.9,112.6,919,804
2026-01-29,滨江街道,江畔人家,242.8,109.7,6.4,378.9,737.9,628.6,109.3,919,813
2026-01-30,滨江街道,江畔人家,239.9,87.2,5.4,330.8,663.4,529.1,134.3,919,728
2026-01-31,滨江街道,江畔人家,293.0,140.2,6.8,405.2,845.3,717.4,127.8,919,814
2026-02-01,滨江街道,江畔人家,339.0,142.5,8.0,414.6,904.0,770.2,133.9,919,831
2026-02-02,滨江街道,江畔人家,243.7,99.2,7.4,364.4,714.7,593.1,121.6,919,768
2026-02-03,滨江街道,江畔人家,256.9,117.5,5.2,353.3,732.8,611.0,121.8,919,792
2026-02-04,滨江街道,江畔人家,244.1,90.8,5.4,355.1,695.3,582.8,112.5,919,792
2026-02-05,滨江街道,江畔人家,272.1,115.7,6.5,394.8,789.1,663.1,125.9,919,821
2026-02-06,滨江街道,江畔人家,231.1,120.9,6.5,332.5,691.1,572.7,118.4,919,771
2026-02-07,滨江街道,江畔人家,302.7,128.8,6.1,441.0,878.5,746.0,132.5,919,835
2026-02-08,滨江街道,江畔人家,274.4,130.9,6.3,410.1,821.8,694.2,127.5,919,808
2026-02-09,滨江街道,江畔人家,265.3,116.3,6.1,345.8,733.6,618.3,115.3,919,795
2026-02-10,滨江街道,江畔人家,242.8,99.7,6.2,321.9,670.6,550.2,120.4,919,758
2026-02-11,滨江街道,江畔人家,247.9,104.4,5.4,367.9,725.5,587.2,138.3,919,797
2026-02-12,滨江街道,江畔人家,241.0,116.4,4.7,386.4,748.4,646.6,101.8,919,763
2026-02-13,滨江街道,江畔人家,222.7,92.5,5.4,307.2,627.8,554.5,73.3,919,700
2026-02-14,滨江街道,江畔人家,284.7,129.7,7.1,393.8,815.3,705.9,109.4,919,817
2026-02-15,滨江街道,江畔人家,309.8,139.3,6.6,468.0,923.7,758.9,164.8,919,875
2026-02-16,滨江街道,江畔人家,231.1,99.1,6.0,350.3,686.4,598.0,88.4,919,791
2026-02-17,滨江街道,江畔人家,238.9,125.7,8.4,353.3,726.4,587.1,139.3,919,797
2026-02-18,滨江街道,江畔人家,246.2,99.7,5.0,327.7,678.6,574.9,103.7,919,741
2026-02-19,滨江街道,江畔人家,259.5,100.7,7.9,318.4,686.5,570.4,116.1,919,766
2026-02-20,滨江街道,江畔人家,239.0,100.6,5.7,352.7,698.0,606.1,91.9,919,747
2026-02-21,滨江街道,江畔人家,306.4,139.4,6.1,415.9,867.7,762.1,105.7,919,853
2026-02-22,滨江街道,江畔人家,301.8,111.6,6.4,458.0,877.8,729.2,148.7,919,808
2026-02-23,滨江街道,江畔人家,223.1,110.1,4.3,364.6,702.0,603.4,98.7,919,758
2026-02-24,滨江街道,江畔人家,238.0,124.3,6.5,363.9,732.8,612.2,120.6,919,825
2026-02-25,滨江街道,江畔人家,263.6,127.7,7.4,343.5,742.2,604.6,137.6,919,791
2026-02-26,滨江街道,江畔人家,257.6,97.0,7.4,342.3,704.2,578.3,125.9,919,737
2026-02-27,滨江街道,江畔人家,255.0,107.1,5.8,359.4,727.3,614.7,112.6,919,766
2026-02-28,滨江街道,江畔人家,304.8,128.0,6.9,402.4,842.0,714.6,127.4,919,799
2026-03-01,滨江街道,江畔人家,351.7,150.5,6.6,442.7,951.5,798.7,152.8,919,871
2026-03-02,滨江街道,江畔人家,236.3,124.7,6.1,383.8,750.9,656.4,94.5,919,767
2026-03-03,滨江街道,江畔人家,286.6,111.0,6.1,331.9,735.6,606.1,129.4,919,791
2026-03-04,滨江街道,江畔人家,240.5,95.9,7.6,364.6,708.7,615.6,93.1,919,756
2026-03-05,滨江街道,江畔人家,261.4,101.3,5.0,301.6,669.4,568.0,101.3,919,745
2026-03-06,滨江街道,江畔人家,227.2,109.5,5.6,338.8,681.1,570.5,110.6,919,737
2026-03-07,滨江街道,江畔人家,340.7,129.2,7.0,388.7,865.5,734.1,131.4,919,825
2026-03-08,滨江街道,江畔人家,317.5,129.1,7.1,436.4,890.1,790.9,99.2,919,810
2026-03-09,滨江街道,江畔人家,246.7,120.2,6.1,370.8,743.9,625.7,118.2,919,807
2026-03-10,滨江街道,江畔人家,233.4,111.1,6.3,338.9,689.7,580.0,109.7,919,778
2026-03-11,滨江街道,江畔人家,240.8,108.2,5.4,404.6,759.0,643.8,115.2,919,781
2026-03-12,滨江街道,江畔人家,269.5,93.8,4.3,344.9,712.5,618.6,93.9,919,785
2026-03-13,滨江街道,江畔人家,249.8,116.2,5.2,355.4,726.5,599.0,127.6,919,771
2026-03-14,滨江街道,江畔人家,297.1,149.8,6.6,479.5,933.0,803.7,129.3,919,833
2026-03-15,滨江街道,江畔人家,309.1,132.2,7.4,428.5,877.2,743.0,134.2,919,843
2026-03-16,滨江街道,江畔人家,239.4,107.1,7.4,311.5,665.3,533.1,132.2,919,693
2026-03-17,滨江街道,江畔人家,245.0,98.8,7.8,393.8,745.4,615.6,129.7,919,765
2026-03-18,滨江街道,江畔人家,230.1,123.1,6.3,343.6,703.1,603.1,100.0,919,777
2026-03-19,滨江街道,江畔人家,245.7,94.9,7.2,340.3,688.1,590.3,97.8,919,761
2026-03-20,滨江街道,江畔人家,244.7,98.0,6.9,329.2,678.8,590.6,88.2,919,771
2026-03-21,滨江街道,江畔人家,305.1,115.6,6.4,446.7,873.7,744.8,128.9,919,823
2026-03-22,滨江街道,江畔人家,303.6,130.2,5.6,421.9,861.3,735.9,125.4,919,817
2026-03-23,滨江街道,江畔人家,234.0,93.8,6.9,334.7,669.4,580.5,89.0,919,748
2026-03-24,滨江街道,江畔人家,232.2,100.5,5.0,329.2,667.0,556.2,110.8,919,780
2026-03-25,滨江街道,江畔人家,249.1,99.1,6.8,320.3,675.3,590.0,85.3,919,757
2026-03-26,滨江街道,江畔人家,286.3,114.6,5.7,364.8,771.3,655.5,115.8,919,778
2026-03-27,滨江街道,江畔人家,222.7,100.6,5.5,322.9,651.6,578.5,73.2,919,732
2026-03-28,滨江街道,江畔人家,291.3,136.6,8.1,445.3,881.2,738.2,143.0,919,862
2026-03-29,滨江街道,江畔人家,285.3,119.1,6.5,374.0,784.8,662.1,122.8,919,786
2026-03-30,滨江街道,江畔人家,252.5,122.5,5.8,336.0,716.9,619.3,97.6,919,780
2026-03-31,滨江街道,江畔人家,245.7,101.1,4.6,335.9,687.3,576.9,110.4,919,772
2026-04-01,滨江街道,江畔人家,269.3,128.2,7.0,382.8,787.3,681.5,105.8,919,783
2026-04-02,滨江街道,江畔人家,295.7,124.9,7.4,367.6,795.6,694.5,101.1,919,827
2026-04-03,滨江街道,江畔人家,255.8,101.8,6.0,300.8,664.3,570.3,94.1,919,770
2026-04-04,滨江街道,江畔人家,309.7,148.2,6.9,462.2,927.0,836.3,90.7,919,819
2026-04-05,滨江街道,江畔人家,350.0,145.9,8.8,429.9,934.6,793.3,141.3,919,891
2026-04-06,滨江街道,江畔人家,234.3,119.9,7.1,414.8,776.1,662.8,113.3,919,819
2026-04-07,滨江街道,江畔人家,255.0,111.3,5.5,347.4,719.1,597.4,121.8,919,824
2026-04-08,滨江街道,江畔人家,250.6,99.4,5.0,326.5,681.5,590.5,91.0,919,749
2026-04-09,滨江街道,江畔人家,247.5,114.3,7.3,341.0,710.1,614.4,95.7,919,772
2026-04-10,滨江街道,江畔人家,257.4,97.4,5.5,337.0,697.3,586.0,111.3,919,782
2026-04-11,滨江街道,江畔人家,308.7,113.8,5.1,407.8,835.4,724.7,110.8,919,804
2026-04-12,滨江街道,江畔人家,278.6,122.4,5.9,410.0,816.8,709.0,107.8,919,785
2026-04-13,滨江街道,江畔人家,270.2,107.6,6.7,371.8,756.2,640.7,115.5,919,820
2026-04-14,滨江街道,江畔人家,255.7,107.2,7.6,371.0,741.5,653.3,88.2,919,763
2026-04-15,滨江街道,江畔人家,254.7,106.5,7.9,349.0,718.2,619.6,98.6,919,772
2026-04-16,滨江街道,江畔人家,228.2,112.3,5.4,368.7,714.6,608.7,105.9,919,767
2026-04-17,滨江街道,江畔人家,268.5,92.3,8.5,343.5,712.7,595.7,117.0,919,783
2026-04-18,滨江街道,江畔人家,323.3,138.4,7.8,449.0,918.5,802.5,116.0,919,841
2026-04-19,滨江街道,江畔人家,347.8,145.3,5.1,508.4,1006.7,908.9,97.8,919,840
2026-04-20,滨江街道,江畔人家,263.1,125.1,5.9,383.6,777.8,660.2,117.6,919,821
2026-04-21,滨江街道,江畔人家,270.4,124.2,4.8,368.5,767.8,656.1,111.6,919,823
2026-04-22,滨江街道,江畔人家,266.5,106.9,6.3,379.7,759.3,658.0,101.3,919,786
2026-04-23,滨江街道,江畔人家,249.7,103.6,6.7,385.6,745.5,610.0,135.6,919,796
2026-04-24,滨江街道,江畔人家,261.7,116.5,6.1,335.0,719.3,631.4,87.8,919,776
2026-04-25,滨江街道,江畔人家,311.3,125.6,5.3,461.3,903.4,776.7,126.7,919,848
2026-04-26,滨江街道,江畔人家,330.6,120.9,6.6,427.2,885.4,762.6,122.8,919,834
2026-04-27,滨江街道,江畔人家,240.5,119.3,7.6,362.2,729.6,631.8,97.8,919,814
2026-04-28,滨江街道,江畔人家,258.4,116.0,6.9,335.6,716.9,614.2,102.7,919,791
2026-04-29,滨江街道,江畔人家,262.8,100.9,6.4,369.7,739.7,648.7,91.0,919,812
2026-04-30,滨江街道,江畔人家,226.4,113.2,6.3,313.9,659.8,553.3,106.5,919,770
2026-05-01,滨江街道,江畔人家,257.5,105.8,5.5,335.1,704.0,616.3,87.7,919,780
2026-05-02,滨江街道,江畔人家,307.4,131.3,6.2,419.6,864.5,753.3,111.1,919,828
2026-05-03,滨江街道,江畔人家,287.2,169.1,6.9,384.4,847.6,785.1,62.5,919,807
2026-05-04,滨江街道,江畔人家,255.8,104.2,5.7,375.2,740.9,655.1,85.7,919,757
2026-05-05,滨江街道,江畔人家,265.7,109.3,7.1,391.4,773.6,680.2,93.4,919,809
2026-05-06,滨江街道,江畔人家,280.2,118.5,6.9,377.5,783.1,682.5,100.6,919,832
2026-05-07,滨江街道,江畔人家,252.6,105.5,6.6,351.0,715.7,605.9,109.8,919,779
2026-05-08,滨江街道,江畔人家,258.6,100.4,8.4,356.9,724.3,639.6,84.7,919,800
2026-05-09,滨江街道,江畔人家,292.3,149.0,8.1,434.8,884.2,777.8,106.4,919,818
2026-05-10,滨江街道,江畔人家,312.3,134.0,7.1,425.9,879.3,773.1,106.2,919,845
2026-05-11,滨江街道,江畔人家,261.1,104.9,7.0,335.4,708.4,618.9,89.5,919,787
2026-05-12,滨江街道,江畔人家,230.1,116.5,5.3,331.0,682.9,586.5,96.4,919,767
2026-05-13,滨江街道,江畔人家,242.4,98.9,6.9,362.7,710.9,633.9,77.0,919,766
2026-05-14,滨江街道,江畔人家,256.2,107.0,5.6,387.5,756.3,667.4,88.9,919,797
2026-05-15,滨江街道,江畔人家,244.7,104.3,5.2,347.0,701.2,619.1,82.1,919,763
2026-05-16,滨江街道,江畔人家,270.1,113.9,6.1,412.9,803.0,701.5,101.5,919,802
2026-05-17,滨江街道,江畔人家,310.1,142.6,6.6,417.6,876.9,758.9,118.1,919,846
2026-05-18,滨江街道,江畔人家,246.9,97.0,6.9,329.4,680.2,592.6,87.6,919,747
2026-05-19,滨江街道,江畔人家,230.7,108.4,7.2,373.5,719.8,639.3,80.4,919,751
2026-05-20,滨江街道,江畔人家,262.0,127.3,5.8,384.4,779.5,678.1,101.4,919,833
2026-05-21,滨江街道,江畔人家,247.1,94.7,6.4,356.8,705.0,583.1,122.0,919,751
2026-05-22,滨江街道,江畔人家,234.8,97.8,5.9,341.8,680.5,585.3,95.2,919,755
2026-05-23,滨江街道,江畔人家,308.0,157.3,6.0,454.3,925.6,810.5,115.1,919,874
2026-05-24,滨江街道,江畔人家,308.2,144.6,7.3,430.4,890.5,803.6,86.9,919,859
2026-05-25,滨江街道,江畔人家,274.2,122.0,7.4,343.4,747.0,657.5,89.5,919,833
2026-05-26,滨江街道,江畔人家,232.9,125.5,5.8,324.6,688.7,604.3,84.4,919,754
2026-05-27,滨江街道,江畔人家,235.5,117.0,6.1,309.8,668.3,594.7,73.6,919,756
2026-05-28,滨江街道,江畔人家,270.6,102.8,7.2,386.0,766.6,673.8,92.8,919,771
2026-05-29,滨江街道,江畔人家,254.5,101.6,6.5,345.0,707.5,604.1,103.4,919,777
2026-05-30,滨江街道,江畔人家,306.4,135.2,6.1,415.0,862.6,756.3,106.4,919,829
2026-05-31,滨江街道,江畔人家,296.4,136.6,5.0,409.6,847.7,745.1,102.6,919,827
2026-06-01,滨江街道,江畔人家,268.5,106.7,6.3,332.7,714.1,624.2,90.0,919,761
2026-06-02,滨江街道,江畔人家,237.9,97.5,5.8,289.8,631.0,554.5,76.5,919,751
2026-06-03,滨江街道,江畔人家,277.5,128.4,8.1,386.5,800.5,687.5,113.1,919,825
2026-06-04,滨江街道,江畔人家,259.2,106.4,8.8,332.8,707.2,615.9,91.3,919,756
2026-06-05,滨江街道,江畔人家,270.4,125.1,5.4,340.9,741.8,678.4,63.4,919,780
2026-06-06,滨江街道,江畔人家,304.9,126.2,6.4,425.9,863.4,753.3,110.1,919,796
2026-06-07,滨江街道,江畔人家,312.1,145.5,7.6,486.6,951.8,816.3,135.5,919,866
2026-06-08,滨江街道,江畔人家,233.1,103.3,5.0,329.6,671.0,588.6,82.4,919,726
2026-06-09,滨江街道,江畔人家,248.9,100.0,5.6,326.9,681.4,594.6,86.8,919,747
2026-06-10,滨江街道,江畔人家,251.8,105.8,6.7,382.1,746.4,672.7,73.7,919,783
2026-06-11,滨江街道,江畔人家,266.5,100.7,5.6,356.9,729.7,650.0,79.7,919,803
2026-06-12,滨江街道,江畔人家,215.9,94.9,5.8,338.3,655.0,567.2,87.8,919,755
2026-06-13,滨江街道,江畔人家,298.3,146.2,6.5,448.9,899.9,789.0,110.9,919,832
2026-06-14,滨江街道,江畔人家,289.9,115.5,6.2,391.9,803.6,719.0,84.6,919,792
2026-06-15,滨江街道,江畔人家,239.3,109.5,6.8,321.1,676.7,599.5,77.2,919,747
2026-06-16,滨江街道,江畔人家,277.0,98.1,5.5,420.1,800.8,704.2,96.6,919,789
2026-06-17,滨江街道,江畔人家,226.2,82.1,6.1,345.8,660.2,577.1,83.1,919,732
2026-06-18,滨江街道,江畔人家,260.8,93.8,5.1,342.2,701.9,605.5,96.4,919,771
2026-06-19,滨江街道,江畔人家,230.2,110.5,6.1,360.9,707.7,612.5,95.2,919,776
2026-06-20,滨江街道,江畔人家,282.1,140.0,6.4,428.3,856.8,766.5,90.2,919,836
2026-06-21,滨江街道,江畔人家,323.3,146.4,7.3,395.2,872.1,793.6,78.5,919,810
2026-06-22,滨江街道,江畔人家,262.2,107.4,7.8,347.8,725.2,609.0,116.2,919,814
2026-06-23,滨江街道,江畔人家,239.2,110.9,7.5,364.1,721.7,628.9,92.8,919,799
2026-06-24,滨江街道,江畔人家,261.2,94.8,5.5,384.4,745.9,672.5,73.5,919,816
2026-06-25,滨江街道,江畔人家,253.1,122.0,5.7,335.5,716.4,609.7,106.6,919,775
2026-06-26,滨江街道,江畔人家,251.7,120.9,5.6,359.9,738.2,648.2,90.0,919,794
2026-06-27,滨江街道,江畔人家,317.0,133.4,7.4,428.8,886.6,797.1,89.5,919,819
2026-06-28,滨江街道,江畔人家,288.1,144.4,7.2,395.7,835.3,750.0,85.3,919,813
2026-06-29,滨江街道,江畔人家,222.3,108.7,5.6,325.8,662.5,584.5,78.0,919,719
2026-06-30,滨江街道,江畔人家,252.4,112.3,7.1,343.5,715.4,590.0,125.3,919,773
2026-07-01,滨江街道,江畔人家,237.1,94.9,4.5,316.2,652.8,578.4,74.4,919,750
2026-07-02,滨江街道,江畔人家,252.6,104.7,4.8,370.8,732.8,671.4,61.4,919,779
2026-07-03,滨江街道,江畔人家,245.9,109.9,5.5,310.7,672.1,571.3,100.9,919,771
2026-07-04,滨江街道,江畔人家,285.3,141.3,5.4,427.9,859.8,762.3,97.5,919,812
2026-07-05,滨江街道,江畔人家,313.6,147.3,6.7,456.3,923.9,835.1,88.8,919,859
2026-07-06,滨江街道,江畔人家,233.7,103.5,6.1,311.3,654.7,564.3,90.4,919,714
2026-07-07,滨江街道,江畔人家,254.0,113.6,8.0,341.7,717.4,657.0,60.4,919,774
2026-07-08,滨江街道,江畔人家,261.7,107.9,6.4,404.2,780.1,684.4,95.7,919,745
2026-07-09,滨江街道,江畔人家,237.5,97.3,5.7,329.9,670.3,599.9,70.5,919,751
2026-07-10,滨江街道,江畔人家,263.4,107.3,5.8,352.3,728.7,640.1,88.6,919,748
2026-07-11,滨江街道,江畔人家,322.1,136.7,7.4,454.8,921.0,837.7,83.3,919,840
2026-07-12,滨江街道,江畔人家,333.6,128.2,7.0,438.7,907.5,820.4,87.2,919,827
2026-07-13,滨江街道,江畔人家,239.3,102.8,4.9,330.6,677.7,595.1,82.6,919,764
2026-07-14,滨江街道,江畔人家,271.9,93.5,7.2,357.7,730.4,652.8,77.5,919,822
2026-07-15,滨江街道,江畔人家,248.6,109.1,6.3,383.4,747.5,670.6,76.8,919,786
2026-07-16,滨江街道,江畔人家,276.6,120.6,5.0,393.1,795.4,706.8,88.5,919,817
2026-07-17,滨江街道,江畔人家,243.3,102.6,8.7,342.5,697.1,614.0,83.1,919,806
2026-07-18,滨江街道,江畔人家,300.0,134.1,5.5,432.3,871.9,803.6,68.3,919,836
2026-07-19,滨江街道,江畔人家,319.8,135.1,5.3,447.7,907.8,800.2,107.5,919,822
2026-07-20,滨江街道,江畔人家,258.4,106.6,5.2,388.1,758.3,674.1,84.2,919,772
2026-07-21,滨江街道,江畔人家,244.9,120.6,5.8,321.6,692.8,615.7,77.1,919,784
2026-07-22,滨江街道,江畔人家,276.8,112.9,8.1,387.3,785.2,688.5,96.7,919,823
2026-07-23,滨江街道,江畔人家,255.2,102.4,6.3,358.5,722.4,638.8,83.6,919,782
2026-07-24,滨江街道,江畔人家,245.4,118.7,4.7,343.5,712.4,611.7,100.7,919,781
2026-07-25,滨江街道,江畔人家,315.3,159.7,7.6,433.7,916.3,817.6,98.6,919,859
2026-07-26,滨江街道,江畔人家,318.9,119.1,5.8,437.7,881.5,798.1,83.4,919,823
2026-07-27,滨江街道,江畔人家,252.3,100.5,4.4,272.9,630.0,574.0,56.0,919,726
2026-07-28,滨江街道,江畔人家,250.5,115.8,5.8,330.9,703.0,605.7,97.4,919,786
2026-07-29,滨江街道,江畔人家,255.7,103.6,7.2,341.6,708.1,624.2,83.8,919,788
2026-07-30,滨江街道,江畔人家,263.5,106.9,5.6,367.3,743.2,649.1,94.1,919,772
2026-07-31,滨江街道,江畔人家,272.9,120.5,5.8,357.0,756.1,701.4,54.7,919,792
2026-08-01,滨江街道,江畔人家,293.8,129.2,5.9,421.7,850.7,755.3,95.4,919,829
2026-08-02,滨江街道,江畔人家,273.8,126.2,5.3,436.9,842.2,775.3,66.9,919,832
2026-08-03,滨江街道,江畔人家,243.0,113.7,5.9,334.6,697.1,633.0,64.1,919,796
2026-08-04,滨江街道,江畔人家,275.1,108.3,7.8,354.7,745.8,680.5,65.4,919,812
2026-08-05,滨江街道,江畔人家,244.7,89.4,5.9,350.7,690.7,629.0,61.6,919,775
2026-08-06,滨江街道,江畔人家,250.1,112.1,5.9,364.6,732.7,653.2,79.4,919,838
2026-08-07,滨江街道,江畔人家,254.7,109.7,5.6,404.0,773.9,710.1,63.8,919,830
2026-08-08,滨江街道,江畔人家,281.6,120.7,6.8,445.0,854.0,795.3,58.8,919,832
2026-08-09,滨江街道,江畔人家,335.0,130.7,8.3,444.4,918.3,802.5,115.9,919,826
2026-08-10,滨江街道,江畔人家,248.0,101.3,5.4,384.7,739.4,650.3,89.1,919,781
2026-08-11,滨江街道,江畔人家,255.3,114.4,7.1,355.5,732.4,645.5,86.9,919,819
2026-08-12,滨江街道,江畔人家,240.8,84.2,5.7,347.2,677.9,616.4,61.5,919,733
2026-08-13,滨江街道,江畔人家,224.6,99.8,6.2,300.0,630.6,573.9,56.6,919,753
2026-08-14,滨江街道,江畔人家,251.1,116.5,6.6,347.6,721.8,648.7,73.1,919,798
2026-08-15,滨江街道,江畔人家,291.6,129.0,7.2,472.7,900.5,789.0,111.5,919,839
2026-08-16,滨江街道,江畔人家,286.8,139.6,6.7,473.5,906.7,825.4,81.3,919,850
2026-08-17,滨江街道,江畔人家,266.7,108.7,5.3,410.1,790.7,703.2,87.6,919,782
2026-08-18,滨江街道,江畔人家,257.1,112.6,6.1,350.2,726.1,638.6,87.4,919,787
2026-08-19,滨江街道,江畔人家,276.0,104.3,6.6,334.3,721.2,645.3,75.9,919,758
2026-08-20,滨江街道,江畔人家,226.6,107.4,5.8,375.1,714.9,638.1,76.8,919,777
2026-08-21,滨江街道,江畔人家,234.4,121.5,5.4,359.8,721.1,632.7,88.4,919,773
2026-08-22,滨江街道,江畔人家,281.6,120.0,7.6,398.7,807.8,750.0,57.8,919,831
2026-08-23,滨江街道,江畔人家,315.4,140.1,5.8,409.0,870.4,799.1,71.3,919,838
2026-08-24,滨江街道,江畔人家,209.5,113.8,5.3,357.3,685.9,625.4,60.4,919,772
2026-08-25,滨江街道,江畔人家,268.4,112.0,8.0,333.6,721.9,667.1,54.8,919,790
2026-08-26,滨江街道,江畔人家,255.6,124.0,6.1,411.7,797.4,716.7,80.7,919,808
2026-08-27,滨江街道,江畔人家,263.6,122.7,5.3,331.5,723.2,677.8,45.4,919,797
2026-08-28,滨江街道,江畔人家,251.6,111.7,4.5,354.6,722.3,665.7,56.6,919,797
2026-08-29,滨江街道,江畔人家,335.9,145.0,7.3,406.8,895.1,803.3,91.8,919,860
2026-08-30,滨江街道,江畔人家,337.9,162.5,5.3,430.8,936.4,863.0,73.4,919,852
2026-08-31,滨江街道,江畔人家,254.3,109.1,7.4,334.5,705.2,624.6,80.7,919,794
2026-09-01,滨江街道,江畔人家,238.9,96.8,6.1,340.0,681.8,606.9,74.9,919,763
2026-09-02,滨江街道,江畔人家,260.2,124.4,6.3,366.7,757.6,677.9,79.7,919,816
2026-09-03,滨江街道,江畔人家,264.2,107.2,6.8,339.0,717.2,644.6,72.6,919,791
2026-09-04,滨江街道,江畔人家,261.3,109.2,7.8,325.8,704.1,649.7,54.5,919,776
2026-09-05,滨江街道,江畔人家,277.7,118.2,7.2,424.2,827.3,740.0,87.4,919,820
2026-09-06,滨江街道,江畔人家,293.6,151.9,5.9,395.3,846.8,772.6,74.3,919,827
2026-09-07,滨江街道,江畔人家,284.2,105.5,7.1,377.4,774.3,714.9,59.4,919,786
2026-09-08,滨江街道,江畔人家,257.9,113.0,5.0,324.2,700.2,629.9,70.3,919,771
2026-09-09,滨江街道,江畔人家,254.5,111.7,5.0,340.4,711.6,614.3,97.3,919,808
2026-09-10,滨江街道,江畔人家,249.1,113.4,8.7,347.4,718.6,647.0,71.6,919,773
2026-09-11,滨江街道,江畔人家,222.6,104.7,4.8,346.4,678.4,630.3,48.1,919,769
2026-09-12,滨江街道,江畔人家,320.2,120.9,4.9,428.2,874.2,792.8,81.4,919,784
2026-09-13,滨江街道,江畔人家,305.7,133.8,7.3,465.5,912.3,828.2,84.1,919,868
2026-09-14,滨江街道,江畔人家,260.6,117.2,6.5,352.0,736.4,679.5,56.9,919,789
2026-09-15,滨江街道,江畔人家,259.2,109.4,7.8,333.7,710.2,627.1,83.1,919,808
2026-09-16,滨江街道,江畔人家,258.0,107.3,4.9,353.0,723.2,678.7,44.4,919,791
2026-09-17,滨江街道,江畔人家,256.1,95.2,5.1,412.3,768.7,703.3,65.4,919,810
2026-09-18,滨江街道,江畔人家,251.4,114.7,7.3,356.0,729.4,648.6,80.8,919,831
2026-09-19,滨江街道,江畔人家,317.8,132.4,7.4,477.9,935.5,888.3,47.1,919,840
2026-01-01,滨江街道,望江楼小区,290.6,140.2,8.1,397.6,836.5,649.9,186.6,1430,942
2026-01-02,滨江街道,望江楼小区,263.9,125.1,7.1,388.9,785.0,614.7,170.2,1430,868
2026-01-03,滨江街道,望江楼小区,336.6,152.2,6.8,567.5,1063.1,839.9,223.2,1430,935
2026-01-04,滨江街道,望江楼小区,326.3,173.2,6.0,485.2,990.8,758.8,231.9,1430,914
2026-01-05,滨江街道,望江楼小区,304.0,136.1,6.6,401.5,848.2,664.8,183.4,1430,882
2026-01-06,滨江街道,望江楼小区,266.1,120.3,5.4,402.0,793.8,592.0,201.8,1430,872
2026-01-07,滨江街道,望江楼小区,259.8,114.3,8.3,407.4,789.9,591.4,198.5,1430,874
2026-01-08,滨江街道,望江楼小区,285.6,147.6,6.0,440.0,879.2,703.4,175.9,1430,935
2026-01-09,滨江街道,望江楼小区,274.9,125.0,7.6,377.4,785.0,604.7,180.2,1430,828
2026-01-10,滨江街道,望江楼小区,360.5,161.7,7.9,523.7,1053.9,836.4,217.5,1430,962
2026-01-11,滨江街道,望江楼小区,316.3,153.7,9.6,469.8,949.4,723.4,226.0,1430,934
2026-01-12,滨江街道,望江楼小区,254.4,120.8,7.6,340.4,723.2,565.2,158.0,1430,900
2026-01-13,滨江街道,望江楼小区,311.0,132.0,8.4,417.1,868.4,661.5,206.9,1430,915
2026-01-14,滨江街道,望江楼小区,275.2,113.7,8.3,421.0,818.1,645.7,172.4,1430,854
2026-01-15,滨江街道,望江楼小区,256.9,131.8,7.4,390.1,786.2,632.2,154.0,1430,850
2026-01-16,滨江街道,望江楼小区,265.6,130.5,8.7,439.7,844.5,648.5,196.0,1430,886
2026-01-17,滨江街道,望江楼小区,327.7,168.1,6.2,453.8,955.8,768.5,187.3,1430,880
2026-01-18,滨江街道,望江楼小区,412.5,146.7,6.7,538.0,1103.9,901.5,202.3,1430,966
2026-01-19,滨江街道,望江楼小区,273.8,130.7,7.5,397.3,809.3,613.2,196.1,1430,859
2026-01-20,滨江街道,望江楼小区,374.8,136.1,7.5,383.0,901.4,695.9,205.5,1430,920
2026-01-21,滨江街道,望江楼小区,266.2,120.1,9.0,416.6,811.9,623.3,188.5,1430,859
2026-01-22,滨江街道,望江楼小区,282.9,113.8,5.0,383.2,785.0,609.5,175.5,1430,816
2026-01-23,滨江街道,望江楼小区,232.7,106.0,6.8,333.3,678.8,541.5,137.3,1430,764
2026-01-24,滨江街道,望江楼小区,347.1,163.1,6.6,462.9,979.6,760.4,219.1,1430,970
2026-01-25,滨江街道,望江楼小区,369.5,146.6,6.7,533.4,1056.3,850.1,206.1,1430,950
2026-01-26,滨江街道,望江楼小区,319.0,138.1,6.6,394.6,858.4,645.4,213.0,1430,921
2026-01-27,滨江街道,望江楼小区,245.3,119.7,7.2,343.1,715.2,554.7,160.6,1430,812
2026-01-28,滨江街道,望江楼小区,310.8,130.0,8.3,410.7,859.8,680.5,179.3,1430,887
2026-01-29,滨江街道,望江楼小区,258.3,113.5,6.3,375.7,753.7,600.7,153.1,1430,813
2026-01-30,滨江街道,望江楼小区,280.2,116.8,8.3,406.7,812.1,642.1,170.0,1430,885
2026-01-31,滨江街道,望江楼小区,308.6,150.3,7.2,465.5,931.6,720.1,211.5,1430,931
2026-02-01,滨江街道,望江楼小区,342.5,171.1,8.4,460.7,982.7,813.2,169.5,1430,892
2026-02-02,滨江街道,望江楼小区,253.5,107.6,5.8,358.3,725.2,556.0,169.3,1430,812
2026-02-03,滨江街道,望江楼小区,264.7,118.1,7.0,396.3,786.1,617.2,168.9,1430,891
2026-02-04,滨江街道,望江楼小区,255.6,127.4,7.6,393.0,783.7,642.7,141.0,1430,880
2026-02-05,滨江街道,望江楼小区,283.9,139.6,7.8,441.3,872.7,667.7,204.9,1430,946
2026-02-06,滨江街道,望江楼小区,276.6,136.7,6.5,406.3,826.2,675.6,150.6,1430,894
2026-02-07,滨江街道,望江楼小区,331.1,148.7,5.6,478.3,963.7,747.6,216.1,1430,897
2026-02-08,滨江街道,望江楼小区,359.2,146.7,8.1,488.3,1002.4,786.1,216.2,1430,997
2026-02-09,滨江街道,望江楼小区,275.9,127.7,6.0,362.4,771.9,625.2,146.8,1430,870
2026-02-10,滨江街道,望江楼小区,246.5,123.2,7.1,343.5,720.4,572.2,148.1,1430,823
2026-02-11,滨江街道,望江楼小区,295.8,125.1,6.2,387.1,814.3,631.8,182.5,1430,831
2026-02-12,滨江街道,望江楼小区,270.8,122.1,6.6,384.1,783.7,597.6,186.0,1430,841
2026-02-13,滨江街道,望江楼小区,271.3,116.8,7.1,398.0,793.3,625.4,167.8,1430,863
2026-02-14,滨江街道,望江楼小区,308.8,148.1,8.9,465.3,931.1,747.3,183.8,1430,891
2026-02-15,滨江街道,望江楼小区,326.9,170.0,7.8,472.8,977.5,773.8,203.7,1430,951
2026-02-16,滨江街道,望江楼小区,293.6,116.8,6.9,395.0,812.3,636.9,175.4,1430,848
2026-02-17,滨江街道,望江楼小区,285.6,108.5,7.3,394.0,795.5,615.5,180.0,1430,878
2026-02-18,滨江街道,望江楼小区,283.4,135.9,5.8,384.4,809.5,639.0,170.5,1430,872
2026-02-19,滨江街道,望江楼小区,293.1,155.5,7.8,429.1,885.5,707.5,178.0,1430,891
2026-02-20,滨江街道,望江楼小区,260.0,122.7,7.0,381.7,771.5,602.9,168.6,1430,828
2026-02-21,滨江街道,望江楼小区,337.1,158.0,8.4,451.1,954.6,759.1,195.5,1430,926
2026-02-22,滨江街道,望江楼小区,345.9,144.9,9.2,461.3,961.4,781.4,180.0,1430,914
2026-02-23,滨江街道,望江楼小区,272.1,124.7,6.9,391.0,794.6,628.0,166.7,1430,896
2026-02-24,滨江街道,望江楼小区,283.4,134.5,7.7,379.9,805.5,627.5,177.9,1430,918
2026-02-25,滨江街道,望江楼小区,269.2,108.9,6.5,337.3,721.8,574.8,147.0,1430,810
2026-02-26,滨江街道,望江楼小区,277.4,121.4,7.8,421.5,828.0,653.5,174.5,1430,910
2026-02-27,滨江街道,望江楼小区,316.1,141.7,7.5,385.3,850.5,632.1,218.4,1430,957
2026-02-28,滨江街道,望江楼小区,348.7,145.1,7.6,453.0,954.3,774.1,180.2,1430,917
2026-03-01,滨江街道,望江楼小区,376.0,172.0,9.1,498.9,1056.0,868.4,187.6,1430,893
2026-03-02,滨江街道,望江楼小区,293.7,114.1,9.3,444.5,861.5,683.4,178.1,1430,923
2026-03-03,滨江街道,望江楼小区,253.3,99.2,7.6,335.2,695.3,552.2,143.1,1430,820
2026-03-04,滨江街道,望江楼小区,245.6,119.3,6.4,395.6,766.8,613.4,153.4,1430,836
2026-03-05,滨江街道,望江楼小区,232.9,98.7,8.8,428.3,768.8,593.5,175.3,1430,840
2026-03-06,滨江街道,望江楼小区,263.1,125.7,6.2,382.1,777.0,618.9,158.2,1430,837
2026-03-07,滨江街道,望江楼小区,328.0,151.6,6.4,489.2,975.2,786.6,188.6,1430,920
2026-03-08,滨江街道,望江楼小区,379.5,150.7,8.7,441.0,980.0,782.3,197.7,1430,949
2026-03-09,滨江街道,望江楼小区,313.9,104.6,6.9,429.2,854.6,672.0,182.6,1430,874
2026-03-10,滨江街道,望江楼小区,281.7,122.6,8.7,398.9,812.0,633.9,178.1,1430,863
2026-03-11,滨江街道,望江楼小区,262.3,117.8,5.8,397.0,782.9,641.0,142.0,1430,857
2026-03-12,滨江街道,望江楼小区,278.3,107.8,7.6,369.1,762.7,600.9,161.8,1430,844
2026-03-13,滨江街道,望江楼小区,284.5,121.6,7.7,387.7,801.5,653.7,147.8,1430,856
2026-03-14,滨江街道,望江楼小区,361.3,169.3,8.8,487.6,1027.0,797.8,229.2,1430,987
2026-03-15,滨江街道,望江楼小区,351.2,168.7,7.6,534.9,1062.3,839.6,222.8,1430,972
2026-03-16,滨江街道,望江楼小区,276.9,126.2,8.5,397.0,808.6,648.8,159.8,1430,885
2026-03-17,滨江街道,望江楼小区,281.8,140.4,8.4,395.2,825.8,664.2,161.6,1430,874
2026-03-18,滨江街道,望江楼小区,266.7,120.8,7.7,396.3,791.5,632.1,159.4,1430,842
2026-03-19,滨江街道,望江楼小区,290.9,118.2,8.9,449.0,867.1,671.9,195.3,1430,914
2026-03-20,滨江街道,望江楼小区,302.6,141.4,8.1,375.2,827.2,661.4,165.8,1430,903
2026-03-21,滨江街道,望江楼小区,353.4,146.8,8.5,503.8,1012.5,853.5,159.0,1430,990
2026-03-22,滨江街道,望江楼小区,347.2,143.7,8.3,489.2,988.3,803.2,185.1,1430,976
2026-03-23,滨江街道,望江楼小区,256.9,120.8,7.1,349.8,734.6,585.8,148.8,1430,815
2026-03-24,滨江街道,望江楼小区,288.9,126.2,6.5,399.9,821.6,635.7,185.9,1430,873
2026-03-25,滨江街道,望江楼小区,255.6,125.4,9.6,367.0,757.5,622.6,135.0,1430,881
2026-03-26,滨江街道,望江楼小区,277.8,122.7,8.2,390.3,799.0,635.5,163.5,1430,863
2026-03-27,滨江街道,望江楼小区,271.7,115.1,5.3,396.7,788.7,645.0,143.7,1430,867
2026-03-28,滨江街道,望江楼小区,369.7,150.2,7.4,529.2,1056.5,891.4,165.1,1430,964
2026-03-29,滨江街道,望江楼小区,389.3,162.7,8.3,498.6,1059.0,892.6,166.3,1430,1008
2026-03-30,滨江街道,望江楼小区,264.5,112.7,5.3,370.0,752.4,578.4,174.0,1430,824
2026-03-31,滨江街道,望江楼小区,257.3,112.2,6.0,391.0,766.5,604.8,161.7,1430,822
2026-04-01,滨江街道,望江楼小区,252.8,111.5,6.7,344.2,715.2,549.5,165.7,1430,790
2026-04-02,滨江街道,望江楼小区,272.7,138.7,6.7,392.5,810.5,637.1,173.4,1430,875
2026-04-03,滨江街道,望江楼小区,286.9,127.8,7.7,397.0,819.4,694.1,125.3,1430,867
2026-04-04,滨江街道,望江楼小区,338.1,157.2,10.3,529.2,1034.8,846.5,188.3,1430,951
2026-04-05,滨江街道,望江楼小区,343.4,155.0,9.1,556.2,1063.6,872.2,191.4,1430,983
2026-04-06,滨江街道,望江楼小区,311.5,120.5,9.0,389.1,830.1,654.6,175.4,1430,854
2026-04-07,滨江街道,望江楼小区,291.9,134.5,5.9,379.8,812.1,655.3,156.8,1430,862
2026-04-08,滨江街道,望江楼小区,270.0,131.9,8.2,380.6,790.7,647.6,143.1,1430,869
2026-04-09,滨江街道,望江楼小区,249.6,116.4,6.6,349.5,722.0,582.2,139.8,1430,823
2026-04-10,滨江街道,望江楼小区,272.6,99.2,5.7,333.6,711.1,561.5,149.6,1430,829
2026-04-11,滨江街道,望江楼小区,320.4,159.5,8.9,403.5,892.4,733.6,158.8,1430,869
2026-04-12,滨江街道,望江楼小区,309.7,144.2,8.7,485.0,947.6,776.9,170.6,1430,904
2026-04-13,滨江街道,望江楼小区,253.1,119.3,6.4,409.2,788.0,622.2,165.7,1430,905
2026-04-14,滨江街道,望江楼小区,275.2,121.9,7.5,394.6,799.2,638.4,160.7,1430,869
2026-04-15,滨江街道,望江楼小区,299.9,119.4,7.1,430.4,856.8,683.3,173.6,1430,892
2026-04-16,滨江街道,望江楼小区,281.1,129.6,6.6,488.5,905.9,709.0,196.9,1430,952
2026-04-17,滨江街道,望江楼小区,267.0,120.3,6.5,380.8,774.6,614.6,160.0,1430,853
2026-04-18,滨江街道,望江楼小区,349.6,166.0,9.2,485.6,1010.5,758.9,251.6,1430,949
2026-04-19,滨江街道,望江楼小区,346.4,138.3,6.0,460.1,950.8,788.4,162.4,1430,899
2026-04-20,滨江街道,望江楼小区,309.1,116.4,8.3,382.1,815.9,675.4,140.5,1430,883
2026-04-21,滨江街道,望江楼小区,294.3,126.3,6.3,419.4,846.3,682.6,163.7,1430,884
2026-04-22,滨江街道,望江楼小区,243.6,123.8,6.5,379.5,753.5,628.2,125.3,1430,850
2026-04-23,滨江街道,望江楼小区,269.2,118.7,8.5,385.4,781.9,635.4,146.6,1430,855
2026-04-24,滨江街道,望江楼小区,265.9,105.4,5.2,385.2,761.7,594.4,167.3,1430,824
2026-04-25,滨江街道,望江楼小区,348.7,152.2,8.2,499.6,1008.6,834.0,174.6,1430,931
2026-04-26,滨江街道,望江楼小区,355.3,145.8,7.5,506.7,1015.4,779.4,235.9,1430,936
2026-04-27,滨江街道,望江楼小区,321.8,130.4,7.3,356.5,816.0,656.1,159.9,1430,940
2026-04-28,滨江街道,望江楼小区,264.9,115.8,7.3,399.8,787.8,627.6,160.2,1430,817
2026-04-29,滨江街道,望江楼小区,315.7,122.7,7.2,428.2,873.7,700.8,172.9,1430,973
2026-04-30,滨江街道,望江楼小区,262.2,115.3,6.2,394.0,777.7,632.4,145.3,1430,834
2026-05-01,滨江街道,望江楼小区,290.8,142.9,6.0,383.8,823.5,676.8,146.7,1430,927
2026-05-02,滨江街道,望江楼小区,375.4,145.6,7.1,484.8,1012.8,810.7,202.1,1430,949
2026-05-03,滨江街道,望江楼小区,330.7,134.2,6.8,515.4,987.1,821.9,165.2,1430,928
2026-05-04,滨江街道,望江楼小区,291.2,112.9,8.4,413.7,826.1,670.8,155.4,1430,845
2026-05-05,滨江街道,望江楼小区,298.5,117.4,6.2,387.5,809.5,656.8,152.7,1430,813
2026-05-06,滨江街道,望江楼小区,286.9,134.0,6.2,437.0,864.1,711.1,153.0,1430,933
2026-05-07,滨江街道,望江楼小区,282.0,122.0,6.2,419.5,829.7,672.0,157.7,1430,889
2026-05-08,滨江街道,望江楼小区,282.2,123.6,6.8,350.3,762.9,638.6,124.3,1430,853
2026-05-09,滨江街道,望江楼小区,296.2,164.9,7.7,472.7,941.4,752.1,189.4,1430,915
2026-05-10,滨江街道,望江楼小区,320.1,164.0,6.3,474.2,964.5,755.1,209.4,1430,870
2026-05-11,滨江街道,望江楼小区,302.9,119.8,6.3,431.2,860.2,689.6,170.6,1430,880
2026-05-12,滨江街道,望江楼小区,283.8,144.8,7.7,426.8,863.0,700.0,163.0,1430,924
2026-05-13,滨江街道,望江楼小区,273.9,115.7,7.9,380.5,778.0,632.3,145.7,1430,856
2026-05-14,滨江街道,望江楼小区,232.2,118.4,5.4,368.8,724.9,567.9,157.0,1430,805
2026-05-15,滨江街道,望江楼小区,287.1,123.9,4.7,385.7,801.4,651.4,150.1,1430,874
2026-05-16,滨江街道,望江楼小区,414.9,147.1,7.7,480.0,1049.8,871.3,178.5,1430,1019
2026-05-17,滨江街道,望江楼小区,372.8,161.8,9.8,552.1,1096.5,931.6,164.8,1430,992
2026-05-18,滨江街道,望江楼小区,281.1,133.5,8.1,399.1,821.8,683.0,138.8,1430,897
2026-05-19,滨江街道,望江楼小区,327.4,122.1,7.1,425.6,882.2,709.3,172.9,1430,926
2026-05-20,滨江街道,望江楼小区,306.3,123.8,7.4,427.6,865.1,708.6,156.5,1430,855
2026-05-21,滨江街道,望江楼小区,259.1,120.5,5.6,410.9,796.1,638.7,157.5,1430,873
2026-05-22,滨江街道,望江楼小区,275.1,128.7,5.8,394.0,803.7,657.3,146.4,1430,865
2026-05-23,滨江街道,望江楼小区,334.4,122.8,6.9,420.8,884.8,738.7,146.1,1430,872
2026-05-24,滨江街道,望江楼小区,299.6,146.3,6.8,425.1,877.8,744.4,133.4,1430,899
2026-05-25,滨江街道,望江楼小区,238.2,105.9,7.1,385.2,736.4,603.7,132.7,1430,792
2026-05-26,滨江街道,望江楼小区,240.9,125.8,8.7,422.1,797.5,662.1,135.5,1430,871
2026-05-27,滨江街道,望江楼小区,256.1,135.0,5.3,347.0,743.4,608.6,134.8,1430,826
2026-05-28,滨江街道,望江楼小区,256.1,135.9,7.4,377.8,777.1,642.9,134.2,1430,859
2026-05-29,滨江街道,望江楼小区,308.3,151.1,8.8,420.9,889.1,702.1,187.0,1430,965
2026-05-30,滨江街道,望江楼小区,406.2,140.1,8.8,519.4,1074.4,873.6,200.8,1430,1011
2026-05-31,滨江街道,望江楼小区,325.8,148.9,6.8,482.1,963.6,774.5,189.2,1430,960
2026-06-01,滨江街道,望江楼小区,294.0,121.8,8.8,372.6,797.1,651.1,146.1,1430,836
2026-06-02,滨江街道,望江楼小区,295.2,131.8,8.5,399.0,834.5,674.4,160.1,1430,955
2026-06-03,滨江街道,望江楼小区,312.5,136.1,8.8,404.6,861.9,716.1,145.8,1430,905
2026-06-04,滨江街道,望江楼小区,283.2,121.2,8.4,481.2,894.0,717.5,176.5,1430,970
2026-06-05,滨江街道,望江楼小区,261.7,124.0,5.6,434.8,826.1,678.6,147.5,1430,922
2026-06-06,滨江街道,望江楼小区,340.1,157.0,7.0,479.8,983.9,789.3,194.6,1430,896
2026-06-07,滨江街道,望江楼小区,324.6,158.7,8.3,514.3,1005.9,844.7,161.2,1430,942
2026-06-08,滨江街道,望江楼小区,276.5,116.0,6.2,366.5,765.2,630.3,134.9,1430,829
2026-06-09,滨江街道,望江楼小区,269.8,118.7,7.0,455.1,850.6,685.3,165.3,1430,918
2026-06-10,滨江街道,望江楼小区,280.7,126.2,5.4,312.9,725.3,607.1,118.2,1430,809
2026-06-11,滨江街道,望江楼小区,326.7,121.2,9.7,365.3,822.9,672.1,150.8,1430,928
2026-06-12,滨江街道,望江楼小区,295.6,133.9,8.0,357.7,795.1,645.2,149.9,1430,862
2026-06-13,滨江街道,望江楼小区,323.9,132.8,9.1,498.1,963.9,815.0,148.8,1430,973
2026-06-14,滨江街道,望江楼小区,354.3,150.7,6.0,545.9,1056.8,852.8,204.0,1430,942
2026-06-15,滨江街道,望江楼小区,271.9,124.6,5.8,396.9,799.3,668.3,131.0,1430,865
2026-06-16,滨江街道,望江楼小区,261.6,112.3,9.0,396.1,778.9,618.6,160.4,1430,877
2026-06-17,滨江街道,望江楼小区,244.8,115.2,6.5,313.6,680.1,558.9,121.2,1430,793
2026-06-18,滨江街道,望江楼小区,309.3,118.9,5.1,379.4,812.7,667.9,144.8,1430,895
2026-06-19,滨江街道,望江楼小区,247.7,123.0,9.0,410.1,789.9,630.6,159.3,1430,911
2026-06-20,滨江街道,望江楼小区,294.5,159.1,7.2,458.8,919.5,778.1,141.4,1430,881
2026-06-21,滨江街道,望江楼小区,328.1,169.1,11.5,508.8,1017.4,824.0,193.4,1430,955
2026-06-22,滨江街道,望江楼小区,223.0,122.2,5.3,339.3,689.8,556.4,133.4,1430,771
2026-06-23,滨江街道,望江楼小区,298.2,127.8,7.6,408.7,842.3,699.0,143.3,1430,943
2026-06-24,滨江街道,望江楼小区,290.2,148.9,7.7,432.5,879.4,710.3,169.1,1430,897
2026-06-25,滨江街道,望江楼小区,276.4,130.3,8.0,407.1,821.8,656.5,165.4,1430,902
2026-06-26,滨江街道,望江楼小区,323.2,140.0,9.8,388.5,861.5,742.1,119.4,1430,941
2026-06-27,滨江街道,望江楼小区,323.4,153.1,8.7,438.9,924.1,789.9,134.3,1430,909
2026-06-28,滨江街道,望江楼小区,347.5,164.6,12.8,506.8,1031.8,846.9,184.9,1430,955
2026-06-29,滨江街道,望江楼小区,258.6,107.0,7.1,381.0,753.7,606.6,147.1,1430,824
2026-06-30,滨江街道,望江楼小区,295.5,133.8,8.5,458.1,895.9,725.4,170.5,1430,965
2026-07-01,滨江街道,望江楼小区,306.7,119.5,8.3,427.6,862.1,731.7,130.3,1430,900
2026-07-02,滨江街道,望江楼小区,245.5,121.1,4.4,375.4,746.4,636.7,109.7,1430,810
2026-07-03,滨江街道,望江楼小区,267.3,110.1,6.3,374.4,758.1,640.5,117.6,1430,857
2026-07-04,滨江街道,望江楼小区,333.8,145.1,9.8,466.0,954.7,788.1,166.6,1430,922
2026-07-05,滨江街道,望江楼小区,330.0,130.5,5.9,447.2,913.5,771.0,142.5,1430,929
2026-07-06,滨江街道,望江楼小区,266.8,124.3,6.0,411.0,808.2,670.1,138.1,1430,928
2026-07-07,滨江街道,望江楼小区,275.4,135.7,7.4,371.0,789.5,667.3,122.2,1430,863
2026-07-08,滨江街道,望江楼小区,277.6,123.4,5.5,384.7,791.3,655.7,135.6,1430,846
2026-07-09,滨江街道,望江楼小区,304.4,131.6,6.9,430.7,873.7,719.6,154.0,1430,905
2026-07-10,滨江街道,望江楼小区,217.9,114.9,5.8,380.2,718.8,582.3,136.5,1430,825
2026-07-11,滨江街道,望江楼小区,350.5,137.3,7.9,463.5,959.1,769.6,189.6,1430,926
2026-07-12,滨江街道,望江楼小区,381.5,158.8,6.9,492.9,1040.1,870.8,169.3,1430,979
2026-07-13,滨江街道,望江楼小区,265.3,113.8,6.6,354.9,740.6,620.1,120.5,1430,838
2026-07-14,滨江街道,望江楼小区,306.5,109.7,7.6,434.1,857.9,679.9,178.0,1430,904
2026-07-15,滨江街道,望江楼小区,261.3,121.7,7.2,391.0,781.2,653.5,127.7,1430,864
2026-07-16,滨江街道,望江楼小区,274.1,121.4,6.9,378.3,780.6,642.1,138.5,1430,835
2026-07-17,滨江街道,望江楼小区,295.5,112.9,8.1,414.3,830.7,711.1,119.6,1430,855
2026-07-18,滨江街道,望江楼小区,388.0,153.8,7.8,567.7,1117.3,930.2,187.1,1430,1025
2026-07-19,滨江街道,望江楼小区,331.4,148.6,6.7,541.3,1028.0,878.3,149.6,1430,908
2026-07-20,滨江街道,望江楼小区,302.1,119.5,8.2,357.9,787.7,653.8,133.9,1430,879
2026-07-21,滨江街道,望江楼小区,325.9,122.0,6.5,431.6,886.0,724.5,161.6,1430,927
2026-07-22,滨江街道,望江楼小区,293.4,116.6,5.2,362.1,777.3,633.2,144.1,1430,870
2026-07-23,滨江街道,望江楼小区,252.1,100.4,8.2,411.0,771.7,637.4,134.3,1430,802
2026-07-24,滨江街道,望江楼小区,269.8,122.0,9.4,390.8,791.8,638.8,153.0,1430,893
2026-07-25,滨江街道,望江楼小区,359.9,113.2,6.8,471.2,951.1,792.0,159.2,1430,913
2026-07-26,滨江街道,望江楼小区,391.6,142.4,10.8,470.4,1015.2,838.4,176.7,1430,990
2026-07-27,滨江街道,望江楼小区,275.7,120.3,7.1,404.6,807.7,685.8,122.0,1430,888
2026-07-28,滨江街道,望江楼小区,266.4,110.8,6.2,366.2,749.6,606.6,143.0,1430,872
2026-07-29,滨江街道,望江楼小区,290.1,147.6,5.2,416.6,859.4,703.2,156.2,1430,900
2026-07-30,滨江街道,望江楼小区,306.3,126.7,7.5,394.6,835.2,689.8,145.4,1430,917
2026-07-31,滨江街道,望江楼小区,268.5,111.9,6.0,355.5,741.9,620.9,121.0,1430,801
2026-08-01,滨江街道,望江楼小区,451.7,179.5,7.4,543.3,1181.9,996.0,185.9,1430,1011
2026-08-02,滨江街道,望江楼小区,312.5,146.7,8.3,430.3,897.9,770.1,127.8,1430,916
2026-08-03,滨江街道,望江楼小区,291.6,142.5,5.9,471.1,911.1,747.6,163.5,1430,909
2026-08-04,滨江街道,望江楼小区,254.1,101.9,6.3,357.1,719.4,579.8,139.7,1430,797
2026-08-05,滨江街道,望江楼小区,278.5,115.7,8.0,377.5,779.7,647.2,132.5,1430,848
2026-08-06,滨江街道,望江楼小区,257.2,102.7,5.3,377.1,742.3,605.9,136.4,1430,812
2026-08-07,滨江街道,望江楼小区,305.3,131.8,6.5,445.2,888.8,712.5,176.4,1430,945
2026-08-08,滨江街道,望江楼小区,344.9,130.3,5.8,448.1,929.0,785.5,143.5,1430,926
2026-08-09,滨江街道,望江楼小区,374.7,143.0,8.3,491.4,1017.4,866.6,150.7,1430,956
2026-08-10,滨江街道,望江楼小区,287.2,119.9,7.3,402.3,816.7,666.9,149.8,1430,901
2026-08-11,滨江街道,望江楼小区,256.5,122.1,6.1,367.0,751.8,624.6,127.2,1430,867
2026-08-12,滨江街道,望江楼小区,296.4,122.9,6.7,428.2,854.3,708.4,145.9,1430,916
2026-08-13,滨江街道,望江楼小区,262.8,114.9,6.8,471.1,855.6,676.3,179.3,1430,919
2026-08-14,滨江街道,望江楼小区,299.1,110.4,7.5,398.4,815.4,704.3,111.1,1430,915
2026-08-15,滨江街道,望江楼小区,344.1,166.0,5.8,500.1,1016.0,844.2,171.8,1430,962
2026-08-16,滨江街道,望江楼小区,351.6,138.1,7.7,479.3,976.6,810.3,166.3,1430,938
2026-08-17,滨江街道,望江楼小区,273.9,113.8,6.9,382.4,777.0,638.4,138.5,1430,864
2026-08-18,滨江街道,望江楼小区,312.7,129.4,7.8,403.2,853.1,701.7,151.4,1430,953
2026-08-19,滨江街道,望江楼小区,258.6,125.8,6.5,383.7,774.5,639.5,135.0,1430,871
2026-08-20,滨江街道,望江楼小区,310.9,120.0,6.4,476.2,913.4,752.0,161.4,1430,1011
2026-08-21,滨江街道,望江楼小区,295.4,127.0,6.6,378.8,807.9,692.9,115.0,1430,855
2026-08-22,滨江街道,望江楼小区,374.2,151.4,7.7,578.7,1112.2,944.0,168.1,1430,993
2026-08-23,滨江街道,望江楼小区,377.5,163.4,8.1,542.3,1091.2,927.7,163.6,1430,993
2026-08-24,滨江街道,望江楼小区,275.0,129.4,7.1,395.8,807.3,683.4,123.9,1430,896
2026-08-25,滨江街道,望江楼小区,277.3,106.9,6.7,429.4,820.2,723.3,97.0,1430,818
2026-08-26,滨江街道,望江楼小区,272.7,111.6,7.8,371.7,763.8,623.4,140.4,1430,853
2026-08-27,滨江街道,望江楼小区,237.5,113.7,5.2,407.6,764.0,645.8,118.2,1430,827
2026-08-28,滨江街道,望江楼小区,275.6,112.2,5.4,427.2,820.3,661.2,159.1,1430,840
2026-08-29,滨江街道,望江楼小区,344.1,161.4,8.1,466.4,980.0,811.0,169.0,1430,947
2026-08-30,滨江街道,望江楼小区,364.1,138.7,10.2,467.8,980.8,823.6,157.2,1430,946
2026-08-31,滨江街道,望江楼小区,247.2,109.0,5.8,366.5,728.5,607.1,121.4,1430,835
2026-09-01,滨江街道,望江楼小区,279.7,119.4,6.9,437.5,843.5,694.8,148.7,1430,916
2026-09-02,滨江街道,望江楼小区,259.0,112.7,5.8,429.3,806.8,681.9,124.9,1430,882
2026-09-03,滨江街道,望江楼小区,262.9,111.4,6.0,393.2,773.5,658.2,115.3,1430,850
2026-09-04,滨江街道,望江楼小区,336.7,151.7,8.6,428.2,925.2,773.6,151.6,1430,976
2026-09-05,滨江街道,望江楼小区,382.7,156.8,7.8,491.7,1039.1,897.9,141.2,1430,943
2026-09-06,滨江街道,望江楼小区,368.6,142.3,5.8,443.7,960.4,849.6,110.8,1430,897
2026-09-07,滨江街道,望江楼小区,275.1,129.8,8.7,395.5,809.1,656.7,152.4,1430,915
2026-09-08,滨江街道,望江楼小区,259.8,142.9,7.5,368.1,778.3,651.0,127.2,1430,831
2026-09-09,滨江街道,望江楼小区,285.4,119.8,7.7,376.1,789.0,655.1,133.9,1430,885
2026-09-10,滨江街道,望江楼小区,269.4,134.0,7.2,364.1,774.8,638.5,136.3,1430,903
2026-09-11,滨江街道,望江楼小区,271.5,111.7,8.6,390.6,782.5,659.9,122.6,1430,814
2026-09-12,滨江街道,望江楼小区,306.3,127.2,9.2,450.5,893.1,745.1,148.1,1430,871
2026-09-13,滨江街道,望江楼小区,344.4,151.9,8.9,498.8,1004.0,873.6,130.4,1430,946
2026-09-14,滨江街道,望江楼小区,300.6,129.1,5.0,446.9,881.5,724.9,156.7,1430,956
2026-09-15,滨江街道,望江楼小区,278.3,119.1,6.7,412.2,816.4,688.4,128.1,1430,891
2026-09-16,滨江街道,望江楼小区,297.1,122.0,6.5,399.4,825.0,703.6,121.4,1430,877
2026-09-17,滨江街道,望江楼小区,261.7,115.7,5.3,399.4,782.1,638.8,143.2,1430,897
2026-09-18,滨江街道,望江楼小区,293.4,149.0,7.5,379.1,829.0,721.5,107.5,1430,882
2026-09-19,滨江街道,望江楼小区,339.4,147.5,8.9,527.2,1023.0,861.4,161.6,1430,958
2026-01-01,滨江街道,滨水雅苑,113.6,53.6,3.5,193.2,363.8,278.9,85.0,503,365
2026-01-02,滨江街道,滨水雅苑,123.0,49.2,2.9,162.8,337.9,266.2,71.7,503,371
2026-01-03,滨江街道,滨水雅苑,147.4,72.2,3.2,194.4,417.2,317.5,99.8,503,405
2026-01-04,滨江街道,滨水雅苑,127.0,62.8,2.9,202.9,395.6,317.8,77.7,503,371
2026-01-05,滨江街道,滨水雅苑,116.3,56.5,3.3,174.9,351.1,267.1,84.0,503,374
2026-01-06,滨江街道,滨水雅苑,129.0,47.9,2.5,175.1,354.5,292.1,62.4,503,372
2026-01-07,滨江街道,滨水雅苑,124.3,58.9,3.1,174.3,360.5,277.2,83.3,503,386
2026-01-08,滨江街道,滨水雅苑,112.9,53.5,2.9,161.6,330.9,266.5,64.4,503,368
2026-01-09,滨江街道,滨水雅苑,125.3,54.2,2.5,180.4,362.4,288.0,74.4,503,402
2026-01-10,滨江街道,滨水雅苑,153.7,72.1,3.7,229.6,459.1,376.5,82.7,503,415
2026-01-11,滨江街道,滨水雅苑,155.5,61.8,3.8,231.6,452.7,373.9,78.8,503,427
2026-01-12,滨江街道,滨水雅苑,142.8,58.4,3.3,164.4,368.9,304.1,64.8,503,397
2026-01-13,滨江街道,滨水雅苑,119.6,51.9,3.2,165.1,339.7,272.3,67.4,503,369
2026-01-14,滨江街道,滨水雅苑,109.1,51.9,3.6,158.5,323.0,262.6,60.4,503,337
2026-01-15,滨江街道,滨水雅苑,121.6,55.5,3.0,163.2,343.3,283.7,59.6,503,380
2026-01-16,滨江街道,滨水雅苑,119.2,50.6,2.7,157.0,329.6,259.3,70.3,503,361
2026-01-17,滨江街道,滨水雅苑,142.7,60.3,3.8,197.8,404.6,330.6,74.0,503,415
2026-01-18,滨江街道,滨水雅苑,173.2,72.9,3.8,252.9,502.8,411.3,91.5,503,427
2026-01-19,滨江街道,滨水雅苑,124.9,50.6,3.6,166.6,345.6,260.6,85.0,503,371
2026-01-20,滨江街道,滨水雅苑,116.0,50.1,3.1,160.7,329.9,263.4,66.5,503,374
2026-01-21,滨江街道,滨水雅苑,132.6,49.6,2.4,174.6,359.2,292.1,67.1,503,388
2026-01-22,滨江街道,滨水雅苑,122.9,57.5,3.5,164.6,348.5,295.6,52.9,503,397
2026-01-23,滨江街道,滨水雅苑,119.3,52.6,3.6,161.3,336.8,276.4,60.4,503,375
2026-01-24,滨江街道,滨水雅苑,132.8,64.1,3.9,218.6,419.4,326.1,93.4,503,408
2026-01-25,滨江街道,滨水雅苑,175.2,63.3,3.5,207.7,449.7,371.8,77.8,503,412
2026-01-26,滨江街道,滨水雅苑,133.7,50.6,3.7,175.8,363.9,295.9,67.9,503,377
2026-01-27,滨江街道,滨水雅苑,125.5,55.6,3.0,166.5,350.6,278.9,71.7,503,386
2026-01-28,滨江街道,滨水雅苑,118.5,44.6,2.7,164.7,330.5,261.1,69.4,503,352
2026-01-29,滨江街道,滨水雅苑,111.7,51.0,2.8,171.2,336.7,273.2,63.6,503,351
2026-01-30,滨江街道,滨水雅苑,116.6,46.5,2.1,154.7,319.9,250.0,70.0,503,347
2026-01-31,滨江街道,滨水雅苑,162.6,57.8,3.1,184.7,408.2,338.9,69.3,503,384
2026-02-01,滨江街道,滨水雅苑,135.3,81.1,3.0,202.0,421.4,343.3,78.1,503,402
2026-02-02,滨江街道,滨水雅苑,139.3,51.8,3.4,163.6,358.1,293.4,64.7,503,407
2026-02-03,滨江街道,滨水雅苑,108.3,49.7,3.0,157.3,318.2,260.4,57.9,503,355
2026-02-04,滨江街道,滨水雅苑,129.7,49.5,4.0,167.2,350.5,290.6,59.8,503,390
2026-02-05,滨江街道,滨水雅苑,135.3,62.3,2.1,182.4,382.1,318.3,63.7,503,410
2026-02-06,滨江街道,滨水雅苑,116.9,53.7,2.1,181.3,354.1,291.0,63.1,503,393
2026-02-07,滨江街道,滨水雅苑,166.7,65.4,3.7,215.6,451.3,352.1,99.3,503,422
2026-02-08,滨江街道,滨水雅苑,147.8,54.6,2.4,198.8,403.6,330.3,73.3,503,387
2026-02-09,滨江街道,滨水雅苑,117.9,62.4,3.1,174.8,358.1,285.8,72.3,503,383
2026-02-10,滨江街道,滨水雅苑,130.5,57.1,3.5,158.9,350.1,282.0,68.1,503,394
2026-02-11,滨江街道,滨水雅苑,119.5,55.4,3.0,176.1,354.1,272.6,81.5,503,378
2026-02-12,滨江街道,滨水雅苑,111.9,54.7,2.3,174.2,343.1,267.4,75.6,503,379
2026-02-13,滨江街道,滨水雅苑,126.3,53.3,2.3,161.6,343.6,266.4,77.1,503,374
2026-02-14,滨江街道,滨水雅苑,140.5,63.8,3.2,203.4,410.9,323.3,87.6,503,379
2026-02-15,滨江街道,滨水雅苑,138.0,62.2,2.6,196.8,399.6,325.1,74.4,503,400
2026-02-16,滨江街道,滨水雅苑,145.4,47.5,3.0,156.2,352.0,282.9,69.2,503,378
2026-02-17,滨江街道,滨水雅苑,125.9,50.5,2.9,164.0,343.3,272.9,70.4,503,374
2026-02-18,滨江街道,滨水雅苑,115.4,52.0,3.2,163.7,334.3,259.7,74.6,503,369
2026-02-19,滨江街道,滨水雅苑,116.7,46.7,3.2,171.9,338.5,269.9,68.6,503,353
2026-02-20,滨江街道,滨水雅苑,116.4,52.4,2.8,158.3,329.9,263.4,66.5,503,364
2026-02-21,滨江街道,滨水雅苑,148.5,58.1,3.5,203.6,413.8,341.0,72.8,503,412
2026-02-22,滨江街道,滨水雅苑,133.7,66.0,3.5,218.8,422.0,345.1,76.9,503,407
2026-02-23,滨江街道,滨水雅苑,120.6,50.5,2.3,149.8,323.2,259.9,63.3,503,349
2026-02-24,滨江街道,滨水雅苑,121.2,58.3,2.4,164.9,346.8,279.5,67.2,503,390
2026-02-25,滨江街道,滨水雅苑,128.2,60.4,3.0,158.5,350.2,267.8,82.4,503,366
2026-02-26,滨江街道,滨水雅苑,112.5,51.6,3.8,163.1,331.0,264.2,66.9,503,386
2026-02-27,滨江街道,滨水雅苑,123.7,50.6,3.1,177.4,354.7,279.7,75.0,503,380
2026-02-28,滨江街道,滨水雅苑,147.9,73.3,3.0,192.6,416.8,354.0,62.8,503,403
2026-03-01,滨江街道,滨水雅苑,158.7,67.4,2.7,217.6,446.5,368.0,78.5,503,422
2026-03-02,滨江街道,滨水雅苑,114.2,49.1,2.6,165.3,331.2,274.9,56.3,503,362
2026-03-03,滨江街道,滨水雅苑,116.8,47.5,3.2,168.9,336.4,274.4,62.0,503,387
2026-03-04,滨江街道,滨水雅苑,147.5,53.1,3.6,193.9,398.1,334.7,63.4,503,409
2026-03-05,滨江街道,滨水雅苑,129.9,52.6,3.1,154.3,339.9,279.2,60.7,503,376
2026-03-06,滨江街道,滨水雅苑,124.1,53.8,3.1,169.2,350.1,286.9,63.2,503,377
2026-03-07,滨江街道,滨水雅苑,135.9,67.9,2.9,192.6,399.3,333.0,66.3,503,403
2026-03-08,滨江街道,滨水雅苑,150.0,55.7,3.1,227.6,436.4,349.7,86.7,503,410
2026-03-09,滨江街道,滨水雅苑,128.8,56.4,3.5,144.0,332.7,266.1,66.7,503,378
2026-03-10,滨江街道,滨水雅苑,145.0,51.4,2.4,176.0,374.9,314.5,60.4,503,391
2026-03-11,滨江街道,滨水雅苑,133.5,54.4,3.0,181.6,372.4,298.9,73.4,503,391
2026-03-12,滨江街道,滨水雅苑,128.0,58.2,3.5,167.5,357.3,287.0,70.3,503,376
2026-03-13,滨江街道,滨水雅苑,115.9,52.5,2.7,170.3,341.5,262.7,78.8,503,379
2026-03-14,滨江街道,滨水雅苑,153.3,57.7,3.1,212.1,426.1,341.3,84.8,503,387
2026-03-15,滨江街道,滨水雅苑,156.6,71.3,4.1,221.9,454.0,379.6,74.4,503,418
2026-03-16,滨江街道,滨水雅苑,124.5,49.7,3.8,167.2,345.1,267.4,77.8,503,373
2026-03-17,滨江街道,滨水雅苑,126.0,56.5,3.6,164.0,350.1,283.3,66.8,503,398
2026-03-18,滨江街道,滨水雅苑,126.3,61.9,2.5,159.8,350.4,281.2,69.2,503,393
2026-03-19,滨江街道,滨水雅苑,124.6,57.0,3.5,168.9,354.0,290.8,63.1,503,394
2026-03-20,滨江街道,滨水雅苑,129.7,49.0,3.0,170.3,352.0,279.8,72.1,503,384
2026-03-21,滨江街道,滨水雅苑,144.6,72.2,3.0,206.5,426.3,352.6,73.6,503,406
2026-03-22,滨江街道,滨水雅苑,149.9,65.2,3.5,211.3,429.9,340.1,89.8,503,395
2026-03-23,滨江街道,滨水雅苑,107.4,47.6,2.7,157.0,314.8,266.1,48.7,503,370
2026-03-24,滨江街道,滨水雅苑,140.4,58.3,4.4,176.2,379.3,307.0,72.3,503,400
2026-03-25,滨江街道,滨水雅苑,113.8,52.3,3.4,177.6,347.1,270.2,76.9,503,397
2026-03-26,滨江街道,滨水雅苑,116.1,55.1,2.9,155.4,329.5,265.0,64.5,503,363
2026-03-27,滨江街道,滨水雅苑,120.9,53.1,2.6,145.4,322.0,252.9,69.1,503,369
2026-03-28,滨江街道,滨水雅苑,150.7,59.6,2.7,205.3,418.3,346.0,72.2,503,393
2026-03-29,滨江街道,滨水雅苑,154.7,69.1,2.6,201.7,428.1,369.1,59.0,503,417
2026-03-30,滨江街道,滨水雅苑,142.7,58.8,3.3,166.9,371.7,283.5,88.3,503,407
2026-03-31,滨江街道,滨水雅苑,131.6,54.6,2.5,199.5,388.2,312.0,76.2,503,408
2026-04-01,滨江街道,滨水雅苑,107.8,45.0,2.8,162.2,317.8,258.1,59.6,503,356
2026-04-02,滨江街道,滨水雅苑,126.7,60.1,3.0,212.8,402.6,323.9,78.7,503,394
2026-04-03,滨江街道,滨水雅苑,111.0,50.8,2.3,169.0,333.1,267.6,65.5,503,369
2026-04-04,滨江街道,滨水雅苑,139.1,64.0,3.6,243.6,450.4,356.4,94.0,503,410
2026-04-05,滨江街道,滨水雅苑,142.7,60.8,2.9,220.2,426.6,343.9,82.7,503,405
2026-04-06,滨江街道,滨水雅苑,136.5,53.7,3.1,178.4,371.8,299.2,72.6,503,416
2026-04-07,滨江街道,滨水雅苑,105.7,47.8,3.2,173.5,330.2,273.4,56.8,503,358
2026-04-08,滨江街道,滨水雅苑,124.5,58.3,2.6,157.5,343.0,287.6,55.4,503,391
2026-04-09,滨江街道,滨水雅苑,117.0,51.9,3.0,174.7,346.6,284.7,61.9,503,367
2026-04-10,滨江街道,滨水雅苑,120.0,54.4,2.8,171.2,348.4,288.6,59.7,503,385
2026-04-11,滨江街道,滨水雅苑,155.0,62.4,3.8,222.1,443.3,386.9,56.4,503,410
2026-04-12,滨江街道,滨水雅苑,160.9,73.3,3.4,211.2,448.9,376.8,72.1,503,411
2026-04-13,滨江街道,滨水雅苑,113.1,51.4,2.3,174.5,341.3,283.2,58.1,503,369
2026-04-14,滨江街道,滨水雅苑,118.5,52.7,2.8,168.1,342.1,272.4,69.7,503,375
2026-04-15,滨江街道,滨水雅苑,114.9,57.4,2.2,167.1,341.6,277.5,64.1,503,376
2026-04-16,滨江街道,滨水雅苑,114.1,52.3,3.1,186.7,356.1,286.7,69.4,503,389
2026-04-17,滨江街道,滨水雅苑,113.4,54.9,2.4,163.5,334.2,273.9,60.3,503,365
2026-04-18,滨江街道,滨水雅苑,173.9,62.6,3.4,198.7,438.7,362.1,76.6,503,402
2026-04-19,滨江街道,滨水雅苑,149.6,67.5,2.9,203.4,423.4,353.6,69.8,503,421
2026-04-20,滨江街道,滨水雅苑,103.5,60.3,2.7,165.8,332.3,276.6,55.8,503,374
2026-04-21,滨江街道,滨水雅苑,120.4,48.2,2.4,169.3,340.3,286.9,53.4,503,380
2026-04-22,滨江街道,滨水雅苑,120.3,54.3,2.4,179.0,356.0,291.9,64.0,503,387
2026-04-23,滨江街道,滨水雅苑,131.9,53.5,3.3,181.8,370.4,302.5,68.0,503,412
2026-04-24,滨江街道,滨水雅苑,113.6,47.0,3.2,187.3,351.1,288.4,62.7,503,383
2026-04-25,滨江街道,滨水雅苑,164.2,69.1,3.0,219.9,456.2,377.3,78.9,503,420
2026-04-26,滨江街道,滨水雅苑,160.1,64.5,3.2,213.8,441.6,374.2,67.4,503,416
2026-04-27,滨江街道,滨水雅苑,111.2,56.1,3.2,165.8,336.3,273.3,63.0,503,400
2026-04-28,滨江街道,滨水雅苑,116.5,60.4,3.5,173.3,353.6,292.0,61.7,503,372
2026-04-29,滨江街道,滨水雅苑,137.1,56.7,2.7,157.2,353.8,290.2,63.5,503,380
2026-04-30,滨江街道,滨水雅苑,112.2,55.3,2.9,177.5,347.9,286.6,61.3,503,382
2026-05-01,滨江街道,滨水雅苑,124.6,50.4,2.8,163.4,341.4,282.4,58.9,503,375
2026-05-02,滨江街道,滨水雅苑,161.8,75.2,2.9,175.9,415.8,354.2,61.7,503,405
2026-05-03,滨江街道,滨水雅苑,141.1,62.1,3.0,226.0,432.2,367.5,64.8,503,404
2026-05-04,滨江街道,滨水雅苑,133.2,55.2,3.0,188.0,379.4,312.0,67.4,503,404
2026-05-05,滨江街道,滨水雅苑,125.7,56.6,3.5,175.5,361.3,301.4,59.9,503,399
2026-05-06,滨江街道,滨水雅苑,117.3,54.9,3.6,154.3,330.2,263.8,66.4,503,372
2026-05-07,滨江街道,滨水雅苑,127.2,50.9,2.8,156.7,337.6,273.0,64.6,503,379
2026-05-08,滨江街道,滨水雅苑,117.5,52.4,3.6,161.8,335.4,277.7,57.7,503,382
2026-05-09,滨江街道,滨水雅苑,158.2,72.7,3.6,221.0,455.6,371.9,83.7,503,428
2026-05-10,滨江街道,滨水雅苑,166.5,74.1,2.8,236.2,479.6,395.7,83.9,503,422
2026-05-11,滨江街道,滨水雅苑,118.2,55.8,3.2,165.3,342.5,278.4,64.1,503,373
2026-05-12,滨江街道,滨水雅苑,119.3,51.1,3.3,172.8,346.5,289.2,57.4,503,386
2026-05-13,滨江街道,滨水雅苑,123.4,63.1,2.6,176.7,365.9,290.7,75.1,503,397
2026-05-14,滨江街道,滨水雅苑,114.7,59.5,3.0,158.3,335.6,270.7,64.8,503,369
2026-05-15,滨江街道,滨水雅苑,110.9,47.6,2.8,140.6,301.9,237.4,64.5,503,358
2026-05-16,滨江街道,滨水雅苑,172.4,58.8,3.0,208.9,443.2,367.7,75.5,503,425
2026-05-17,滨江街道,滨水雅苑,159.2,63.2,3.1,222.6,448.0,373.7,74.4,503,391
2026-05-18,滨江街道,滨水雅苑,119.3,48.9,2.8,200.1,371.2,304.0,67.2,503,390
2026-05-19,滨江街道,滨水雅苑,117.1,58.4,2.5,158.9,337.0,280.0,57.0,503,388
2026-05-20,滨江街道,滨水雅苑,148.5,55.9,3.0,168.8,376.2,304.5,71.7,503,414
2026-05-21,滨江街道,滨水雅苑,129.8,58.3,3.0,180.1,371.2,304.7,66.5,503,387
2026-05-22,滨江街道,滨水雅苑,121.7,56.9,3.3,177.1,359.1,289.7,69.4,503,392
2026-05-23,滨江街道,滨水雅苑,133.3,60.8,2.5,194.9,391.5,331.1,60.4,503,386
2026-05-24,滨江街道,滨水雅苑,159.2,75.0,3.6,215.0,452.8,373.4,79.4,503,429
2026-05-25,滨江街道,滨水雅苑,135.8,54.7,2.5,160.3,353.3,290.3,63.0,503,395
2026-05-26,滨江街道,滨水雅苑,124.4,51.2,2.5,146.9,325.1,264.5,60.6,503,349
2026-05-27,滨江街道,滨水雅苑,110.5,48.3,3.0,171.4,333.2,279.2,54.0,503,367
2026-05-28,滨江街道,滨水雅苑,128.0,60.8,2.9,161.4,353.0,296.8,56.2,503,400
2026-05-29,滨江街道,滨水雅苑,114.6,48.2,2.8,173.7,339.4,274.0,65.4,503,372
2026-05-30,滨江街道,滨水雅苑,130.5,57.9,3.4,195.8,387.6,334.2,53.4,503,383
2026-05-31,滨江街道,滨水雅苑,163.7,67.5,3.0,220.9,455.1,372.4,82.7,503,420
2026-06-01,滨江街道,滨水雅苑,118.5,57.6,3.2,182.9,362.2,297.4,64.8,503,382
2026-06-02,滨江街道,滨水雅苑,122.0,59.8,3.4,206.7,391.9,332.8,59.1,503,393
2026-06-03,滨江街道,滨水雅苑,128.9,55.0,3.0,181.4,368.4,306.0,62.3,503,396
2026-06-04,滨江街道,滨水雅苑,131.4,54.4,3.1,167.5,356.3,297.4,58.9,503,403
2026-06-05,滨江街道,滨水雅苑,128.2,54.1,3.2,168.9,354.4,303.0,51.4,503,378
2026-06-06,滨江街道,滨水雅苑,161.7,64.3,3.8,222.7,452.4,372.4,80.1,503,396
2026-06-07,滨江街道,滨水雅苑,153.9,61.2,3.2,223.5,441.9,366.6,75.2,503,417
2026-06-08,滨江街道,滨水雅苑,120.7,63.2,2.3,176.7,362.8,296.1,66.7,503,381
2026-06-09,滨江街道,滨水雅苑,118.3,55.5,3.4,171.1,348.3,285.8,62.5,503,376
2026-06-10,滨江街道,滨水雅苑,136.1,54.3,3.5,187.8,381.7,322.5,59.2,503,405
2026-06-11,滨江街道,滨水雅苑,102.6,51.0,3.0,151.7,308.3,249.9,58.4,503,362
2026-06-12,滨江街道,滨水雅苑,134.6,56.0,2.6,179.5,372.7,314.6,58.1,503,388
2026-06-13,滨江街道,滨水雅苑,136.0,65.4,2.8,223.1,427.3,362.8,64.4,503,403
2026-06-14,滨江街道,滨水雅苑,141.6,71.1,4.3,214.4,431.4,358.0,73.4,503,437
2026-06-15,滨江街道,滨水雅苑,116.7,54.3,2.5,169.9,343.3,282.3,61.0,503,380
2026-06-16,滨江街道,滨水雅苑,115.1,58.1,3.4,161.5,338.1,282.1,56.0,503,382
2026-06-17,滨江街道,滨水雅苑,122.7,53.1,3.3,163.7,342.8,274.9,67.9,503,371
2026-06-18,滨江街道,滨水雅苑,123.8,56.8,2.5,174.0,357.1,288.8,68.4,503,400
2026-06-19,滨江街道,滨水雅苑,126.0,43.6,2.8,167.0,339.4,286.2,53.2,503,375
2026-06-20,滨江街道,滨水雅苑,150.6,68.9,2.8,198.9,421.1,365.8,55.4,503,393
2026-06-21,滨江街道,滨水雅苑,139.3,69.4,3.4,199.4,411.4,345.5,65.9,503,389
2026-06-22,滨江街道,滨水雅苑,132.4,52.9,4.0,192.4,381.6,315.7,65.9,503,395
2026-06-23,滨江街道,滨水雅苑,112.3,50.9,3.0,151.0,317.1,265.5,51.6,503,373
2026-06-24,滨江街道,滨水雅苑,134.2,53.7,2.9,185.6,376.3,313.9,62.4,503,405
2026-06-25,滨江街道,滨水雅苑,130.1,59.9,2.6,178.8,371.3,305.4,65.9,503,392
2026-06-26,滨江街道,滨水雅苑,129.4,58.1,3.8,177.3,368.6,301.7,66.8,503,384
2026-06-27,滨江街道,滨水雅苑,135.0,72.9,3.1,217.1,428.1,357.6,70.6,503,407
2026-06-28,滨江街道,滨水雅苑,136.5,71.4,3.3,195.9,407.1,345.8,61.3,503,392
2026-06-29,滨江街道,滨水雅苑,136.1,50.1,4.1,191.7,381.9,314.3,67.6,503,402
2026-06-30,滨江街道,滨水雅苑,125.4,53.5,2.4,163.3,344.6,283.5,61.2,503,368
2026-07-01,滨江街道,滨水雅苑,118.8,50.1,4.0,183.7,356.6,316.4,40.2,503,388
2026-07-02,滨江街道,滨水雅苑,134.9,51.1,3.2,179.0,368.3,315.4,52.9,503,391
2026-07-03,滨江街道,滨水雅苑,120.8,55.2,2.4,153.5,331.9,284.1,47.8,503,392
2026-07-04,滨江街道,滨水雅苑,147.4,70.0,4.0,217.5,439.0,376.6,62.3,503,407
2026-07-05,滨江街道,滨水雅苑,157.4,68.9,2.8,230.2,459.3,403.1,56.2,503,420
2026-07-06,滨江街道,滨水雅苑,121.1,49.7,2.8,189.9,363.6,286.1,77.4,503,378
2026-07-07,滨江街道,滨水雅苑,117.3,47.7,3.4,167.1,335.4,285.4,50.0,503,377
2026-07-08,滨江街道,滨水雅苑,127.8,58.8,3.1,171.2,360.9,287.1,73.8,503,389
2026-07-09,滨江街道,滨水雅苑,129.3,51.9,3.4,159.6,344.2,298.3,45.9,503,387
2026-07-10,滨江街道,滨水雅苑,113.9,57.1,2.7,173.4,347.0,285.5,61.5,503,369
2026-07-11,滨江街道,滨水雅苑,160.9,69.2,3.4,223.0,456.5,397.3,59.2,503,412
2026-07-12,滨江街道,滨水雅苑,140.0,59.8,3.7,223.2,426.7,373.9,52.9,503,403
2026-07-13,滨江街道,滨水雅苑,109.1,51.9,2.8,161.5,325.3,267.2,58.1,503,355
2026-07-14,滨江街道,滨水雅苑,131.6,59.1,3.3,187.1,381.2,313.2,68.0,503,403
2026-07-15,滨江街道,滨水雅苑,122.1,55.6,3.5,172.1,353.3,296.5,56.8,503,373
2026-07-16,滨江街道,滨水雅苑,116.9,53.3,2.9,157.7,330.9,269.2,61.7,503,375
2026-07-17,滨江街道,滨水雅苑,94.5,49.3,4.0,178.4,326.3,264.5,61.8,503,356
2026-07-18,滨江街道,滨水雅苑,139.9,60.2,2.8,211.9,414.7,342.3,72.4,503,415
2026-07-19,滨江街道,滨水雅苑,159.3,65.2,3.3,201.6,429.4,360.6,68.8,503,416
2026-07-20,滨江街道,滨水雅苑,121.4,49.7,2.2,163.6,337.0,271.9,65.1,503,365
2026-07-21,滨江街道,滨水雅苑,127.3,60.9,3.9,175.1,367.2,296.9,70.3,503,412
2026-07-22,滨江街道,滨水雅苑,127.6,57.1,2.6,184.2,371.5,309.2,62.3,503,396
2026-07-23,滨江街道,滨水雅苑,132.9,58.0,3.3,183.8,378.1,310.9,67.2,503,393
2026-07-24,滨江街道,滨水雅苑,130.9,58.2,3.8,179.2,372.0,313.8,58.3,503,410
2026-07-25,滨江街道,滨水雅苑,152.7,61.4,3.6,236.8,454.5,372.2,82.3,503,420
2026-07-26,滨江街道,滨水雅苑,135.3,66.7,4.5,217.2,423.7,344.7,78.9,503,428
2026-07-27,滨江街道,滨水雅苑,115.2,56.2,3.2,200.8,375.4,312.5,62.8,503,399
2026-07-28,滨江街道,滨水雅苑,115.6,49.2,3.6,172.2,340.6,275.5,65.1,503,382
2026-07-29,滨江街道,滨水雅苑,117.6,51.2,2.5,168.4,339.7,278.9,60.8,503,380
2026-07-30,滨江街道,滨水雅苑,121.4,53.7,2.8,167.7,345.6,285.0,60.6,503,376
2026-07-31,滨江街道,滨水雅苑,125.9,54.5,2.9,200.9,384.1,334.1,50.0,503,419
2026-08-01,滨江街道,滨水雅苑,173.4,67.2,3.7,223.2,467.5,393.5,74.0,503,418
2026-08-02,滨江街道,滨水雅苑,150.4,77.1,3.1,216.2,446.8,374.5,72.3,503,430
2026-08-03,滨江街道,滨水雅苑,117.0,43.2,2.9,163.7,326.8,267.0,59.7,503,375
2026-08-04,滨江街道,滨水雅苑,121.1,53.3,3.1,194.3,371.8,316.4,55.4,503,395
2026-08-05,滨江街道,滨水雅苑,113.0,47.0,3.2,172.2,335.4,275.7,59.7,503,378
2026-08-06,滨江街道,滨水雅苑,149.6,56.4,3.1,168.6,377.7,324.8,52.9,503,405
2026-08-07,滨江街道,滨水雅苑,130.1,50.0,3.3,178.1,361.5,307.0,54.5,503,391
2026-08-08,滨江街道,滨水雅苑,159.7,76.6,2.7,218.3,457.3,389.4,68.0,503,404
2026-08-09,滨江街道,滨水雅苑,139.5,65.5,2.8,216.6,424.3,338.2,86.1,503,424
2026-08-10,滨江街道,滨水雅苑,113.1,48.5,3.7,166.7,331.9,282.8,49.2,503,361
2026-08-11,滨江街道,滨水雅苑,134.2,56.6,2.7,169.2,362.7,295.8,66.9,503,382
2026-08-12,滨江街道,滨水雅苑,110.0,50.5,3.8,167.6,331.9,276.3,55.6,503,381
2026-08-13,滨江街道,滨水雅苑,142.9,54.8,3.7,169.7,371.1,309.9,61.3,503,391
2026-08-14,滨江街道,滨水雅苑,118.8,53.6,3.6,166.8,342.8,285.3,57.5,503,389
2026-08-15,滨江街道,滨水雅苑,148.9,74.7,3.4,217.8,444.7,377.5,67.2,503,425
2026-08-16,滨江街道,滨水雅苑,153.5,75.5,3.6,225.9,458.5,372.6,85.9,503,408
2026-08-17,滨江街道,滨水雅苑,133.3,50.5,3.6,182.0,369.3,301.0,68.3,503,387
2026-08-18,滨江街道,滨水雅苑,115.8,62.0,3.4,176.4,357.5,301.0,56.6,503,384
2026-08-19,滨江街道,滨水雅苑,126.0,56.4,3.5,167.5,353.3,293.1,60.3,503,390
2026-08-20,滨江街道,滨水雅苑,112.4,53.2,2.9,180.8,349.2,283.0,66.2,503,390
2026-08-21,滨江街道,滨水雅苑,132.0,49.5,3.0,148.8,333.4,290.9,42.5,503,360
2026-08-22,滨江街道,滨水雅苑,152.2,57.2,3.4,225.9,438.7,380.2,58.4,503,415
2026-08-23,滨江街道,滨水雅苑,170.2,66.1,4.4,224.2,464.8,392.5,72.2,503,432
2026-08-24,滨江街道,滨水雅苑,125.3,44.2,3.0,161.7,334.3,280.1,54.3,503,390
2026-08-25,滨江街道,滨水雅苑,139.1,56.7,2.8,178.7,377.3,326.8,50.5,503,413
2026-08-26,滨江街道,滨水雅苑,105.0,57.5,3.8,187.9,354.2,308.8,45.4,503,378
2026-08-27,滨江街道,滨水雅苑,130.7,48.3,3.3,190.1,372.3,318.5,53.8,503,407
2026-08-28,滨江街道,滨水雅苑,116.6,49.9,4.1,194.4,364.9,304.5,60.4,503,386
2026-08-29,滨江街道,滨水雅苑,145.0,70.8,4.4,197.4,417.6,354.4,63.2,503,418
2026-08-30,滨江街道,滨水雅苑,160.3,77.5,4.6,215.3,457.7,392.3,65.4,503,422
2026-08-31,滨江街道,滨水雅苑,120.2,55.8,3.5,177.8,357.2,303.2,54.0,503,390
2026-09-01,滨江街道,滨水雅苑,119.6,50.3,3.2,177.2,350.2,289.6,60.7,503,384
2026-09-02,滨江街道,滨水雅苑,116.8,59.9,3.0,170.4,350.1,301.2,48.9,503,378
2026-09-03,滨江街道,滨水雅苑,140.1,62.4,3.3,174.2,380.0,319.0,61.0,503,408
2026-09-04,滨江街道,滨水雅苑,125.5,63.2,3.0,197.4,389.0,341.3,47.7,503,403
2026-09-05,滨江街道,滨水雅苑,153.2,68.9,4.8,199.0,425.8,375.3,50.6,503,402
2026-09-06,滨江街道,滨水雅苑,142.1,66.3,3.3,202.0,413.8,364.3,49.5,503,416
2026-09-07,滨江街道,滨水雅苑,131.5,54.3,3.2,182.2,371.1,314.8,56.3,503,405
2026-09-08,滨江街道,滨水雅苑,132.4,50.9,3.0,185.0,371.3,314.3,57.0,503,407
2026-09-09,滨江街道,滨水雅苑,145.9,58.0,3.7,169.1,376.7,325.0,51.7,503,410
2026-09-10,滨江街道,滨水雅苑,119.2,66.7,3.1,159.8,348.9,296.7,52.2,503,374
2026-09-11,滨江街道,滨水雅苑,115.7,63.4,3.6,176.0,358.7,304.9,53.8,503,383
2026-09-12,滨江街道,滨水雅苑,165.9,67.8,2.1,245.9,481.7,408.3,73.4,503,411
2026-09-13,滨江街道,滨水雅苑,165.4,70.4,3.8,212.4,451.9,387.7,64.2,503,421
2026-09-14,滨江街道,滨水雅苑,137.7,52.5,2.8,191.3,384.3,315.3,69.0,503,395
2026-09-15,滨江街道,滨水雅苑,120.2,53.5,2.4,167.3,343.4,286.5,56.9,503,384
2026-09-16,滨江街道,滨水雅苑,135.2,63.9,4.0,187.3,390.3,330.5,59.8,503,394
2026-09-17,滨江街道,滨水雅苑,122.1,55.9,3.4,178.0,359.4,301.9,57.5,503,381
2026-09-18,滨江街道,滨水雅苑,138.7,60.4,3.2,172.1,374.4,314.7,59.7,503,402
2026-09-19,滨江街道,滨水雅苑,151.4,68.0,2.6,203.3,425.3,356.9,68.4,503,405
2026-01-01,滨江街道,春风里,250.3,104.1,5.5,344.0,703.8,603.6,100.2,1236,762
2026-01-02,滨江街道,春风里,240.9,111.0,5.5,311.2,668.7,575.3,93.4,1236,764
2026-01-03,滨江街道,春风里,286.3,131.8,8.6,401.1,827.9,693.4,134.5,1236,842
2026-01-04,滨江街道,春风里,353.0,146.3,7.3,497.0,1003.6,863.3,140.4,1236,936
2026-01-05,滨江街道,春风里,237.3,97.3,6.3,321.0,661.8,584.9,76.9,1236,776
2026-01-06,滨江街道,春风里,260.1,102.4,6.5,311.4,680.4,574.9,105.5,1236,762
2026-01-07,滨江街道,春风里,234.3,125.5,6.9,335.4,702.0,600.6,101.4,1236,751
2026-01-08,滨江街道,春风里,261.5,94.4,5.9,316.3,678.0,617.5,60.5,1236,762
2026-01-09,滨江街道,春风里,250.7,121.9,5.9,366.2,744.7,638.8,105.8,1236,798
2026-01-10,滨江街道,春风里,282.2,129.7,7.1,452.0,870.9,766.4,104.5,1236,802
2026-01-11,滨江街道,春风里,295.4,139.8,6.5,430.7,872.4,751.5,121.0,1236,846
2026-01-12,滨江街道,春风里,252.4,107.4,7.0,306.2,673.0,573.1,99.9,1236,816
2026-01-13,滨江街道,春风里,259.0,101.8,5.5,337.9,704.2,593.2,111.0,1236,753
2026-01-14,滨江街道,春风里,251.4,105.7,5.9,330.8,693.7,584.5,109.3,1236,781
2026-01-15,滨江街道,春风里,260.1,99.7,7.2,375.9,742.9,618.4,124.5,1236,798
2026-01-16,滨江街道,春风里,268.3,134.6,6.2,341.1,750.1,653.2,96.9,1236,807
2026-01-17,滨江街道,春风里,377.7,138.0,6.6,468.5,990.8,829.9,160.9,1236,923
2026-01-18,滨江街道,春风里,264.9,155.1,6.8,430.8,857.6,760.9,96.7,1236,810
2026-01-19,滨江街道,春风里,237.6,106.4,6.6,319.2,669.8,569.1,100.8,1236,813
2026-01-20,滨江街道,春风里,245.7,104.8,5.4,315.5,671.3,569.2,102.2,1236,782
2026-01-21,滨江街道,春风里,231.0,110.3,6.0,343.2,690.5,590.9,99.5,1236,784
2026-01-22,滨江街道,春风里,244.0,115.5,5.8,360.9,726.3,591.5,134.8,1236,821
2026-01-23,滨江街道,春风里,279.1,117.2,6.9,329.6,732.7,640.4,92.3,1236,815
2026-01-24,滨江街道,春风里,336.2,131.3,7.1,445.3,919.9,790.7,129.2,1236,849
2026-01-25,滨江街道,春风里,329.5,119.7,5.4,384.5,839.0,743.4,95.6,1236,852
2026-01-26,滨江街道,春风里,277.2,108.9,6.0,366.8,758.9,658.3,100.7,1236,821
2026-01-27,滨江街道,春风里,288.0,123.3,8.4,380.2,799.9,703.3,96.6,1236,858
2026-01-28,滨江街道,春风里,238.7,109.2,5.4,378.5,731.8,619.2,112.6,1236,791
2026-01-29,滨江街道,春风里,246.4,138.4,5.4,355.5,745.7,643.5,102.1,1236,849
2026-01-30,滨江街道,春风里,273.8,115.9,6.0,349.7,745.3,627.6,117.7,1236,844
2026-01-31,滨江街道,春风里,354.0,147.4,4.8,426.0,932.2,825.6,106.6,1236,887
2026-02-01,滨江街道,春风里,302.5,125.3,7.8,452.1,887.7,784.0,103.7,1236,850
2026-02-02,滨江街道,春风里,251.9,98.0,6.1,301.2,657.2,573.0,84.2,1236,779
2026-02-03,滨江街道,春风里,291.5,95.8,5.2,360.2,752.7,628.2,124.5,1236,790
2026-02-04,滨江街道,春风里,270.4,110.4,6.0,366.3,753.0,673.7,79.3,1236,810
2026-02-05,滨江街道,春风里,240.9,124.6,6.7,368.3,740.5,630.1,110.3,1236,829
2026-02-06,滨江街道,春风里,263.4,105.5,6.4,327.0,702.2,585.1,117.1,1236,766
2026-02-07,滨江街道,春风里,301.0,134.8,6.8,398.5,841.2,735.4,105.7,1236,813
2026-02-08,滨江街道,春风里,321.2,139.1,9.4,432.1,901.8,783.4,118.4,1236,884
2026-02-09,滨江街道,春风里,252.6,112.5,5.6,317.5,688.2,607.2,81.0,1236,759
2026-02-10,滨江街道,春风里,257.3,100.1,6.3,320.8,684.5,566.3,118.2,1236,779
2026-02-11,滨江街道,春风里,241.7,102.1,5.1,328.3,677.2,581.5,95.7,1236,759
2026-02-12,滨江街道,春风里,257.1,102.4,4.3,326.4,690.3,584.0,106.3,1236,753
2026-02-13,滨江街道,春风里,271.0,101.2,6.7,370.7,749.5,659.0,90.5,1236,774
2026-02-14,滨江街道,春风里,282.7,143.7,5.8,446.1,878.3,775.5,102.8,1236,813
2026-02-15,滨江街道,春风里,294.3,133.3,6.1,455.8,889.5,771.2,118.2,1236,869
2026-02-16,滨江街道,春风里,254.5,106.4,6.7,346.5,714.1,617.4,96.8,1236,819
2026-02-17,滨江街道,春风里,250.4,115.9,6.3,325.1,697.7,615.6,82.2,1236,798
2026-02-18,滨江街道,春风里,270.5,102.9,7.1,366.0,746.5,629.8,116.7,1236,841
2026-02-19,滨江街道,春风里,258.2,90.9,5.4,344.5,699.0,592.1,106.9,1236,760
2026-02-20,滨江街道,春风里,250.3,130.2,5.4,376.3,762.2,679.3,82.9,1236,823
2026-02-21,滨江街道,春风里,318.9,128.4,7.4,385.1,839.8,742.0,97.7,1236,831
2026-02-22,滨江街道,春风里,334.7,136.2,8.2,452.9,932.1,821.0,111.0,1236,849
2026-02-23,滨江街道,春风里,278.9,120.8,4.7,352.5,757.0,651.4,105.6,1236,831
2026-02-24,滨江街道,春风里,254.7,111.8,5.4,301.4,673.4,597.8,75.6,1236,755
2026-02-25,滨江街道,春风里,267.1,115.5,6.1,425.5,814.1,694.1,120.0,1236,879
2026-02-26,滨江街道,春风里,271.3,114.2,5.4,325.7,716.7,615.3,101.4,1236,779
2026-02-27,滨江街道,春风里,234.2,97.5,5.4,335.5,672.5,594.3,78.2,1236,803
2026-02-28,滨江街道,春风里,286.6,127.7,8.5,419.1,841.9,705.5,136.4,1236,823
2026-03-01,滨江街道,春风里,322.5,147.8,7.4,463.5,941.2,829.6,111.6,1236,889
2026-03-02,滨江街道,春风里,252.5,121.4,6.0,389.2,769.1,709.3,59.8,1236,842
2026-03-03,滨江街道,春风里,250.6,116.3,6.6,363.3,736.8,624.5,112.2,1236,767
2026-03-04,滨江街道,春风里,253.0,121.8,7.6,365.4,747.8,657.4,90.4,1236,815
2026-03-05,滨江街道,春风里,277.1,122.1,7.5,387.9,794.5,691.5,103.0,1236,867
2026-03-06,滨江街道,春风里,262.4,133.4,7.4,356.9,760.1,651.9,108.2,1236,822
2026-03-07,滨江街道,春风里,351.1,136.2,7.3,453.7,948.3,851.1,97.1,1236,882
2026-03-08,滨江街道,春风里,318.8,139.3,8.1,432.9,899.2,796.2,103.0,1236,837
2026-03-09,滨江街道,春风里,255.7,128.0,7.9,406.6,798.2,690.4,107.7,1236,838
2026-03-10,滨江街道,春风里,254.5,114.0,5.8,385.1,759.4,667.7,91.7,1236,790
2026-03-11,滨江街道,春风里,277.7,109.3,5.3,331.8,724.1,639.3,84.8,1236,775
2026-03-12,滨江街道,春风里,297.8,136.3,8.4,407.6,850.1,764.4,85.7,1236,876
2026-03-13,滨江街道,春风里,276.9,109.2,7.4,406.7,800.2,702.9,97.3,1236,828
2026-03-14,滨江街道,春风里,325.3,131.3,5.6,476.2,938.4,826.5,111.9,1236,859
2026-03-15,滨江街道,春风里,309.0,155.3,7.9,444.3,916.5,803.2,113.4,1236,871
2026-03-16,滨江街道,春风里,263.6,113.1,6.5,362.8,746.0,635.0,111.0,1236,796
2026-03-17,滨江街道,春风里,265.3,104.4,9.5,357.0,736.2,652.3,83.9,1236,807
2026-03-18,滨江街道,春风里,258.8,116.1,6.6,353.1,734.7,643.7,91.0,1236,829
2026-03-19,滨江街道,春风里,265.5,111.4,6.6,302.9,686.4,604.3,82.1,1236,747
2026-03-20,滨江街道,春风里,353.0,132.5,8.0,399.4,892.9,766.3,126.6,1236,860
2026-03-21,滨江街道,春风里,312.4,132.5,6.0,497.7,948.6,824.5,124.1,1236,907
2026-03-22,滨江街道,春风里,321.3,128.6,6.3,435.8,892.0,788.0,104.0,1236,874
2026-03-23,滨江街道,春风里,236.9,115.8,7.0,329.0,688.7,583.4,105.3,1236,790
2026-03-24,滨江街道,春风里,264.6,127.0,7.1,421.4,820.2,711.2,109.0,1236,877
2026-03-25,滨江街道,春风里,254.5,111.6,6.2,329.3,701.6,615.8,85.8,1236,792
2026-03-26,滨江街道,春风里,254.9,115.9,6.6,356.0,733.4,656.2,77.1,1236,848
2026-03-27,滨江街道,春风里,245.6,97.8,6.4,378.3,728.1,610.8,117.3,1236,784
2026-03-28,滨江街道,春风里,285.0,147.5,7.1,459.2,898.8,808.5,90.2,1236,865
2026-03-29,滨江街道,春风里,260.1,124.3,7.2,435.4,827.1,760.3,66.8,1236,840
2026-03-30,滨江街道,春风里,236.8,95.8,6.5,331.9,671.1,570.8,100.3,1236,756
2026-03-31,滨江街道,春风里,253.6,109.6,6.4,354.8,724.4,623.8,100.6,1236,780
2026-04-01,滨江街道,春风里,237.7,105.3,8.5,322.1,673.5,593.1,80.3,1236,776
2026-04-02,滨江街道,春风里,257.0,124.8,6.2,363.0,751.0,656.8,94.3,1236,818
2026-04-03,滨江街道,春风里,307.1,122.1,7.0,398.0,834.3,748.1,86.2,1236,882
2026-04-04,滨江街道,春风里,328.9,138.3,6.7,405.2,879.1,788.3,90.8,1236,845
2026-04-05,滨江街道,春风里,286.4,124.1,6.7,466.9,884.1,791.4,92.7,1236,806
2026-04-06,滨江街道,春风里,288.7,133.0,9.2,373.8,804.7,718.0,86.6,1236,868
2026-04-07,滨江街道,春风里,268.7,119.7,6.5,364.7,759.6,659.1,100.5,1236,840
2026-04-08,滨江街道,春风里,258.1,113.0,4.9,331.4,707.3,644.5,62.8,1236,774
2026-04-09,滨江街道,春风里,261.7,116.2,5.4,432.5,815.8,709.9,106.0,1236,836
2026-04-10,滨江街道,春风里,258.1,110.7,8.9,334.1,711.7,628.7,83.0,1236,833
2026-04-11,滨江街道,春风里,298.8,127.3,5.7,431.5,863.3,776.2,87.2,1236,832
2026-04-12,滨江街道,春风里,316.6,124.9,8.7,432.0,882.2,747.9,134.3,1236,865
2026-04-13,滨江街道,春风里,252.5,123.3,9.2,373.2,758.2,665.5,92.7,1236,793
2026-04-14,滨江街道,春风里,285.2,139.4,7.9,398.5,831.0,749.2,81.8,1236,878
2026-04-15,滨江街道,春风里,243.3,92.4,4.7,340.1,680.4,604.5,76.0,1236,747
2026-04-16,滨江街道,春风里,262.7,115.6,5.7,386.6,770.6,664.2,106.4,1236,814
2026-04-17,滨江街道,春风里,247.5,114.7,7.8,396.4,766.4,674.8,91.6,1236,831
2026-04-18,滨江街道,春风里,296.9,130.8,5.6,439.3,872.5,767.5,105.0,1236,856
2026-04-19,滨江街道,春风里,310.0,134.0,7.9,422.5,874.5,791.8,82.7,1236,847
2026-04-20,滨江街道,春风里,234.0,114.4,6.1,353.5,708.0,617.2,90.9,1236,783
2026-04-21,滨江街道,春风里,250.5,127.4,7.1,378.2,763.2,690.7,72.5,1236,864
2026-04-22,滨江街道,春风里,262.4,109.6,5.3,326.3,703.5,624.6,78.8,1236,751
2026-04-23,滨江街道,春风里,249.6,101.1,7.2,390.1,748.1,636.9,111.2,1236,803
2026-04-24,滨江街道,春风里,263.8,112.2,5.5,347.5,728.9,642.6,86.3,1236,803
2026-04-25,滨江街道,春风里,326.2,145.1,5.6,477.2,954.1,847.9,106.2,1236,886
2026-04-26,滨江街道,春风里,349.1,160.4,11.9,508.4,1029.8,920.7,109.1,1236,971
2026-04-27,滨江街道,春风里,272.9,99.3,6.6,340.3,719.1,633.4,85.7,1236,778
2026-04-28,滨江街道,春风里,264.3,104.3,5.1,369.7,743.4,653.2,90.2,1236,762
2026-04-29,滨江街道,春风里,278.3,120.3,4.8,388.0,791.4,690.8,100.5,1236,827
2026-04-30,滨江街道,春风里,255.3,98.8,6.6,332.9,693.7,610.6,83.1,1236,803
2026-05-01,滨江街道,春风里,282.3,108.4,8.2,393.9,792.8,702.8,90.0,1236,827
2026-05-02,滨江街道,春风里,284.1,138.5,6.0,468.2,897.0,803.6,93.4,1236,842
2026-05-03,滨江街道,春风里,317.2,129.5,6.8,466.7,920.2,820.3,99.9,1236,850
2026-05-04,滨江街道,春风里,267.6,101.0,7.0,375.3,750.9,671.1,79.8,1236,826
2026-05-05,滨江街道,春风里,266.8,128.3,6.5,385.5,787.1,714.5,72.6,1236,844
2026-05-06,滨江街道,春风里,262.2,133.8,9.1,397.4,802.5,711.0,91.5,1236,838
2026-05-07,滨江街道,春风里,224.5,104.2,6.1,339.7,674.6,620.2,54.4,1236,764
2026-05-08,滨江街道,春风里,314.6,134.0,8.1,394.1,850.9,733.5,117.4,1236,864
2026-05-09,滨江街道,春风里,370.0,138.7,6.6,490.0,1005.3,893.1,112.1,1236,886
2026-05-10,滨江街道,春风里,308.7,131.8,6.9,471.1,918.4,849.3,69.1,1236,852
2026-05-11,滨江街道,春风里,277.5,145.4,7.2,385.7,815.8,715.6,100.2,1236,862
2026-05-12,滨江街道,春风里,232.4,111.1,6.2,330.9,680.7,613.9,66.7,1236,809
2026-05-13,滨江街道,春风里,233.2,106.2,6.0,326.6,672.1,598.3,73.7,1236,744
2026-05-14,滨江街道,春风里,253.6,111.4,5.5,362.2,732.7,652.2,80.5,1236,792
2026-05-15,滨江街道,春风里,301.6,112.8,6.3,357.6,778.2,697.6,80.7,1236,815
2026-05-16,滨江街道,春风里,320.7,139.7,6.7,442.9,910.0,806.4,103.6,1236,908
2026-05-17,滨江街道,春风里,335.8,141.6,8.8,468.8,955.0,832.9,122.1,1236,866
2026-05-18,滨江街道,春风里,283.5,125.4,7.1,439.9,855.8,771.1,84.7,1236,891
2026-05-19,滨江街道,春风里,264.2,104.5,6.9,367.7,743.3,662.8,80.5,1236,797
2026-05-20,滨江街道,春风里,246.4,119.4,6.3,449.9,822.0,730.2,91.9,1236,842
2026-05-21,滨江街道,春风里,235.4,124.2,6.1,342.9,708.5,633.7,74.8,1236,799
2026-05-22,滨江街道,春风里,280.9,118.5,6.9,385.6,791.9,710.9,81.0,1236,845
2026-05-23,滨江街道,春风里,353.3,145.4,6.4,461.2,966.3,879.0,87.3,1236,899
2026-05-24,滨江街道,春风里,270.2,141.6,8.2,391.9,811.9,744.6,67.2,1236,817
2026-05-25,滨江街道,春风里,253.9,115.6,5.3,339.4,714.2,638.1,76.1,1236,806
2026-05-26,滨江街道,春风里,244.1,121.7,6.1,358.0,729.9,646.9,83.1,1236,816
2026-05-27,滨江街道,春风里,274.6,106.0,5.3,360.4,746.3,669.3,77.1,1236,816
2026-05-28,滨江街道,春风里,228.2,110.1,5.5,319.6,663.5,592.3,71.2,1236,775
2026-05-29,滨江街道,春风里,273.6,112.0,6.7,354.6,746.8,678.9,68.0,1236,798
2026-05-30,滨江街道,春风里,307.2,139.4,5.1,433.8,885.5,757.9,127.7,1236,841
2026-05-31,滨江街道,春风里,327.9,152.4,8.4,474.5,963.2,850.9,112.3,1236,892
2026-06-01,滨江街道,春风里,308.9,103.5,6.0,387.1,805.6,738.5,67.1,1236,815
2026-06-02,滨江街道,春风里,281.9,100.3,8.6,376.1,766.8,701.5,65.3,1236,846
2026-06-03,滨江街道,春风里,244.4,100.6,6.6,344.9,696.5,643.3,53.2,1236,752
2026-06-04,滨江街道,春风里,251.3,108.7,6.8,376.3,743.1,674.6,68.5,1236,788
2026-06-05,滨江街道,春风里,251.2,134.6,8.0,293.6,687.4,621.4,66.0,1236,780
2026-06-06,滨江街道,春风里,336.3,143.4,7.1,494.3,981.1,897.1,84.0,1236,924
2026-06-07,滨江街道,春风里,342.2,139.4,8.8,440.1,930.5,830.5,100.0,1236,933
2026-06-08,滨江街道,春风里,293.3,106.8,4.7,350.3,755.1,673.0,82.1,1236,806
2026-06-09,滨江街道,春风里,314.4,134.3,7.1,365.6,821.3,746.9,74.4,1236,857
2026-06-10,滨江街道,春风里,250.4,110.2,5.4,356.2,722.2,672.0,50.2,1236,814
2026-06-11,滨江街道,春风里,267.3,108.2,5.4,389.6,770.5,691.1,79.3,1236,855
2026-06-12,滨江街道,春风里,251.1,116.5,8.0,346.5,722.1,651.8,70.4,1236,807
2026-06-13,滨江街道,春风里,324.9,148.7,7.4,442.5,923.5,844.8,78.6,1236,925
2026-06-14,滨江街道,春风里,338.6,130.3,7.1,500.4,976.4,894.7,81.8,1236,890
2026-06-15,滨江街道,春风里,260.9,127.0,6.5,400.5,794.9,746.2,48.8,1236,875
2026-06-16,滨江街道,春风里,239.5,113.3,6.4,352.2,711.4,631.3,80.1,1236,764
2026-06-17,滨江街道,春风里,278.5,115.5,6.8,421.2,821.9,744.0,78.0,1236,843
2026-06-18,滨江街道,春风里,266.9,114.1,6.2,377.8,764.9,691.3,73.6,1236,829
2026-06-19,滨江街道,春风里,250.9,116.1,7.2,365.2,739.3,659.6,79.7,1236,822
2026-06-20,滨江街道,春风里,337.7,135.5,8.2,433.5,914.8,802.4,112.4,1236,911
2026-06-21,滨江街道,春风里,284.9,144.9,6.7,443.9,880.3,820.5,59.8,1236,887
2026-06-22,滨江街道,春风里,255.8,99.3,8.0,365.0,728.0,646.5,81.6,1236,823
2026-06-23,滨江街道,春风里,263.4,99.2,6.4,341.5,710.6,631.0,79.5,1236,786
2026-06-24,滨江街道,春风里,242.6,110.3,6.5,337.8,697.3,621.8,75.5,1236,787
2026-06-25,滨江街道,春风里,249.1,120.3,6.0,363.3,738.7,664.5,74.2,1236,860
2026-06-26,滨江街道,春风里,240.1,125.6,7.4,323.4,696.5,631.0,65.5,1236,807
2026-06-27,滨江街道,春风里,329.6,165.4,8.0,480.0,982.9,871.6,111.4,1236,911
2026-06-28,滨江街道,春风里,309.5,162.3,7.7,447.2,926.7,829.3,97.5,1236,908
2026-06-29,滨江街道,春风里,287.7,133.3,6.8,412.1,839.9,769.1,70.8,1236,911
2026-06-30,滨江街道,春风里,265.7,133.9,5.1,366.4,771.0,673.9,97.1,1236,828
2026-07-01,滨江街道,春风里,261.3,108.1,5.7,332.7,707.8,661.1,46.7,1236,825
2026-07-02,滨江街道,春风里,256.9,104.8,5.9,349.0,716.6,644.6,72.0,1236,797
2026-07-03,滨江街道,春风里,244.4,114.7,7.6,369.1,735.9,669.7,66.3,1236,814
2026-07-04,滨江街道,春风里,289.9,141.9,6.7,436.0,874.5,797.4,77.1,1236,891
2026-07-05,滨江街道,春风里,343.7,154.6,6.1,441.5,945.9,860.1,85.8,1236,880
2026-07-06,滨江街道,春风里,278.9,121.9,7.5,375.1,783.4,706.6,76.8,1236,864
2026-07-07,滨江街道,春风里,253.5,114.6,8.0,365.8,742.0,694.1,47.9,1236,834
2026-07-08,滨江街道,春风里,247.9,119.7,5.7,383.4,756.7,702.1,54.5,1236,811
2026-07-09,滨江街道,春风里,255.5,107.5,6.8,404.2,773.9,709.8,64.1,1236,802
2026-07-10,滨江街道,春风里,273.7,119.8,6.7,365.0,765.2,691.8,73.3,1236,854
2026-07-11,滨江街道,春风里,308.5,154.5,7.2,451.8,921.9,856.4,65.6,1236,885
2026-07-12,滨江街道,春风里,328.9,124.2,6.8,413.6,873.6,827.3,46.3,1236,828
2026-07-13,滨江街道,春风里,315.8,121.5,7.4,398.7,843.4,754.2,89.2,1236,883
2026-07-14,滨江街道,春风里,247.5,99.9,4.2,332.9,684.5,644.8,39.7,1236,756
2026-07-15,滨江街道,春风里,271.8,124.8,6.5,367.1,770.2,727.2,43.1,1236,810
2026-07-16,滨江街道,春风里,272.7,113.5,6.8,366.1,759.1,668.0,91.1,1236,807
2026-07-17,滨江街道,春风里,288.2,115.7,8.4,342.0,754.4,716.9,37.5,1236,818
2026-07-18,滨江街道,春风里,326.9,156.4,7.5,490.6,981.4,908.9,72.5,1236,881
2026-07-19,滨江街道,春风里,318.6,138.8,6.7,422.6,886.8,807.7,79.1,1236,865
2026-07-20,滨江街道,春风里,285.8,114.9,7.2,381.6,789.5,736.2,53.4,1236,820
2026-07-21,滨江街道,春风里,304.6,121.1,7.8,397.8,831.4,744.9,86.5,1236,848
2026-07-22,滨江街道,春风里,278.1,125.2,5.5,384.1,792.9,726.5,66.3,1236,841
2026-07-23,滨江街道,春风里,283.3,108.1,5.3,386.6,783.3,710.9,72.4,1236,819
2026-07-24,滨江街道,春风里,257.5,108.0,6.5,333.9,706.0,625.0,81.0,1236,762
2026-07-25,滨江街道,春风里,308.5,123.9,7.1,428.8,868.3,779.7,88.6,1236,852
2026-07-26,滨江街道,春风里,339.4,151.0,6.8,471.4,968.6,897.1,71.5,1236,901
2026-07-27,滨江街道,春风里,247.5,105.4,6.5,309.9,669.3,612.5,56.8,1236,744
2026-07-28,滨江街道,春风里,265.4,99.2,5.5,368.5,738.6,668.5,70.0,1236,793
2026-07-29,滨江街道,春风里,270.0,120.7,7.1,378.3,776.1,698.1,78.0,1236,799
2026-07-30,滨江街道,春风里,254.2,117.2,6.1,362.2,739.7,670.7,69.0,1236,826
2026-07-31,滨江街道,春风里,287.8,141.9,6.3,353.8,789.8,727.9,61.9,1236,878
2026-08-01,滨江街道,春风里,316.0,122.0,6.1,412.8,857.0,810.1,46.9,1236,873
2026-08-02,滨江街道,春风里,328.2,157.7,7.9,416.5,910.2,841.6,68.6,1236,887
2026-08-03,滨江街道,春风里,268.5,117.9,7.0,364.4,757.8,705.8,52.0,1236,844
2026-08-04,滨江街道,春风里,271.2,114.0,7.0,371.7,763.9,700.6,63.3,1236,884
2026-08-05,滨江街道,春风里,289.0,115.6,6.8,327.9,739.3,657.5,81.7,1236,828
2026-08-06,滨江街道,春风里,259.5,119.9,6.9,356.4,742.7,689.5,53.2,1236,844
2026-08-07,滨江街道,春风里,279.4,115.6,6.9,419.2,821.0,760.6,60.4,1236,885
2026-08-08,滨江街道,春风里,326.5,151.7,6.8,462.2,947.1,862.2,84.9,1236,924
2026-08-09,滨江街道,春风里,322.0,157.2,7.5,406.1,892.9,857.0,35.8,1236,850
2026-08-10,滨江街道,春风里,262.3,115.8,5.4,346.8,730.2,655.3,74.9,1236,812
2026-08-11,滨江街道,春风里,300.6,108.4,5.8,350.6,765.4,693.3,72.1,1236,834
2026-08-12,滨江街道,春风里,254.4,114.1,6.0,384.3,758.8,707.1,51.7,1236,839
2026-08-13,滨江街道,春风里,274.0,114.3,5.6,404.9,798.8,773.8,25.0,1236,861
2026-08-14,滨江街道,春风里,283.2,115.4,7.4,377.0,783.0,730.3,52.7,1236,823
2026-08-15,滨江街道,春风里,316.3,149.3,6.4,460.7,932.7,866.7,66.0,1236,867
2026-08-16,滨江街道,春风里,349.1,136.1,7.2,509.5,1001.9,914.7,87.2,1236,931
2026-08-17,滨江街道,春风里,255.3,133.0,5.8,371.3,765.4,687.1,78.2,1236,801
2026-08-18,滨江街道,春风里,264.3,110.5,6.2,333.2,714.2,660.7,53.5,1236,818
2026-08-19,滨江街道,春风里,280.6,133.5,7.6,391.9,813.7,748.6,65.1,1236,874
2026-08-20,滨江街道,春风里,240.8,112.6,6.7,410.0,770.2,700.2,70.0,1236,822
2026-08-21,滨江街道,春风里,237.2,111.3,7.3,358.8,714.6,664.5,50.1,1236,808
2026-08-22,滨江街道,春风里,343.8,126.8,9.1,433.3,913.0,860.2,52.8,1236,895
2026-08-23,滨江街道,春风里,326.0,140.9,7.4,474.5,948.7,898.2,50.5,1236,892
2026-08-24,滨江街道,春风里,291.2,143.2,7.2,428.2,869.9,817.2,52.6,1236,892
2026-08-25,滨江街道,春风里,265.3,119.5,6.5,378.3,769.6,714.3,55.3,1236,820
2026-08-26,滨江街道,春风里,225.0,134.3,6.4,359.4,725.1,678.7,46.4,1236,839
2026-08-27,滨江街道,春风里,256.2,109.3,6.0,384.6,756.1,680.6,75.4,1236,828
2026-08-28,滨江街道,春风里,298.1,118.3,7.1,402.1,825.6,790.1,35.5,1236,871
2026-08-29,滨江街道,春风里,343.2,155.6,7.2,426.8,932.8,858.7,74.1,1236,886
2026-08-30,滨江街道,春风里,313.8,139.5,6.5,445.8,905.7,839.7,66.0,1236,849
2026-08-31,滨江街道,春风里,253.1,116.6,7.2,420.5,797.4,740.0,57.5,1236,850
2026-09-01,滨江街道,春风里,292.5,119.5,8.2,419.3,839.5,776.7,62.8,1236,867
2026-09-02,滨江街道,春风里,318.5,115.2,9.5,407.1,850.3,812.0,38.4,1236,864
2026-09-03,滨江街道,春风里,281.1,131.0,5.7,372.1,789.9,753.7,36.2,1236,835
2026-09-04,滨江街道,春风里,256.0,115.6,10.4,419.0,801.0,714.1,86.9,1236,840
2026-09-05,滨江街道,春风里,358.7,145.6,7.6,488.8,1000.7,916.7,83.9,1236,929
2026-09-06,滨江街道,春风里,323.5,141.2,6.3,429.3,900.2,826.2,74.0,1236,870
2026-09-07,滨江街道,春风里,280.3,140.3,6.3,400.6,827.5,768.3,59.2,1236,880
2026-09-08,滨江街道,春风里,265.0,141.8,5.4,432.9,845.1,780.6,64.5,1236,868
2026-09-09,滨江街道,春风里,300.6,130.0,6.2,404.5,841.2,783.8,57.5,1236,867
2026-09-10,滨江街道,春风里,295.8,117.5,6.1,347.2,766.6,738.7,27.9,1236,814
2026-09-11,滨江街道,春风里,241.6,106.1,5.3,364.3,717.2,664.2,53.1,1236,774
2026-09-12,滨江街道,春风里,319.4,146.6,7.2,439.1,912.3,855.8,56.5,1236,885
2026-09-13,滨江街道,春风里,311.7,142.7,7.9,485.8,948.1,895.3,52.8,1236,907
2026-09-14,滨江街道,春风里,263.1,113.2,6.7,429.3,812.3,752.1,60.2,1236,872
2026-09-15,滨江街道,春风里,293.5,114.4,9.4,364.8,782.1,729.6,52.4,1236,836
2026-09-16,滨江街道,春风里,264.8,110.2,9.9,385.3,770.3,702.4,67.9,1236,840
2026-09-17,滨江街道,春风里,256.6,126.1,5.2,348.7,736.6,691.2,45.4,1236,830
2026-09-18,滨江街道,春风里,280.7,129.8,7.2,436.3,854.0,790.5,63.5,1236,897
2026-09-19,滨江街道,春风里,340.4,162.3,6.6,485.1,994.3,908.4,86.0,1236,936
2026-01-01,滨江街道,江枫社区,115.3,52.0,3.2,167.3,337.7,293.9,43.8,641,389
2026-01-02,滨江街道,江枫社区,116.4,56.5,3.3,166.5,342.8,296.9,45.8,641,372
2026-01-03,滨江街道,江枫社区,172.0,80.5,3.5,256.3,512.3,455.3,57.1,641,424
2026-01-04,滨江街道,江枫社区,146.7,65.8,4.7,211.7,428.9,374.0,54.9,641,416
2026-01-05,滨江街道,江枫社区,134.0,59.3,2.9,157.2,353.4,302.8,50.6,641,391
2026-01-06,滨江街道,江枫社区,147.1,62.1,4.7,223.2,437.0,372.3,64.7,641,441
2026-01-07,滨江街道,江枫社区,126.1,55.8,2.6,167.9,352.4,307.1,45.3,641,408
2026-01-08,滨江街道,江枫社区,125.0,70.2,3.1,214.3,412.5,347.0,65.5,641,429
2026-01-09,滨江街道,江枫社区,130.6,59.2,2.6,166.7,359.2,311.0,48.3,641,378
2026-01-10,滨江街道,江枫社区,162.2,68.6,2.7,218.9,452.4,392.6,59.8,641,438
2026-01-11,滨江街道,江枫社区,157.3,65.2,3.2,245.5,471.2,422.6,48.6,641,436
2026-01-12,滨江街道,江枫社区,135.4,60.2,3.0,185.9,384.6,327.6,57.1,641,422
2026-01-13,滨江街道,江枫社区,129.9,57.8,4.4,182.1,374.2,326.4,47.9,641,398
2026-01-14,滨江街道,江枫社区,135.9,70.7,4.3,187.7,398.7,334.0,64.7,641,430
2026-01-15,滨江街道,江枫社区,127.1,58.7,3.8,188.5,378.0,334.6,43.4,641,397
2026-01-16,滨江街道,江枫社区,142.8,56.1,3.0,224.2,426.0,372.1,53.9,641,456
2026-01-17,滨江街道,江枫社区,157.8,68.8,3.1,235.8,465.6,411.0,54.6,641,443
2026-01-18,滨江街道,江枫社区,168.3,69.7,2.9,211.3,452.2,399.0,53.2,641,448
2026-01-19,滨江街道,江枫社区,151.2,57.8,3.5,186.8,399.4,370.1,29.3,641,436
2026-01-20,滨江街道,江枫社区,137.6,59.4,2.7,175.3,375.1,318.3,56.8,641,397
2026-01-21,滨江街道,江枫社区,127.6,57.4,3.4,181.4,369.8,327.5,42.3,641,397
2026-01-22,滨江街道,江枫社区,118.7,49.1,3.1,187.6,358.5,308.4,50.0,641,397
2026-01-23,滨江街道,江枫社区,138.5,49.9,3.2,205.1,396.8,336.2,60.6,641,413
2026-01-24,滨江街道,江枫社区,154.7,61.3,3.6,200.6,420.1,375.6,44.5,641,404
2026-01-25,滨江街道,江枫社区,158.3,66.2,3.3,207.4,435.1,384.3,50.8,641,430
2026-01-26,滨江街道,江枫社区,119.4,62.3,3.2,186.8,371.6,327.4,44.2,641,411
2026-01-27,滨江街道,江枫社区,142.1,56.6,3.9,187.7,390.2,345.7,44.5,641,414
2026-01-28,滨江街道,江枫社区,143.4,61.7,3.1,180.1,388.4,342.3,46.1,641,416
2026-01-29,滨江街道,江枫社区,118.1,46.4,2.5,199.2,366.2,319.1,47.1,641,393
2026-01-30,滨江街道,江枫社区,145.9,62.1,2.8,200.3,411.1,353.7,57.4,641,445
2026-01-31,滨江街道,江枫社区,175.8,69.0,3.3,231.1,479.2,440.0,39.2,641,470
2026-02-01,滨江街道,江枫社区,176.5,74.5,4.8,231.3,487.1,435.9,51.2,641,474
2026-02-02,滨江街道,江枫社区,127.6,55.9,3.0,205.8,392.3,337.7,54.6,641,420
2026-02-03,滨江街道,江枫社区,130.1,55.1,3.3,179.8,368.3,329.4,38.9,641,413
2026-02-04,滨江街道,江枫社区,130.9,57.8,3.3,185.0,376.9,323.4,53.5,641,419
2026-02-05,滨江街道,江枫社区,122.3,67.5,3.5,198.4,391.6,333.6,58.0,641,425
2026-02-06,滨江街道,江枫社区,120.3,51.2,3.1,186.3,360.8,314.9,45.9,641,397
2026-02-07,滨江街道,江枫社区,145.3,71.0,4.3,233.1,453.7,390.8,62.9,641,455
2026-02-08,滨江街道,江枫社区,132.0,63.8,4.0,214.9,414.7,355.4,59.3,641,430
2026-02-09,滨江街道,江枫社区,106.2,56.4,3.2,152.4,318.1,270.9,47.2,641,366
2026-02-10,滨江街道,江枫社区,122.1,48.9,3.2,190.9,365.2,309.8,55.3,641,410
2026-02-11,滨江街道,江枫社区,124.8,60.2,3.3,191.6,379.9,330.7,49.2,641,428
2026-02-12,滨江街道,江枫社区,106.3,61.1,3.3,163.8,334.6,286.4,48.2,641,398
2026-02-13,滨江街道,江枫社区,125.4,52.9,3.5,172.4,354.3,307.7,46.6,641,402
2026-02-14,滨江街道,江枫社区,169.3,74.0,4.1,231.2,478.6,407.8,70.8,641,465
2026-02-15,滨江街道,江枫社区,150.6,73.6,3.2,244.6,472.0,407.6,64.5,641,449
2026-02-16,滨江街道,江枫社区,121.8,58.2,2.8,188.1,370.9,322.6,48.3,641,419
2026-02-17,滨江街道,江枫社区,130.9,54.9,2.9,162.4,351.1,287.3,63.8,641,381
2026-02-18,滨江街道,江枫社区,130.1,65.8,3.2,187.4,386.5,324.8,61.7,641,415
2026-02-19,滨江街道,江枫社区,130.7,54.9,3.0,185.4,374.0,312.2,61.8,641,404
2026-02-20,滨江街道,江枫社区,141.9,60.9,3.9,179.6,386.3,342.7,43.6,641,414
2026-02-21,滨江街道,江枫社区,166.9,75.3,3.6,239.5,485.3,421.3,64.0,641,439
2026-02-22,滨江街道,江枫社区,179.9,78.2,3.8,248.5,510.3,439.8,70.6,641,460
2026-02-23,滨江街道,江枫社区,135.2,52.2,3.6,173.3,364.3,307.4,56.9,641,415
2026-02-24,滨江街道,江枫社区,126.2,58.1,3.3,176.5,364.1,310.2,53.8,641,412
2026-02-25,滨江街道,江枫社区,145.4,55.0,2.7,168.0,371.0,322.8,48.2,641,396
2026-02-26,滨江街道,江枫社区,118.8,60.4,3.0,188.6,370.9,326.6,44.3,641,403
2026-02-27,滨江街道,江枫社区,153.7,50.7,2.9,184.3,391.7,343.4,48.3,641,416
2026-02-28,滨江街道,江枫社区,189.6,72.1,3.4,234.9,500.0,456.3,43.7,641,477
2026-03-01,滨江街道,江枫社区,171.9,75.6,4.3,222.0,473.8,400.6,73.2,641,474
2026-03-02,滨江街道,江枫社区,123.6,52.5,2.9,179.3,358.2,303.9,54.3,641,393
2026-03-03,滨江街道,江枫社区,133.8,53.4,3.6,181.8,372.7,317.3,55.3,641,409
2026-03-04,滨江街道,江枫社区,125.5,64.7,3.2,167.2,360.6,302.5,58.1,641,398
2026-03-05,滨江街道,江枫社区,131.8,54.0,3.9,175.9,365.7,316.0,49.7,641,405
2026-03-06,滨江街道,江枫社区,123.6,61.5,3.2,202.7,391.0,341.2,49.8,641,393
2026-03-07,滨江街道,江枫社区,186.1,64.3,2.8,222.5,475.7,406.6,69.1,641,451
2026-03-08,滨江街道,江枫社区,158.3,69.7,4.5,228.7,461.1,403.1,58.0,641,415
2026-03-09,滨江街道,江枫社区,145.4,59.4,3.0,191.4,399.1,340.9,58.2,641,440
2026-03-10,滨江街道,江枫社区,117.4,57.4,3.4,193.9,372.0,315.0,57.0,641,417
2026-03-11,滨江街道,江枫社区,126.4,50.5,3.7,178.1,358.6,314.5,44.2,641,417
2026-03-12,滨江街道,江枫社区,128.6,64.5,4.3,211.0,408.4,352.5,55.9,641,441
2026-03-13,滨江街道,江枫社区,117.6,58.0,3.4,152.0,330.9,268.0,62.9,641,397
2026-03-14,滨江街道,江枫社区,171.2,75.1,3.5,223.9,473.6,404.5,69.1,641,461
2026-03-15,滨江街道,江枫社区,170.7,76.1,3.6,247.0,497.4,427.4,70.0,641,447
2026-03-16,滨江街道,江枫社区,127.1,54.6,3.3,161.0,346.0,290.9,55.1,641,386
2026-03-17,滨江街道,江枫社区,134.3,55.5,4.0,179.9,373.6,328.7,44.9,641,427
2026-03-18,滨江街道,江枫社区,142.6,55.5,4.1,173.1,375.3,333.3,41.9,641,402
2026-03-19,滨江街道,江枫社区,142.8,65.6,3.2,194.0,405.7,343.9,61.7,641,429
2026-03-20,滨江街道,江枫社区,132.5,55.0,3.3,180.9,371.7,323.4,48.3,641,400
2026-03-21,滨江街道,江枫社区,163.7,70.4,4.5,242.5,481.1,406.7,74.4,641,441
2026-03-22,滨江街道,江枫社区,151.0,81.3,3.0,224.6,459.8,397.6,62.2,641,431
2026-03-23,滨江街道,江枫社区,122.9,53.6,3.0,175.9,355.5,303.6,51.9,641,408
2026-03-24,滨江街道,江枫社区,128.1,58.3,3.7,182.0,372.1,324.3,47.8,641,413
2026-03-25,滨江街道,江枫社区,133.5,54.4,3.1,167.9,359.0,310.1,48.9,641,389
2026-03-26,滨江街道,江枫社区,116.8,56.1,2.6,156.6,332.1,274.1,58.0,641,382
2026-03-27,滨江街道,江枫社区,127.3,56.3,3.8,196.9,384.2,319.4,64.9,641,406
2026-03-28,滨江街道,江枫社区,144.7,70.5,3.1,225.6,443.9,397.6,46.3,641,414
2026-03-29,滨江街道,江枫社区,186.5,83.4,3.6,244.9,518.4,447.5,70.9,641,476
2026-03-30,滨江街道,江枫社区,134.6,57.2,2.9,187.4,382.1,321.7,60.3,641,385
2026-03-31,滨江街道,江枫社区,128.5,47.8,2.9,172.2,351.4,293.9,57.6,641,378
2026-04-01,滨江街道,江枫社区,143.5,63.3,3.1,198.3,408.2,343.8,64.4,641,433
2026-04-02,滨江街道,江枫社区,131.5,60.9,2.9,192.5,387.8,313.4,74.4,641,447
2026-04-03,滨江街道,江枫社区,139.2,57.9,3.0,181.2,381.3,318.6,62.7,641,406
2026-04-04,滨江街道,江枫社区,160.2,71.0,4.0,246.3,481.5,418.5,63.0,641,466
2026-04-05,滨江街道,江枫社区,161.5,82.7,4.0,223.9,472.1,391.1,81.1,641,463
2026-04-06,滨江街道,江枫社区,131.2,55.9,2.7,168.0,357.9,295.5,62.4,641,406
2026-04-07,滨江街道,江枫社区,135.9,60.4,3.1,192.0,391.4,330.7,60.6,641,422
2026-04-08,滨江街道,江枫社区,138.1,58.9,2.3,210.6,409.9,361.1,48.8,641,439
2026-04-09,滨江街道,江枫社区,119.2,51.8,3.5,181.7,356.2,302.6,53.7,641,406
2026-04-10,滨江街道,江枫社区,141.7,60.3,3.8,165.9,371.7,315.1,56.6,641,418
2026-04-11,滨江街道,江枫社区,173.5,82.7,3.4,220.5,480.2,396.2,84.0,641,442
2026-04-12,滨江街道,江枫社区,165.6,94.9,3.3,273.0,536.8,435.9,100.9,641,465
2026-04-13,滨江街道,江枫社区,128.8,59.1,3.1,187.9,378.9,321.5,57.3,641,397
2026-04-14,滨江街道,江枫社区,136.8,54.5,3.4,194.6,389.4,331.0,58.4,641,428
2026-04-15,滨江街道,江枫社区,133.6,53.0,3.2,185.5,375.3,300.8,74.5,641,420
2026-04-16,滨江街道,江枫社区,143.4,58.4,2.5,197.2,401.5,349.3,52.2,641,421
2026-04-17,滨江街道,江枫社区,123.2,57.7,3.8,195.1,379.9,312.8,67.1,641,410
2026-04-18,滨江街道,江枫社区,156.9,70.5,2.9,259.1,489.4,428.6,60.8,641,482
2026-04-19,滨江街道,江枫社区,159.5,72.9,2.8,210.7,445.8,372.1,73.7,641,439
2026-04-20,滨江街道,江枫社区,140.6,57.8,2.6,209.6,410.6,343.0,67.7,641,440
2026-04-21,滨江街道,江枫社区,113.7,49.2,2.7,174.8,340.4,279.8,60.6,641,394
2026-04-22,滨江街道,江枫社区,132.4,70.2,2.6,190.8,396.1,322.2,73.9,641,420
2026-04-23,滨江街道,江枫社区,127.8,59.1,3.2,194.1,384.2,322.1,62.1,641,397
2026-04-24,滨江街道,江枫社区,139.8,60.2,3.5,193.8,397.4,316.3,81.1,641,400
2026-04-25,滨江街道,江枫社区,182.0,70.9,5.5,243.0,501.4,407.5,93.9,641,464
2026-04-26,滨江街道,江枫社区,160.7,80.6,4.0,227.7,472.9,382.0,90.9,641,456
2026-04-27,滨江街道,江枫社区,132.5,60.2,3.8,191.5,387.9,334.5,53.4,641,435
2026-04-28,滨江街道,江枫社区,125.2,48.8,3.5,166.5,344.0,285.2,58.8,641,417
2026-04-29,滨江街道,江枫社区,110.7,55.3,3.0,169.3,338.3,276.5,61.8,641,382
2026-04-30,滨江街道,江枫社区,132.2,56.3,3.7,192.6,384.9,312.3,72.5,641,404
2026-05-01,滨江街道,江枫社区,117.4,53.3,2.7,162.2,335.7,274.7,61.0,641,384
2026-05-02,滨江街道,江枫社区,178.0,80.2,3.3,277.7,539.1,450.8,88.3,641,498
2026-05-03,滨江街道,江枫社区,186.5,72.7,3.6,267.8,530.5,451.2,79.2,641,467
2026-05-04,滨江街道,江枫社区,124.0,50.4,3.5,173.9,351.7,293.4,58.3,641,377
2026-05-05,滨江街道,江枫社区,137.4,61.1,3.7,208.7,410.9,325.3,85.7,641,424
2026-05-06,滨江街道,江枫社区,144.0,70.4,3.9,191.4,409.5,340.1,69.5,641,420
2026-05-07,滨江街道,江枫社区,135.8,70.6,3.0,204.5,413.9,343.8,70.1,641,424
2026-05-08,滨江街道,江枫社区,123.7,52.4,3.4,176.9,356.4,292.5,63.9,641,391
2026-05-09,滨江街道,江枫社区,188.6,87.7,4.0,247.9,528.2,431.2,96.9,641,480
2026-05-10,滨江街道,江枫社区,163.2,69.9,2.8,229.4,465.3,394.4,70.9,641,440
2026-05-11,滨江街道,江枫社区,135.7,64.3,2.9,183.0,386.0,314.6,71.4,641,415
2026-05-12,滨江街道,江枫社区,124.4,55.5,3.5,184.9,368.4,298.1,70.3,641,403
2026-05-13,滨江街道,江枫社区,150.4,57.8,4.3,203.8,416.2,334.6,81.6,641,444
2026-05-14,滨江街道,江枫社区,136.1,62.3,3.5,187.9,389.8,319.6,70.1,641,426
2026-05-15,滨江街道,江枫社区,134.2,63.9,3.7,189.1,390.9,307.4,83.5,641,429
2026-05-16,滨江街道,江枫社区,169.1,72.5,4.7,225.6,471.8,402.6,69.2,641,455
2026-05-17,滨江街道,江枫社区,164.5,65.8,3.2,214.7,448.2,371.6,76.6,641,428
2026-05-18,滨江街道,江枫社区,110.5,57.4,2.3,187.1,357.2,294.4,62.9,641,395
2026-05-19,滨江街道,江枫社区,143.9,58.1,4.2,182.1,388.4,330.5,57.9,641,416
2026-05-20,滨江街道,江枫社区,148.2,61.1,3.1,191.8,404.2,315.4,88.8,641,418
2026-05-21,滨江街道,江枫社区,156.6,56.1,3.9,196.9,413.5,347.5,66.0,641,418
2026-05-22,滨江街道,江枫社区,139.8,58.2,3.5,167.7,369.1,299.1,70.0,641,411
2026-05-23,滨江街道,江枫社区,167.5,75.7,3.4,228.2,474.9,402.1,72.8,641,457
2026-05-24,滨江街道,江枫社区,185.4,76.5,3.1,258.5,523.5,434.8,88.7,641,442
2026-05-25,滨江街道,江枫社区,141.8,50.2,3.2,182.6,377.9,308.0,69.9,641,420
2026-05-26,滨江街道,江枫社区,135.7,59.1,4.0,195.2,393.9,325.6,68.3,641,426
2026-05-27,滨江街道,江枫社区,150.8,59.9,3.1,169.3,383.1,315.6,67.6,641,422
2026-05-28,滨江街道,江枫社区,130.3,54.9,3.5,178.3,367.0,292.5,74.5,641,410
2026-05-29,滨江街道,江枫社区,149.7,55.2,3.6,173.0,381.5,307.7,73.9,641,431
2026-05-30,滨江街道,江枫社区,173.3,66.6,3.1,228.2,471.2,380.9,90.3,641,440
2026-05-31,滨江街道,江枫社区,180.8,68.7,3.5,220.3,473.3,395.5,77.8,641,436
2026-06-01,滨江街道,江枫社区,157.7,58.7,4.2,207.4,428.1,350.4,77.7,641,446
2026-06-02,滨江街道,江枫社区,132.9,63.4,3.9,207.6,407.8,337.7,70.1,641,420
2026-06-03,滨江街道,江枫社区,116.0,51.7,3.2,176.9,347.7,283.1,64.6,641,420
2026-06-04,滨江街道,江枫社区,123.3,53.6,3.8,172.2,352.9,291.2,61.7,641,397
2026-06-05,滨江街道,江枫社区,143.9,63.8,3.4,173.1,384.3,314.6,69.7,641,426
2026-06-06,滨江街道,江枫社区,170.0,68.9,4.3,235.1,478.3,391.5,86.9,641,454
2026-06-07,滨江街道,江枫社区,183.8,75.6,4.2,216.3,479.9,386.8,93.1,641,445
2026-06-08,滨江街道,江枫社区,132.3,56.5,3.0,180.1,371.9,296.9,75.1,641,409
2026-06-09,滨江街道,江枫社区,143.3,52.0,3.5,204.8,403.7,321.4,82.2,641,419
2026-06-10,滨江街道,江枫社区,139.4,53.3,3.3,174.2,370.1,298.8,71.3,641,412
2026-06-11,滨江街道,江枫社区,124.3,58.6,4.0,210.7,397.6,308.9,88.7,641,419
2026-06-12,滨江街道,江枫社区,144.9,60.0,2.6,219.3,426.8,346.7,80.1,641,442
2026-06-13,滨江街道,江枫社区,182.8,71.6,4.0,282.9,541.4,435.1,106.3,641,481
2026-06-14,滨江街道,江枫社区,156.6,72.1,3.5,246.9,479.0,407.3,71.8,641,444
2026-06-15,滨江街道,江枫社区,128.3,53.8,3.1,178.1,363.4,299.4,64.0,641,390
2026-06-16,滨江街道,江枫社区,134.9,61.5,3.3,179.4,379.1,315.4,63.6,641,441
2026-06-17,滨江街道,江枫社区,132.3,64.0,3.6,209.7,409.6,331.2,78.4,641,458
2026-06-18,滨江街道,江枫社区,116.4,61.5,2.7,172.5,353.1,280.1,73.0,641,395
2026-06-19,滨江街道,江枫社区,133.3,62.2,3.8,169.5,368.8,312.9,55.9,641,408
2026-06-20,滨江街道,江枫社区,190.1,69.7,3.4,244.1,507.3,410.8,96.5,641,460
2026-06-21,滨江街道,江枫社区,163.3,72.1,3.9,260.7,499.9,416.8,83.1,641,467
2026-06-22,滨江街道,江枫社区,127.0,68.6,3.5,202.6,401.6,323.8,77.8,641,422
2026-06-23,滨江街道,江枫社区,124.0,50.0,4.1,191.7,369.8,299.9,69.8,641,424
2026-06-24,滨江街道,江枫社区,120.6,60.7,4.1,172.5,358.0,291.5,66.5,641,398
2026-06-25,滨江街道,江枫社区,135.3,69.2,3.2,206.5,414.2,340.7,73.5,641,426
2026-06-26,滨江街道,江枫社区,146.6,60.5,3.3,206.3,416.7,340.6,76.1,641,422
2026-06-27,滨江街道,江枫社区,139.0,79.5,3.9,246.3,468.8,396.2,72.6,641,477
2026-06-28,滨江街道,江枫社区,175.9,72.3,4.6,248.9,501.7,418.2,83.5,641,459
2026-06-29,滨江街道,江枫社区,148.2,65.6,3.4,206.3,423.5,347.4,76.1,641,432
2026-06-30,滨江街道,江枫社区,156.9,61.1,5.2,182.1,405.3,329.8,75.5,641,459
2026-07-01,滨江街道,江枫社区,147.6,58.9,2.9,182.5,391.8,317.3,74.6,641,412
2026-07-02,滨江街道,江枫社区,131.5,55.2,3.5,193.0,383.2,301.0,82.2,641,419
2026-07-03,滨江街道,江枫社区,128.1,57.4,3.5,182.8,371.8,290.2,81.7,641,393
2026-07-04,滨江街道,江枫社区,205.7,98.2,2.9,215.9,522.8,438.4,84.4,641,476
2026-07-05,滨江街道,江枫社区,171.1,79.5,3.6,231.8,486.0,393.7,92.3,641,467
2026-07-06,滨江街道,江枫社区,141.7,56.7,3.2,196.0,397.7,313.6,84.1,641,421
2026-07-07,滨江街道,江枫社区,135.1,57.0,3.7,205.6,401.4,319.0,82.4,641,446
2026-07-08,滨江街道,江枫社区,162.0,60.0,4.5,175.9,402.5,315.0,87.5,641,451
2026-07-09,滨江街道,江枫社区,138.4,52.9,3.2,174.9,369.4,302.1,67.4,641,408
2026-07-10,滨江街道,江枫社区,146.2,76.2,3.5,226.4,452.3,359.3,93.0,641,460
2026-07-11,滨江街道,江枫社区,161.1,82.3,3.7,206.4,453.5,354.1,99.3,641,452
2026-07-12,滨江街道,江枫社区,170.5,75.2,3.3,219.3,468.4,368.4,99.9,641,438
2026-07-13,滨江街道,江枫社区,132.6,58.1,3.1,185.7,379.5,307.8,71.7,641,403
2026-07-14,滨江街道,江枫社区,128.5,64.0,4.1,199.6,396.1,316.9,79.2,641,435
2026-07-15,滨江街道,江枫社区,142.8,59.5,2.8,200.0,405.1,327.8,77.4,641,423
2026-07-16,滨江街道,江枫社区,134.5,58.1,3.5,185.4,381.5,293.3,88.2,641,430
2026-07-17,滨江街道,江枫社区,131.4,66.4,3.5,199.1,400.4,323.3,77.1,641,426
2026-07-18,滨江街道,江枫社区,184.4,76.1,3.1,253.6,517.2,432.2,85.0,641,484
2026-07-19,滨江街道,江枫社区,138.9,80.1,4.3,235.8,459.0,381.0,78.1,641,464
2026-07-20,滨江街道,江枫社区,134.2,67.7,2.9,196.0,400.8,327.1,73.7,641,437
2026-07-21,滨江街道,江枫社区,133.3,63.6,3.9,192.2,393.0,312.6,80.4,641,409
2026-07-22,滨江街道,江枫社区,129.0,55.7,3.0,201.3,388.9,298.6,90.3,641,399
2026-07-23,滨江街道,江枫社区,147.7,61.2,5.1,185.0,399.0,319.3,79.7,641,435
2026-07-24,滨江街道,江枫社区,143.0,60.8,3.0,173.9,380.7,299.7,81.0,641,407
2026-07-25,滨江街道,江枫社区,185.8,74.3,4.0,244.5,508.7,424.8,83.8,641,464
2026-07-26,滨江街道,江枫社区,155.6,76.0,4.1,249.3,485.1,387.6,97.5,641,454
2026-07-27,滨江街道,江枫社区,148.6,63.6,4.2,207.7,424.0,343.5,80.5,641,423
2026-07-28,滨江街道,江枫社区,144.8,55.2,2.9,179.8,382.7,304.6,78.1,641,432
2026-07-29,滨江街道,江枫社区,123.0,59.4,3.3,202.4,388.1,309.0,79.1,641,419
2026-07-30,滨江街道,江枫社区,133.2,64.0,3.5,192.5,393.2,328.1,65.1,641,434
2026-07-31,滨江街道,江枫社区,131.7,62.1,3.6,208.9,406.3,318.0,88.3,641,416
2026-08-01,滨江街道,江枫社区,169.1,69.3,3.4,232.2,474.1,384.0,90.1,641,468
2026-08-02,滨江街道,江枫社区,178.3,73.0,3.3,233.2,487.8,366.7,121.1,641,440
2026-08-03,滨江街道,江枫社区,149.6,60.0,2.7,190.1,402.4,302.1,100.3,641,433
2026-08-04,滨江街道,江枫社区,127.3,73.3,2.9,192.0,395.4,319.9,75.5,641,433
2026-08-05,滨江街道,江枫社区,127.1,60.1,4.0,179.4,370.5,284.3,86.2,641,408
2026-08-06,滨江街道,江枫社区,144.2,62.4,3.6,195.3,405.5,311.3,94.2,641,437
2026-08-07,滨江街道,江枫社区,144.7,70.9,3.5,190.7,409.8,322.8,87.0,641,424
2026-08-08,滨江街道,江枫社区,172.2,74.6,3.4,244.2,494.3,396.7,97.6,641,447
2026-08-09,滨江街道,江枫社区,165.7,72.4,4.1,239.9,482.1,384.8,97.3,641,441
2026-08-10,滨江街道,江枫社区,134.1,60.4,3.6,192.0,390.1,305.8,84.3,641,419
2026-08-11,滨江街道,江枫社区,137.4,76.3,4.0,188.0,405.7,318.2,87.5,641,447
2026-08-12,滨江街道,江枫社区,138.8,55.0,3.0,205.9,402.8,317.9,84.9,641,443
2026-08-13,滨江街道,江枫社区,132.2,55.0,2.9,174.7,364.8,275.2,89.6,641,400
2026-08-14,滨江街道,江枫社区,133.2,58.6,3.7,193.6,389.2,295.6,93.6,641,437
2026-08-15,滨江街道,江枫社区,158.8,68.4,3.1,205.2,435.5,341.9,93.5,641,422
2026-08-16,滨江街道,江枫社区,173.6,86.1,4.2,241.2,505.0,403.1,101.9,641,469
2026-08-17,滨江街道,江枫社区,137.7,66.6,3.0,193.3,400.6,320.2,80.4,641,429
2026-08-18,滨江街道,江枫社区,135.8,53.0,2.5,221.2,412.5,333.0,79.5,641,434
2026-08-19,滨江街道,江枫社区,136.3,54.1,3.2,177.3,370.9,293.6,77.3,641,417
2026-08-20,滨江街道,江枫社区,112.5,58.8,2.7,179.8,353.8,269.1,84.7,641,387
2026-08-21,滨江街道,江枫社区,134.5,60.6,3.2,207.0,405.3,325.5,79.8,641,428
2026-08-22,滨江街道,江枫社区,157.8,75.9,3.9,259.7,497.3,413.6,83.7,641,488
2026-08-23,滨江街道,江枫社区,169.6,65.6,2.7,206.3,444.2,340.6,103.6,641,426
2026-08-24,滨江街道,江枫社区,133.8,53.3,2.5,201.9,391.6,310.5,81.1,641,412
2026-08-25,滨江街道,江枫社区,130.6,66.3,3.7,202.9,403.5,320.0,83.5,641,421
2026-08-26,滨江街道,江枫社区,140.6,57.5,3.4,186.4,387.9,300.8,87.1,641,429
2026-08-27,滨江街道,江枫社区,133.1,57.7,3.1,185.8,379.8,301.2,78.6,641,402
2026-08-28,滨江街道,江枫社区,137.2,60.9,3.1,180.2,381.4,297.2,84.2,641,415
2026-08-29,滨江街道,江枫社区,181.1,74.1,3.6,219.7,478.5,380.2,98.3,641,449
2026-08-30,滨江街道,江枫社区,158.5,76.7,3.8,199.5,438.6,355.8,82.8,641,448
2026-08-31,滨江街道,江枫社区,134.8,61.0,2.6,163.3,361.7,283.2,78.5,641,430
2026-09-01,滨江街道,江枫社区,115.0,57.1,2.6,193.4,368.0,278.2,89.8,641,436
2026-09-02,滨江街道,江枫社区,135.4,63.8,3.4,189.2,391.9,317.0,74.9,641,426
2026-09-03,滨江街道,江枫社区,143.3,60.9,3.3,209.2,416.7,329.3,87.4,641,440
2026-09-04,滨江街道,江枫社区,136.4,71.3,3.9,192.8,404.4,310.4,94.0,641,454
2026-09-05,滨江街道,江枫社区,165.9,69.7,3.5,246.4,485.6,385.9,99.7,641,450
2026-09-06,滨江街道,江枫社区,152.2,72.6,3.7,219.2,447.7,355.8,91.8,641,441
2026-09-07,滨江街道,江枫社区,137.5,58.9,3.4,196.7,396.6,318.2,78.4,641,446
2026-09-08,滨江街道,江枫社区,144.3,66.5,4.1,203.2,418.1,332.9,85.2,641,450
2026-09-09,滨江街道,江枫社区,145.6,58.1,3.2,195.5,402.5,314.3,88.2,641,442
2026-09-10,滨江街道,江枫社区,134.0,57.9,2.6,178.3,372.8,283.6,89.1,641,402
2026-09-11,滨江街道,江枫社区,130.2,54.5,3.8,178.1,366.6,282.3,84.2,641,434
2026-09-12,滨江街道,江枫社区,166.6,74.9,4.6,214.4,460.5,359.8,100.7,641,456
2026-09-13,滨江街道,江枫社区,165.6,56.6,4.8,209.3,436.3,349.6,86.7,641,414
2026-09-14,滨江街道,江枫社区,140.6,61.3,3.2,212.8,417.9,333.0,84.9,641,451
2026-09-15,滨江街道,江枫社区,137.2,54.1,3.2,188.0,382.3,292.9,89.5,641,415
2026-09-16,滨江街道,江枫社区,147.7,58.0,3.2,187.5,396.4,302.0,94.3,641,421
2026-09-17,滨江街道,江枫社区,134.9,58.7,2.5,206.0,402.2,314.4,87.8,641,411
2026-09-18,滨江街道,江枫社区,124.2,59.2,2.7,202.7,388.7,310.9,77.8,641,415
2026-09-19,滨江街道,江枫社区,173.0,78.8,4.8,250.7,507.4,394.3,113.1,641,494
2026-01-01,青山街道,山水人家,92.9,38.0,1.9,139.8,272.6,203.7,68.9,513,300
2026-01-02,青山街道,山水人家,94.4,37.5,1.7,160.3,293.9,220.3,73.7,513,300
2026-01-03,青山街道,山水人家,116.4,44.7,2.2,178.7,341.9,261.2,80.7,513,311
2026-01-04,青山街道,山水人家,101.5,45.9,2.3,173.8,323.5,247.9,75.6,513,297
2026-01-05,青山街道,山水人家,84.5,37.9,1.7,122.2,246.3,182.0,64.3,513,265
2026-01-06,青山街道,山水人家,86.9,38.2,1.8,127.2,254.2,194.2,60.0,513,285
2026-01-07,青山街道,山水人家,96.7,40.1,1.6,108.8,247.3,185.0,62.3,513,269
2026-01-08,青山街道,山水人家,103.6,48.9,2.5,136.4,291.5,211.2,80.3,513,307
2026-01-09,青山街道,山水人家,91.4,39.7,2.9,129.1,263.1,189.4,73.7,513,289
2026-01-10,青山街道,山水人家,122.8,44.4,2.5,154.8,324.5,252.6,71.9,513,284
2026-01-11,青山街道,山水人家,124.9,49.0,2.3,167.1,343.2,255.8,87.4,513,322
2026-01-12,青山街道,山水人家,101.8,42.5,2.7,121.4,268.3,198.6,69.7,513,305
2026-01-13,青山街道,山水人家,98.5,41.0,2.9,136.5,278.9,204.0,74.9,513,288
2026-01-14,青山街道,山水人家,92.2,38.0,2.8,118.3,251.2,184.3,66.9,513,281
2026-01-15,青山街道,山水人家,92.6,39.6,2.3,139.4,273.9,204.9,69.0,513,295
2026-01-16,青山街道,山水人家,91.5,38.6,2.5,125.8,258.4,189.5,68.9,513,267
2026-01-17,青山街道,山水人家,114.9,54.5,2.4,164.2,335.9,266.6,69.3,513,326
2026-01-18,青山街道,山水人家,116.0,48.8,2.1,144.1,310.9,226.7,84.3,513,305
2026-01-19,青山街道,山水人家,87.7,41.8,3.2,134.5,267.3,208.6,58.7,513,288
2026-01-20,青山街道,山水人家,92.8,44.6,2.2,139.5,279.1,193.2,85.9,513,324
2026-01-21,青山街道,山水人家,79.9,38.5,1.8,103.9,224.1,167.5,56.6,513,251
2026-01-22,青山街道,山水人家,85.8,35.4,2.4,129.6,253.3,187.4,65.9,513,278
2026-01-23,青山街道,山水人家,86.8,34.9,2.2,132.2,256.1,185.2,70.9,513,269
2026-01-24,青山街道,山水人家,109.3,46.0,2.3,154.4,312.0,235.0,77.0,513,290
2026-01-25,青山街道,山水人家,113.3,58.7,3.0,168.1,343.0,263.0,80.0,513,309
2026-01-26,青山街道,山水人家,91.8,38.0,2.0,118.9,250.5,186.6,64.0,513,268
2026-01-27,青山街道,山水人家,100.0,42.6,2.4,129.6,274.6,199.1,75.5,513,300
2026-01-28,青山街道,山水人家,80.2,34.2,2.2,123.8,240.3,169.2,71.1,513,262
2026-01-29,青山街道,山水人家,93.1,42.2,2.4,146.5,284.3,210.4,73.9,513,305
2026-01-30,青山街道,山水人家,82.6,37.1,2.7,113.2,235.6,175.4,60.3,513,285
2026-01-31,青山街道,山水人家,111.5,47.8,3.4,178.5,341.2,265.6,75.6,513,317
2026-02-01,青山街道,山水人家,111.2,51.1,2.3,161.7,326.3,247.2,79.0,513,314
2026-02-02,青山街道,山水人家,85.3,35.6,2.3,122.1,245.4,191.5,53.9,513,284
2026-02-03,青山街道,山水人家,87.1,33.6,2.1,115.1,237.8,178.9,58.9,513,261
2026-02-04,青山街道,山水人家,103.6,42.2,2.9,128.0,276.6,215.4,61.2,513,288
2026-02-05,青山街道,山水人家,103.0,44.6,2.3,135.9,285.9,215.6,70.3,513,305
2026-02-06,青山街道,山水人家,94.8,40.5,2.1,145.2,282.7,217.2,65.5,513,307
2026-02-07,青山街道,山水人家,123.2,49.9,3.3,153.6,330.0,245.3,84.7,513,324
2026-02-08,青山街道,山水人家,102.7,57.8,2.9,159.4,322.8,254.9,67.8,513,316
2026-02-09,青山街道,山水人家,96.9,34.1,1.7,119.8,252.5,184.5,68.0,513,262
2026-02-10,青山街道,山水人家,92.1,39.4,2.0,122.1,255.6,183.6,71.9,513,271
2026-02-11,青山街道,山水人家,87.1,38.1,2.1,122.8,250.1,185.1,65.0,513,285
2026-02-12,青山街道,山水人家,90.2,37.9,2.3,152.6,283.0,217.0,66.0,513,298
2026-02-13,青山街道,山水人家,91.0,39.3,2.1,136.5,268.9,196.2,72.8,513,283
2026-02-14,青山街道,山水人家,123.5,56.0,3.3,181.6,364.5,280.0,84.5,513,324
2026-02-15,青山街道,山水人家,116.7,56.9,2.9,191.6,368.1,295.1,73.0,513,330
2026-02-16,青山街道,山水人家,90.3,42.9,2.3,136.2,271.6,198.4,73.2,513,294
2026-02-17,青山街道,山水人家,96.5,42.2,3.2,131.1,273.0,197.3,75.7,513,298
2026-02-18,青山街道,山水人家,92.9,48.0,2.3,124.8,268.1,202.2,65.9,513,287
2026-02-19,青山街道,山水人家,81.7,37.1,1.9,113.5,234.1,183.0,51.1,513,281
2026-02-20,青山街道,山水人家,97.9,42.0,2.5,121.6,263.9,195.7,68.2,513,285
2026-02-21,青山街道,山水人家,125.5,55.5,2.2,183.6,366.7,284.5,82.2,513,333
2026-02-22,青山街道,山水人家,112.2,50.2,2.4,160.0,324.8,257.3,67.6,513,316
2026-02-23,青山街道,山水人家,98.6,41.8,2.0,126.6,269.1,204.4,64.7,513,290
2026-02-24,青山街道,山水人家,100.9,46.3,2.6,128.3,278.0,205.1,72.9,513,283
2026-02-25,青山街道,山水人家,88.2,46.1,1.8,133.1,269.2,194.8,74.4,513,289
2026-02-26,青山街道,山水人家,95.3,43.5,2.3,134.7,275.7,201.9,73.8,513,286
2026-02-27,青山街道,山水人家,98.6,41.7,2.1,128.3,270.7,199.3,71.5,513,290
2026-02-28,青山街道,山水人家,102.6,49.8,2.2,139.9,294.5,229.2,65.3,513,295
2026-03-01,青山街道,山水人家,108.0,45.5,2.3,145.8,301.5,238.2,63.4,513,297
2026-03-02,青山街道,山水人家,98.4,38.7,3.2,116.4,256.7,196.7,60.0,513,290
2026-03-03,青山街道,山水人家,103.7,45.3,2.7,146.7,298.4,216.4,82.1,513,315
2026-03-04,青山街道,山水人家,91.8,40.3,2.7,136.6,271.3,205.9,65.4,513,273
2026-03-05,青山街道,山水人家,95.7,34.7,2.3,119.2,251.9,191.3,60.6,513,269
2026-03-06,青山街道,山水人家,97.4,43.8,2.1,133.6,276.9,206.5,70.4,513,300
2026-03-07,青山街道,山水人家,113.6,58.0,2.4,141.7,315.7,237.3,78.4,513,311
2026-03-08,青山街道,山水人家,117.2,49.9,2.2,186.6,355.9,281.4,74.5,513,321
2026-03-09,青山街道,山水人家,85.5,40.4,2.1,111.7,239.7,180.9,58.9,513,262
2026-03-10,青山街道,山水人家,96.1,38.1,1.7,126.2,262.1,192.8,69.3,513,274
2026-03-11,青山街道,山水人家,84.6,36.1,2.6,128.3,251.7,190.3,61.4,513,281
2026-03-12,青山街道,山水人家,95.3,39.4,2.3,140.9,277.8,211.8,66.1,513,292
2026-03-13,青山街道,山水人家,85.3,40.4,2.9,135.2,263.8,205.5,58.3,513,270
2026-03-14,青山街道,山水人家,123.3,58.5,3.0,160.2,345.0,259.2,85.8,513,334
2026-03-15,青山街道,山水人家,120.9,51.9,2.1,177.4,352.3,273.2,79.1,513,329
2026-03-16,青山街道,山水人家,86.0,38.8,2.0,123.3,250.2,189.4,60.7,513,274
2026-03-17,青山街道,山水人家,99.0,39.6,1.7,147.9,288.2,208.1,80.1,513,309
2026-03-18,青山街道,山水人家,98.4,43.8,2.4,129.4,274.0,209.2,64.8,513,292
2026-03-19,青山街道,山水人家,102.7,41.0,2.9,135.8,282.3,210.6,71.7,513,295
2026-03-20,青山街道,山水人家,114.8,52.0,2.3,166.8,336.0,255.5,80.5,513,325
2026-03-21,青山街道,山水人家,100.2,51.2,2.1,164.4,318.0,242.9,75.0,513,310
2026-03-22,青山街道,山水人家,130.1,66.1,2.3,194.2,392.7,292.5,100.3,513,342
2026-03-23,青山街道,山水人家,90.0,39.4,2.2,124.4,256.0,184.6,71.4,513,292
2026-03-24,青山街道,山水人家,90.9,43.3,2.4,136.1,272.7,199.3,73.4,513,282
2026-03-25,青山街道,山水人家,94.2,40.6,2.0,134.2,270.9,197.0,74.0,513,282
2026-03-26,青山街道,山水人家,90.9,38.7,2.0,120.1,251.8,187.3,64.5,513,276
2026-03-27,青山街道,山水人家,96.4,40.3,2.6,130.9,270.2,198.4,71.8,513,282
2026-03-28,青山街道,山水人家,100.6,44.1,2.1,158.6,305.4,230.4,75.0,513,289
2026-03-29,青山街道,山水人家,122.3,63.7,3.5,177.6,367.1,287.5,79.7,513,348
2026-03-30,青山街道,山水人家,97.9,42.5,2.2,119.9,262.6,200.1,62.5,513,307
2026-03-31,青山街道,山水人家,83.1,40.1,1.8,130.8,255.8,193.1,62.7,513,277
2026-04-01,青山街道,山水人家,90.9,36.3,2.6,129.7,259.4,199.2,60.2,513,285
2026-04-02,青山街道,山水人家,92.1,37.1,2.8,140.2,272.1,207.9,64.3,513,299
2026-04-03,青山街道,山水人家,102.5,45.5,2.2,122.2,272.4,204.2,68.2,513,297
2026-04-04,青山街道,山水人家,125.3,47.4,2.3,155.6,330.6,247.1,83.5,513,312
2026-04-05,青山街道,山水人家,107.7,55.5,2.5,189.8,355.4,270.7,84.7,513,316
2026-04-06,青山街道,山水人家,109.6,42.7,2.4,134.1,288.7,213.1,75.6,513,315
2026-04-07,青山街道,山水人家,93.2,35.8,3.3,128.9,261.3,194.1,67.2,513,291
2026-04-08,青山街道,山水人家,88.5,38.2,2.2,126.3,255.3,194.1,61.2,513,281
2026-04-09,青山街道,山水人家,98.1,41.1,2.4,130.4,272.1,210.5,61.6,513,294
2026-04-10,青山街道,山水人家,93.8,40.8,2.3,133.4,270.4,210.2,60.2,513,296
2026-04-11,青山街道,山水人家,118.7,53.0,3.2,153.7,328.6,253.1,75.5,513,308
2026-04-12,青山街道,山水人家,111.0,41.1,2.0,151.5,305.6,239.3,66.3,513,287
2026-04-13,青山街道,山水人家,86.7,41.4,1.9,125.1,255.2,190.9,64.3,513,279
2026-04-14,青山街道,山水人家,102.0,36.6,2.8,131.4,272.9,205.3,67.6,513,303
2026-04-15,青山街道,山水人家,90.3,47.4,2.3,120.8,260.8,199.1,61.7,513,276
2026-04-16,青山街道,山水人家,93.5,38.5,1.8,113.5,247.3,186.7,60.6,513,268
2026-04-17,青山街道,山水人家,91.1,46.7,2.4,129.8,270.0,205.0,64.9,513,305
2026-04-18,青山街道,山水人家,116.1,52.1,3.2,179.8,351.2,267.9,83.3,513,343
2026-04-19,青山街道,山水人家,129.4,54.7,2.4,166.6,353.2,267.4,85.9,513,331
2026-04-20,青山街道,山水人家,93.9,43.5,2.1,124.6,264.1,201.8,62.2,513,271
2026-04-21,青山街道,山水人家,112.8,39.1,2.4,148.9,303.2,236.6,66.6,513,321
2026-04-22,青山街道,山水人家,112.2,41.7,2.5,136.8,293.2,220.0,73.2,513,318
2026-04-23,青山街道,山水人家,97.3,37.4,1.6,117.3,253.5,191.6,61.9,513,287
2026-04-24,青山街道,山水人家,90.9,36.1,1.9,119.6,248.5,184.0,64.4,513,281
2026-04-25,青山街道,山水人家,109.4,52.4,2.1,156.0,319.9,240.3,79.6,513,308
2026-04-26,青山街道,山水人家,120.0,57.6,2.2,169.8,349.5,266.1,83.4,513,329
2026-04-27,青山街道,山水人家,86.7,43.7,1.9,121.5,253.8,190.1,63.8,513,272
2026-04-28,青山街道,山水人家,81.8,36.2,2.0,119.0,239.0,175.8,63.2,513,268
2026-04-29,青山街道,山水人家,92.7,35.3,2.1,128.7,258.8,188.8,70.0,513,281
2026-04-30,青山街道,山水人家,86.5,44.5,2.5,133.6,267.1,199.0,68.1,513,296
2026-05-01,青山街道,山水人家,88.8,45.0,3.0,124.3,261.2,205.0,56.1,513,288
2026-05-02,青山街道,山水人家,122.7,56.6,3.0,167.6,349.9,271.1,78.8,513,335
2026-05-03,青山街道,山水人家,109.1,47.4,2.3,174.5,333.4,261.5,71.9,513,319
2026-05-04,青山街道,山水人家,100.2,44.1,2.5,140.6,287.5,224.9,62.7,513,305
2026-05-05,青山街道,山水人家,83.0,35.1,2.6,135.2,255.8,197.8,58.0,513,272
2026-05-06,青山街道,山水人家,102.0,48.1,2.7,155.5,308.4,223.8,84.6,513,317
2026-05-07,青山街道,山水人家,86.5,39.7,2.1,127.3,255.6,196.4,59.2,513,272
2026-05-08,青山街道,山水人家,85.1,38.5,2.3,113.6,239.6,183.0,56.7,513,284
2026-05-09,青山街道,山水人家,102.1,51.0,1.9,155.5,310.6,236.9,73.7,513,288
2026-05-10,青山街道,山水人家,126.5,58.8,2.2,160.6,348.1,288.2,59.9,513,341
2026-05-11,青山街道,山水人家,102.5,40.1,2.5,136.3,281.4,215.4,66.1,513,300
2026-05-12,青山街道,山水人家,88.8,41.8,2.4,128.0,261.0,199.0,62.0,513,292
2026-05-13,青山街道,山水人家,103.0,39.8,2.5,131.7,276.9,215.1,61.8,513,309
2026-05-14,青山街道,山水人家,96.4,41.6,2.7,133.7,274.4,210.3,64.1,513,279
2026-05-15,青山街道,山水人家,102.0,39.7,1.9,137.2,280.7,213.3,67.4,513,287
2026-05-16,青山街道,山水人家,127.7,55.0,3.4,161.4,347.5,270.8,76.7,513,342
2026-05-17,青山街道,山水人家,98.4,52.7,2.2,166.6,319.9,245.1,74.8,513,305
2026-05-18,青山街道,山水人家,94.3,39.9,2.5,144.1,280.8,216.7,64.1,513,303
2026-05-19,青山街道,山水人家,84.3,40.3,2.1,126.8,253.4,193.6,59.8,513,283
2026-05-20,青山街道,山水人家,93.5,42.0,3.1,135.2,273.7,208.2,65.6,513,287
2026-05-21,青山街道,山水人家,81.7,39.3,2.6,131.9,255.4,202.7,52.8,513,281
2026-05-22,青山街道,山水人家,87.6,36.5,1.6,119.4,245.1,192.8,52.3,513,254
2026-05-23,青山街道,山水人家,127.0,54.2,2.1,166.8,350.0,272.9,77.1,513,325
2026-05-24,青山街道,山水人家,131.7,48.0,2.4,161.5,343.5,256.8,86.7,513,329
2026-05-25,青山街道,山水人家,93.5,44.3,2.8,144.2,284.8,215.5,69.3,513,300
2026-05-26,青山街道,山水人家,110.1,49.9,2.5,135.5,298.0,221.9,76.1,513,315
2026-05-27,青山街道,山水人家,88.4,41.4,2.7,120.6,253.1,189.0,64.0,513,276
2026-05-28,青山街道,山水人家,89.9,43.4,2.5,132.5,268.3,205.0,63.3,513,292
2026-05-29,青山街道,山水人家,100.5,39.7,2.8,138.5,281.4,217.1,64.4,513,303
2026-05-30,青山街道,山水人家,121.3,56.7,2.2,181.0,361.2,277.8,83.5,513,323
2026-05-31,青山街道,山水人家,110.8,46.2,1.9,167.6,326.6,253.8,72.8,513,311
2026-06-01,青山街道,山水人家,81.9,40.3,2.2,128.2,252.6,203.6,49.0,513,271
2026-06-02,青山街道,山水人家,90.6,33.2,1.9,136.7,262.5,201.7,60.8,513,287
2026-06-03,青山街道,山水人家,104.5,37.2,2.3,154.9,298.9,236.7,62.2,513,318
2026-06-04,青山街道,山水人家,100.0,40.0,2.5,142.8,285.3,228.1,57.2,513,317
2026-06-05,青山街道,山水人家,95.8,42.1,2.5,139.7,280.1,223.7,56.4,513,299
2026-06-06,青山街道,山水人家,121.9,43.1,3.1,140.7,308.8,237.6,71.2,513,305
2026-06-07,青山街道,山水人家,124.0,48.8,2.9,175.1,350.8,270.8,80.0,513,337
2026-06-08,青山街道,山水人家,91.3,38.2,3.3,126.9,259.7,199.1,60.6,513,286
2026-06-09,青山街道,山水人家,102.5,35.4,2.4,127.8,268.1,204.7,63.4,513,288
2026-06-10,青山街道,山水人家,92.3,37.0,2.4,141.3,272.9,203.2,69.7,513,283
2026-06-11,青山街道,山水人家,83.3,37.5,2.1,124.4,247.3,191.3,56.0,513,274
2026-06-12,青山街道,山水人家,103.3,41.2,3.1,156.8,304.4,236.2,68.2,513,323
2026-06-13,青山街道,山水人家,121.5,50.3,1.9,170.2,343.9,270.5,73.4,513,318
2026-06-14,青山街道,山水人家,121.2,56.4,2.9,178.9,359.3,286.9,72.4,513,344
2026-06-15,青山街道,山水人家,96.3,44.1,2.9,127.7,270.9,209.3,61.7,513,297
2026-06-16,青山街道,山水人家,89.4,35.6,2.3,133.8,261.1,200.3,60.8,513,289
2026-06-17,青山街道,山水人家,97.1,46.4,2.2,124.2,269.9,207.2,62.7,513,296
2026-06-18,青山街道,山水人家,97.0,47.9,3.1,126.9,274.9,211.3,63.6,513,325
2026-06-19,青山街道,山水人家,96.0,40.5,2.2,134.6,273.4,212.6,60.8,513,305
2026-06-20,青山街道,山水人家,113.2,55.6,2.1,146.3,317.2,246.4,70.8,513,314
2026-06-21,青山街道,山水人家,114.7,50.9,2.6,160.0,328.2,263.9,64.3,513,319
2026-06-22,青山街道,山水人家,88.3,33.0,2.7,125.1,249.1,194.1,54.9,513,281
2026-06-23,青山街道,山水人家,100.2,42.4,2.6,128.7,273.9,214.3,59.6,513,303
2026-06-24,青山街道,山水人家,90.3,46.1,2.5,126.7,265.7,199.1,66.6,513,294
2026-06-25,青山街道,山水人家,95.0,42.6,2.4,123.4,263.4,201.6,61.8,513,298
2026-06-26,青山街道,山水人家,96.0,39.4,2.8,130.1,268.3,196.3,72.0,513,290
2026-06-27,青山街道,山水人家,132.9,49.6,2.7,188.8,373.9,301.7,72.3,513,339
2026-06-28,青山街道,山水人家,111.7,61.9,2.3,151.5,327.5,257.9,69.7,513,330
2026-06-29,青山街道,山水人家,77.4,44.3,1.9,106.6,230.2,175.9,54.3,513,258
2026-06-30,青山街道,山水人家,95.0,36.8,2.3,118.5,252.6,194.7,57.9,513,282
2026-07-01,青山街道,山水人家,97.1,41.8,2.3,131.6,272.7,224.4,48.3,513,306
2026-07-02,青山街道,山水人家,100.3,38.3,2.2,154.1,294.9,224.6,70.2,513,324
2026-07-03,青山街道,山水人家,101.6,38.9,2.6,128.0,271.1,209.1,62.0,513,296
2026-07-04,青山街道,山水人家,115.3,54.7,2.8,162.9,335.8,268.1,67.7,513,318
2026-07-05,青山街道,山水人家,133.1,54.5,2.5,192.1,382.1,297.8,84.3,513,349
2026-07-06,青山街道,山水人家,95.4,42.6,2.3,143.2,283.5,220.6,62.9,513,296
2026-07-07,青山街道,山水人家,106.7,43.0,2.7,146.7,299.2,238.9,60.2,513,307
2026-07-08,青山街道,山水人家,104.0,51.2,2.3,139.5,297.1,236.0,61.1,513,313
2026-07-09,青山街道,山水人家,83.2,45.8,2.0,133.2,264.2,204.0,60.2,513,293
2026-07-10,青山街道,山水人家,94.0,39.4,2.5,132.9,268.8,201.7,67.1,513,308
2026-07-11,青山街道,山水人家,126.3,49.3,2.3,169.5,347.3,270.1,77.2,513,327
2026-07-12,青山街道,山水人家,119.7,54.5,3.3,202.1,379.7,302.8,76.8,513,347
2026-07-13,青山街道,山水人家,94.0,38.4,2.0,131.1,265.4,201.2,64.2,513,287
2026-07-14,青山街道,山水人家,97.3,37.2,2.3,137.6,274.5,220.6,53.8,513,278
2026-07-15,青山街道,山水人家,98.2,40.6,2.5,130.7,272.0,212.7,59.4,513,294
2026-07-16,青山街道,山水人家,83.4,34.6,2.2,113.7,234.0,185.2,48.8,513,277
2026-07-17,青山街道,山水人家,98.3,36.3,1.9,128.3,264.8,202.2,62.6,513,281
2026-07-18,青山街道,山水人家,118.2,57.5,2.9,170.9,349.6,286.1,63.5,513,322
2026-07-19,青山街道,山水人家,112.3,50.7,3.3,185.2,351.4,273.2,78.2,513,331
2026-07-20,青山街道,山水人家,80.1,35.7,2.1,112.3,230.1,180.4,49.7,513,269
2026-07-21,青山街道,山水人家,106.9,46.4,2.2,133.0,288.5,222.6,65.9,513,326
2026-07-22,青山街道,山水人家,87.8,39.4,1.9,123.9,253.0,190.7,62.3,513,273
2026-07-23,青山街道,山水人家,110.3,45.4,2.9,160.6,319.2,256.1,63.1,513,329
2026-07-24,青山街道,山水人家,99.4,43.1,2.4,147.3,292.2,216.1,76.0,513,321
2026-07-25,青山街道,山水人家,121.5,52.4,2.7,162.4,339.1,260.4,78.7,513,320
2026-07-26,青山街道,山水人家,132.8,56.6,3.1,185.4,378.0,302.6,75.4,513,340
2026-07-27,青山街道,山水人家,100.9,41.3,2.4,139.8,284.4,234.4,50.0,513,317
2026-07-28,青山街道,山水人家,99.0,36.1,1.8,128.6,265.4,208.4,57.0,513,288
2026-07-29,青山街道,山水人家,85.9,36.8,2.2,121.0,245.9,187.1,58.8,513,279
2026-07-30,青山街道,山水人家,101.3,46.9,2.4,135.9,286.6,219.6,67.0,513,298
2026-07-31,青山街道,山水人家,100.2,47.6,1.8,135.8,285.5,220.6,64.9,513,306
2026-08-01,青山街道,山水人家,113.4,47.3,2.9,161.2,324.9,259.8,65.1,513,326
2026-08-02,青山街道,山水人家,128.6,54.2,2.4,174.8,360.0,274.3,85.7,513,340
2026-08-03,青山街道,山水人家,80.4,36.7,2.2,120.6,239.9,192.8,47.2,513,276
2026-08-04,青山街道,山水人家,103.5,46.6,2.6,143.2,295.9,234.7,61.2,513,318
2026-08-05,青山街道,山水人家,84.1,39.4,2.4,117.6,243.5,184.6,58.9,513,285
2026-08-06,青山街道,山水人家,86.4,38.4,1.9,134.4,261.1,204.4,56.7,513,288
2026-08-07,青山街道,山水人家,97.8,42.6,3.3,128.2,271.9,211.7,60.2,513,314
2026-08-08,青山街道,山水人家,135.6,55.2,3.5,178.7,373.0,304.6,68.4,513,352
2026-08-09,青山街道,山水人家,114.2,47.9,3.0,158.6,323.7,252.7,70.9,513,321
2026-08-10,青山街道,山水人家,89.4,35.6,1.9,124.7,251.7,196.5,55.1,513,279
2026-08-11,青山街道,山水人家,101.6,42.7,2.3,145.3,292.0,233.7,58.2,513,308
2026-08-12,青山街道,山水人家,108.2,41.1,2.3,136.7,288.3,222.4,65.9,513,314
2026-08-13,青山街道,山水人家,101.7,37.9,2.9,128.9,271.4,204.9,66.4,513,294
2026-08-14,青山街道,山水人家,92.3,37.9,2.1,141.9,274.2,224.7,49.5,513,291
2026-08-15,青山街道,山水人家,116.3,58.0,2.4,163.3,340.0,272.7,67.3,513,342
2026-08-16,青山街道,山水人家,121.8,56.3,3.0,186.5,367.6,293.3,74.3,513,330
2026-08-17,青山街道,山水人家,116.1,44.1,2.0,134.2,296.3,225.2,71.1,513,324
2026-08-18,青山街道,山水人家,106.3,44.2,2.4,138.0,291.0,225.0,66.0,513,332
2026-08-19,青山街道,山水人家,108.9,44.2,2.7,133.1,288.8,230.3,58.5,513,300
2026-08-20,青山街道,山水人家,84.9,43.4,2.2,137.2,267.7,203.9,63.7,513,288
2026-08-21,青山街道,山水人家,88.3,42.5,2.3,140.6,273.7,214.5,59.1,513,296
2026-08-22,青山街道,山水人家,136.4,55.3,3.0,179.9,374.7,292.5,82.2,513,336
2026-08-23,青山街道,山水人家,127.4,53.3,2.4,159.8,342.9,283.8,59.1,513,332
2026-08-24,青山街道,山水人家,95.4,41.3,2.6,124.3,263.6,212.0,51.6,513,285
2026-08-25,青山街道,山水人家,96.5,38.9,3.3,131.7,270.5,207.6,62.9,513,307
2026-08-26,青山街道,山水人家,102.5,35.0,2.8,126.5,266.8,203.7,63.1,513,297
2026-08-27,青山街道,山水人家,104.9,41.1,2.1,128.6,276.8,217.6,59.1,513,291
2026-08-28,青山街道,山水人家,99.9,42.6,2.0,134.0,278.4,218.1,60.4,513,304
2026-08-29,青山街道,山水人家,121.1,51.0,2.4,175.7,350.2,281.7,68.5,513,316
2026-08-30,青山街道,山水人家,125.2,58.9,3.6,164.0,351.7,268.1,83.6,513,316
2026-08-31,青山街道,山水人家,108.5,45.1,2.9,145.3,301.7,238.3,63.4,513,314
2026-09-01,青山街道,山水人家,90.7,38.8,1.9,117.8,249.2,198.5,50.7,513,289
2026-09-02,青山街道,山水人家,96.3,43.8,2.5,132.5,275.0,214.4,60.6,513,299
2026-09-03,青山街道,山水人家,100.8,42.9,2.5,136.5,282.7,217.8,64.8,513,317
2026-09-04,青山街道,山水人家,92.8,43.5,2.5,145.7,284.5,221.2,63.3,513,295
2026-09-05,青山街道,山水人家,136.6,60.4,2.7,195.2,394.9,324.2,70.7,513,359
2026-09-06,青山街道,山水人家,123.8,44.7,2.6,150.7,321.9,253.4,68.4,513,307
2026-09-07,青山街道,山水人家,106.7,50.0,2.6,166.2,325.4,262.8,62.7,513,323
2026-09-08,青山街道,山水人家,93.2,40.1,2.2,118.1,253.7,203.1,50.6,513,290
2026-09-09,青山街道,山水人家,77.6,38.4,2.0,120.5,238.5,189.4,49.1,513,282
2026-09-10,青山街道,山水人家,91.8,38.6,2.5,141.9,274.8,200.9,73.8,513,290
2026-09-11,青山街道,山水人家,109.1,41.2,2.7,152.4,305.4,243.2,62.2,513,319
2026-09-12,青山街道,山水人家,120.4,45.3,2.2,157.6,325.5,257.6,67.9,513,317
2026-09-13,青山街道,山水人家,130.4,49.8,2.3,177.8,360.3,290.9,69.4,513,333
2026-09-14,青山街道,山水人家,84.2,42.1,3.0,124.4,253.6,196.0,57.6,513,294
2026-09-15,青山街道,山水人家,87.2,39.5,2.1,133.8,262.6,211.5,51.1,513,303
2026-09-16,青山街道,山水人家,97.5,44.7,2.3,138.5,283.0,224.9,58.1,513,332
2026-09-17,青山街道,山水人家,87.2,42.6,2.0,136.9,268.8,212.0,56.8,513,304
2026-09-18,青山街道,山水人家,100.6,41.7,2.5,144.8,289.6,234.6,55.0,513,311
2026-09-19,青山街道,山水人家,122.3,47.5,2.4,177.1,349.3,282.0,67.2,513,328
2026-01-01,青山街道,绿谷新村,283.6,118.2,6.3,339.2,747.3,628.9,118.4,1031,811
2026-01-02,青山街道,绿谷新村,296.6,138.5,5.5,346.6,787.2,670.9,116.3,1031,832
2026-01-03,青山街道,绿谷新村,339.9,144.1,5.9,457.1,947.0,745.1,201.9,1031,888
2026-01-04,青山街道,绿谷新村,330.7,150.1,6.9,491.1,978.8,823.8,154.9,1031,884
2026-01-05,青山街道,绿谷新村,268.5,119.2,6.6,353.3,747.7,626.3,121.3,1031,772
2026-01-06,青山街道,绿谷新村,261.3,102.2,7.1,343.6,714.2,611.5,102.7,1031,758
2026-01-07,青山街道,绿谷新村,269.8,109.2,5.8,343.7,728.4,585.6,142.8,1031,793
2026-01-08,青山街道,绿谷新村,242.9,151.2,7.1,402.1,803.3,673.1,130.2,1031,863
2026-01-09,青山街道,绿谷新村,261.6,104.0,5.7,390.4,761.7,623.5,138.2,1031,808
2026-01-10,青山街道,绿谷新村,314.6,130.3,9.4,427.1,881.4,714.3,167.1,1031,874
2026-01-11,青山街道,绿谷新村,300.1,137.6,7.0,448.2,892.9,730.4,162.5,1031,854
2026-01-12,青山街道,绿谷新村,261.8,109.2,5.8,387.0,763.8,629.5,134.3,1031,787
2026-01-13,青山街道,绿谷新村,290.0,130.7,7.5,378.9,807.0,665.2,141.9,1031,842
2026-01-14,青山街道,绿谷新村,225.1,118.8,6.6,378.8,729.2,601.8,127.5,1031,801
2026-01-15,青山街道,绿谷新村,244.2,105.7,4.6,370.1,724.6,597.2,127.3,1031,829
2026-01-16,青山街道,绿谷新村,255.0,105.7,5.0,409.4,775.1,629.8,145.4,1031,781
2026-01-17,青山街道,绿谷新村,292.3,131.3,6.4,462.8,892.9,748.0,144.9,1031,827
2026-01-18,青山街道,绿谷新村,328.8,152.8,8.6,509.8,1000.0,836.9,163.0,1031,917
2026-01-19,青山街道,绿谷新村,255.9,91.8,6.2,384.4,738.3,627.6,110.8,1031,800
2026-01-20,青山街道,绿谷新村,285.6,109.4,5.8,352.7,753.5,634.8,118.7,1031,806
2026-01-21,青山街道,绿谷新村,269.6,121.7,6.2,371.3,768.8,619.8,149.0,1031,828
2026-01-22,青山街道,绿谷新村,264.0,105.1,6.5,363.3,738.9,581.6,157.3,1031,820
2026-01-23,青山街道,绿谷新村,253.3,99.6,5.7,355.0,713.6,612.4,101.2,1031,776
2026-01-24,青山街道,绿谷新村,322.9,133.1,7.9,437.0,900.8,751.8,149.0,1031,860
2026-01-25,青山街道,绿谷新村,324.9,147.6,7.3,463.6,943.5,789.3,154.1,1031,871
2026-01-26,青山街道,绿谷新村,227.6,94.9,8.1,305.4,636.0,521.9,114.2,1031,775
2026-01-27,青山街道,绿谷新村,269.0,91.9,6.0,384.5,751.5,637.1,114.3,1031,783
2026-01-28,青山街道,绿谷新村,227.3,100.5,7.9,351.7,687.3,576.8,110.5,1031,798
2026-01-29,青山街道,绿谷新村,241.8,118.2,6.1,374.2,740.3,610.8,129.5,1031,817
2026-01-30,青山街道,绿谷新村,237.0,112.0,6.5,342.6,698.1,569.6,128.5,1031,760
2026-01-31,青山街道,绿谷新村,315.3,132.3,7.9,449.7,905.3,773.6,131.7,1031,854
2026-02-01,青山街道,绿谷新村,321.3,123.9,6.6,486.9,938.7,786.6,152.1,1031,817
2026-02-02,青山街道,绿谷新村,267.1,131.5,6.9,396.5,802.0,682.0,119.9,1031,862
2026-02-03,青山街道,绿谷新村,257.3,104.6,7.3,349.4,718.6,626.9,91.7,1031,803
2026-02-04,青山街道,绿谷新村,251.7,101.2,6.8,342.2,701.8,599.7,102.2,1031,761
2026-02-05,青山街道,绿谷新村,243.3,119.8,5.5,354.3,722.8,597.3,125.5,1031,800
2026-02-06,青山街道,绿谷新村,275.7,118.4,7.2,342.5,743.8,626.4,117.3,1031,862
2026-02-07,青山街道,绿谷新村,300.4,120.7,7.8,447.8,876.7,724.5,152.2,1031,852
2026-02-08,青山街道,绿谷新村,311.3,141.3,6.5,447.5,906.6,771.1,135.5,1031,842
2026-02-09,青山街道,绿谷新村,279.3,125.9,8.0,373.1,786.3,646.1,140.2,1031,815
2026-02-10,青山街道,绿谷新村,229.1,100.3,6.2,356.8,692.4,579.3,113.2,1031,798
2026-02-11,青山街道,绿谷新村,261.9,127.5,6.4,399.9,795.7,685.4,110.3,1031,853
2026-02-12,青山街道,绿谷新村,264.1,129.1,5.1,413.4,811.7,690.4,121.3,1031,850
2026-02-13,青山街道,绿谷新村,229.9,110.2,8.0,356.2,704.3,588.5,115.8,1031,812
2026-02-14,青山街道,绿谷新村,339.3,141.4,6.0,449.2,935.9,805.6,130.2,1031,865
2026-02-15,青山街道,绿谷新村,321.2,169.5,8.4,477.7,976.8,856.5,120.3,1031,879
2026-02-16,青山街道,绿谷新村,279.7,98.2,7.1,372.1,757.1,637.3,119.8,1031,835
2026-02-17,青山街道,绿谷新村,234.9,97.7,7.8,372.9,713.3,589.9,123.4,1031,806
2026-02-18,青山街道,绿谷新村,267.9,108.7,7.7,380.5,764.7,606.1,158.6,1031,794
2026-02-19,青山街道,绿谷新村,251.4,101.1,5.2,346.0,703.7,571.1,132.6,1031,807
2026-02-20,青山街道,绿谷新村,279.7,119.8,7.4,363.6,770.4,635.2,135.2,1031,821
2026-02-21,青山街道,绿谷新村,307.8,161.0,4.8,397.3,870.9,748.0,122.9,1031,859
2026-02-22,青山街道,绿谷新村,288.6,126.5,6.0,466.8,887.9,759.1,128.8,1031,855
2026-02-23,青山街道,绿谷新村,251.0,108.3,5.6,419.6,784.5,673.0,111.5,1031,863
2026-02-24,青山街道,绿谷新村,264.1,113.4,5.5,377.8,760.8,641.8,119.0,1031,814
2026-02-25,青山街道,绿谷新村,256.7,104.9,6.4,346.1,714.1,594.6,119.5,1031,775
2026-02-26,青山街道,绿谷新村,248.5,117.7,6.9,380.0,753.1,641.7,111.4,1031,819
2026-02-27,青山街道,绿谷新村,264.1,96.7,6.2,351.0,718.1,613.7,104.4,1031,793
2026-02-28,青山街道,绿谷新村,327.9,120.1,6.5,422.5,877.0,766.6,110.4,1031,859
2026-03-01,青山街道,绿谷新村,312.7,137.6,5.3,424.2,879.8,793.8,86.0,1031,846
2026-03-02,青山街道,绿谷新村,228.0,109.4,7.6,381.3,726.4,619.6,106.8,1031,818
2026-03-03,青山街道,绿谷新村,271.3,109.5,8.0,353.3,742.1,643.8,98.3,1031,785
2026-03-04,青山街道,绿谷新村,262.4,114.4,5.4,417.6,799.8,646.9,152.9,1031,842
2026-03-05,青山街道,绿谷新村,269.4,112.3,8.4,387.1,777.2,650.0,127.3,1031,864
2026-03-06,青山街道,绿谷新村,241.6,112.4,5.1,338.1,697.2,588.8,108.4,1031,776
2026-03-07,青山街道,绿谷新村,349.5,136.6,6.3,530.3,1022.6,869.3,153.3,1031,869
2026-03-08,青山街道,绿谷新村,310.1,135.6,7.0,470.9,923.5,784.9,138.7,1031,861
2026-03-09,青山街道,绿谷新村,289.2,120.9,7.2,408.3,825.6,704.2,121.4,1031,849
2026-03-10,青山街道,绿谷新村,277.1,121.6,6.0,374.3,779.0,643.1,135.8,1031,893
2026-03-11,青山街道,绿谷新村,274.0,127.5,7.3,423.4,832.3,718.4,113.9,1031,886
2026-03-12,青山街道,绿谷新村,271.9,125.9,7.6,387.4,792.8,702.1,90.7,1031,862
2026-03-13,青山街道,绿谷新村,271.2,122.4,6.1,361.6,761.3,628.8,132.5,1031,791
2026-03-14,青山街道,绿谷新村,291.6,154.0,6.8,393.6,846.1,743.9,102.2,1031,814
2026-03-15,青山街道,绿谷新村,283.6,146.6,6.8,421.1,858.2,737.8,120.3,1031,898
2026-03-16,青山街道,绿谷新村,259.1,110.4,5.6,334.4,709.6,601.1,108.5,1031,811
2026-03-17,青山街道,绿谷新村,273.2,117.2,5.8,370.5,766.7,638.9,127.9,1031,842
2026-03-18,青山街道,绿谷新村,258.4,94.4,6.0,363.3,722.1,620.2,101.9,1031,831
2026-03-19,青山街道,绿谷新村,269.9,112.1,7.5,330.1,719.5,596.7,122.8,1031,803
2026-03-20,青山街道,绿谷新村,235.5,97.2,7.3,348.2,688.2,578.2,110.0,1031,755
2026-03-21,青山街道,绿谷新村,295.6,126.4,7.1,492.6,921.8,807.4,114.4,1031,854
2026-03-22,青山街道,绿谷新村,311.1,137.3,9.3,476.5,934.1,808.1,126.0,1031,855
2026-03-23,青山街道,绿谷新村,266.8,119.3,6.2,350.3,742.6,631.5,111.1,1031,819
2026-03-24,青山街道,绿谷新村,276.4,130.3,7.1,375.2,789.0,681.9,107.1,1031,816
2026-03-25,青山街道,绿谷新村,246.4,112.5,8.3,342.3,709.5,640.8,68.6,1031,822
2026-03-26,青山街道,绿谷新村,267.6,118.0,8.0,366.4,759.9,632.4,127.6,1031,850
2026-03-27,青山街道,绿谷新村,255.8,110.3,5.6,324.1,695.8,570.0,125.8,1031,772
2026-03-28,青山街道,绿谷新村,315.4,137.6,6.0,456.1,915.1,780.3,134.7,1031,901
2026-03-29,青山街道,绿谷新村,347.5,149.4,8.5,502.9,1008.3,870.9,137.4,1031,932
2026-03-30,青山街道,绿谷新村,283.4,126.6,7.7,407.5,825.2,689.3,135.9,1031,887
2026-03-31,青山街道,绿谷新村,267.3,113.1,7.4,354.1,741.8,647.7,94.1,1031,797
2026-04-01,青山街道,绿谷新村,275.0,110.3,8.2,395.5,788.9,669.8,119.1,1031,841
2026-04-02,青山街道,绿谷新村,263.0,118.7,5.1,370.0,756.7,646.2,110.5,1031,804
2026-04-03,青山街道,绿谷新村,241.5,110.4,6.5,352.3,710.7,616.2,94.5,1031,746
2026-04-04,青山街道,绿谷新村,276.8,147.2,7.4,465.2,896.7,772.4,124.3,1031,838
2026-04-05,青山街道,绿谷新村,301.0,134.4,7.3,482.0,924.6,789.9,134.8,1031,895
2026-04-06,青山街道,绿谷新村,246.4,105.5,5.9,417.0,774.7,686.0,88.7,1031,811
2026-04-07,青山街道,绿谷新村,269.1,119.4,7.6,372.4,768.4,667.7,100.7,1031,853
2026-04-08,青山街道,绿谷新村,248.6,112.2,5.6,365.3,731.7,622.0,109.7,1031,798
2026-04-09,青山街道,绿谷新村,247.6,114.8,6.0,366.9,735.2,632.6,102.6,1031,813
2026-04-10,青山街道,绿谷新村,284.4,108.6,6.6,335.5,735.1,643.2,91.8,1031,780
2026-04-11,青山街道,绿谷新村,311.2,133.2,6.7,459.5,910.6,808.5,102.1,1031,866
2026-04-12,青山街道,绿谷新村,306.4,131.6,6.5,462.3,906.8,789.3,117.5,1031,869
2026-04-13,青山街道,绿谷新村,269.7,121.7,6.6,341.7,739.7,641.5,98.2,1031,843
2026-04-14,青山街道,绿谷新村,242.6,108.0,6.6,339.3,696.5,593.0,103.5,1031,807
2026-04-15,青山街道,绿谷新村,252.0,119.6,5.8,372.9,750.4,632.2,118.2,1031,867
2026-04-16,青山街道,绿谷新村,261.0,122.9,7.2,377.1,768.1,654.3,113.9,1031,788
2026-04-17,青山街道,绿谷新村,266.9,121.7,8.4,389.1,786.2,652.9,133.3,1031,811
2026-04-18,青山街道,绿谷新村,352.4,149.8,7.8,466.3,976.3,862.5,113.8,1031,952
2026-04-19,青山街道,绿谷新村,291.3,130.3,7.5,451.9,881.1,765.2,115.8,1031,817
2026-04-20,青山街道,绿谷新村,285.1,126.0,5.5,382.8,799.5,669.9,129.6,1031,883
2026-04-21,青山街道,绿谷新村,265.4,117.5,5.3,368.7,756.8,661.6,95.2,1031,824
2026-04-22,青山街道,绿谷新村,270.6,135.2,5.6,361.7,773.1,680.8,92.3,1031,852
2026-04-23,青山街道,绿谷新村,263.2,116.7,5.9,383.0,768.8,683.3,85.5,1031,837
2026-04-24,青山街道,绿谷新村,244.5,117.1,6.1,347.4,715.0,614.1,100.9,1031,819
2026-04-25,青山街道,绿谷新村,387.4,158.9,7.2,482.9,1036.4,922.5,113.9,1031,937
2026-04-26,青山街道,绿谷新村,341.3,117.2,6.6,465.3,930.5,813.8,116.7,1031,857
2026-04-27,青山街道,绿谷新村,268.9,128.2,5.3,336.2,738.7,620.5,118.1,1031,811
2026-04-28,青山街道,绿谷新村,225.9,99.9,7.4,340.5,673.7,564.8,109.0,1031,771
2026-04-29,青山街道,绿谷新村,262.3,128.3,5.5,393.8,789.9,676.0,113.9,1031,789
2026-04-30,青山街道,绿谷新村,268.4,118.3,8.7,380.2,775.6,668.5,107.1,1031,819
2026-05-01,青山街道,绿谷新村,272.2,104.9,6.6,432.8,816.5,714.2,102.3,1031,809
2026-05-02,青山街道,绿谷新村,329.5,139.3,6.8,458.4,934.1,777.0,157.0,1031,881
2026-05-03,青山街道,绿谷新村,314.9,166.8,6.8,471.8,960.2,837.7,122.5,1031,881
2026-05-04,青山街道,绿谷新村,284.6,123.2,5.8,366.0,779.7,665.0,114.7,1031,851
2026-05-05,青山街道,绿谷新村,265.7,103.7,7.4,345.0,721.9,646.3,75.6,1031,799
2026-05-06,青山街道,绿谷新村,247.6,115.7,6.5,337.1,706.9,599.2,107.7,1031,800
2026-05-07,青山街道,绿谷新村,261.8,117.7,6.3,360.0,745.7,644.6,101.1,1031,787
2026-05-08,青山街道,绿谷新村,247.0,119.8,5.5,363.0,735.4,659.3,76.1,1031,817
2026-05-09,青山街道,绿谷新村,308.9,147.4,8.0,466.1,930.4,805.9,124.5,1031,852
2026-05-10,青山街道,绿谷新村,276.6,143.6,4.9,399.3,824.5,728.0,96.5,1031,866
2026-05-11,青山街道,绿谷新村,258.5,131.4,7.1,368.0,765.0,659.4,105.5,1031,830
2026-05-12,青山街道,绿谷新村,287.4,114.6,6.4,359.4,767.8,683.3,84.5,1031,871
2026-05-13,青山街道,绿谷新村,247.9,112.9,4.7,329.5,695.0,600.6,94.4,1031,790
2026-05-14,青山街道,绿谷新村,254.7,112.3,5.9,338.3,711.2,608.7,102.5,1031,820
2026-05-15,青山街道,绿谷新村,256.3,115.3,7.0,382.5,761.1,650.9,110.1,1031,816
2026-05-16,青山街道,绿谷新村,327.7,137.0,5.7,434.1,904.5,782.9,121.6,1031,825
2026-05-17,青山街道,绿谷新村,346.3,162.5,6.2,478.7,993.6,890.5,103.2,1031,927
2026-05-18,青山街道,绿谷新村,293.6,119.0,5.8,347.5,765.9,657.8,108.1,1031,833
2026-05-19,青山街道,绿谷新村,275.5,114.1,7.0,355.4,752.0,672.7,79.3,1031,838
2026-05-20,青山街道,绿谷新村,246.2,104.5,3.9,346.4,701.0,611.2,89.8,1031,786
2026-05-21,青山街道,绿谷新村,261.1,131.6,6.8,374.6,774.2,657.1,117.1,1031,816
2026-05-22,青山街道,绿谷新村,279.2,121.6,7.6,330.3,738.6,645.4,93.2,1031,849
2026-05-23,青山街道,绿谷新村,344.1,132.7,8.9,458.2,943.9,863.2,80.7,1031,923
2026-05-24,青山街道,绿谷新村,350.8,119.6,6.7,380.0,857.2,759.9,97.2,1031,834
2026-05-25,青山街道,绿谷新村,277.2,109.5,7.7,342.4,736.7,636.6,100.0,1031,809
2026-05-26,青山街道,绿谷新村,268.3,117.4,7.3,372.2,765.2,658.0,107.2,1031,814
2026-05-27,青山街道,绿谷新村,260.1,126.4,4.9,367.9,759.4,665.9,93.5,1031,794
2026-05-28,青山街道,绿谷新村,289.8,122.4,7.4,373.3,792.9,695.4,97.4,1031,867
2026-05-29,青山街道,绿谷新村,273.2,113.3,5.4,357.2,749.3,642.8,106.4,1031,781
2026-05-30,青山街道,绿谷新村,314.7,113.3,7.7,443.6,879.2,789.3,89.8,1031,904
2026-05-31,青山街道,绿谷新村,355.3,167.2,8.7,519.0,1050.1,932.7,117.5,1031,903
2026-06-01,青山街道,绿谷新村,278.0,110.0,10.1,393.4,791.6,711.9,79.6,1031,871
2026-06-02,青山街道,绿谷新村,274.0,93.0,6.1,361.5,734.5,658.6,75.9,1031,808
2026-06-03,青山街道,绿谷新村,257.4,126.8,8.3,445.0,837.4,739.4,98.1,1031,859
2026-06-04,青山街道,绿谷新村,240.5,131.4,7.2,364.5,743.6,659.8,83.8,1031,811
2026-06-05,青山街道,绿谷新村,264.9,114.8,4.8,372.5,757.0,640.0,117.0,1031,797
2026-06-06,青山街道,绿谷新村,342.5,142.6,8.5,485.8,979.3,840.6,138.7,1031,919
2026-06-07,青山街道,绿谷新村,326.5,138.5,7.3,504.2,976.6,889.1,87.5,1031,880
2026-06-08,青山街道,绿谷新村,256.8,100.4,7.0,389.3,753.4,652.1,101.3,1031,846
2026-06-09,青山街道,绿谷新村,253.9,111.4,5.5,323.2,693.9,605.5,88.4,1031,779
2026-06-10,青山街道,绿谷新村,277.6,110.4,6.9,401.5,796.4,692.9,103.5,1031,846
2026-06-11,青山街道,绿谷新村,286.8,104.6,7.9,410.1,809.3,690.7,118.6,1031,827
2026-06-12,青山街道,绿谷新村,277.5,112.4,4.6,364.6,759.1,660.8,98.2,1031,815
2026-06-13,青山街道,绿谷新村,314.2,141.8,8.3,464.1,928.4,830.9,97.4,1031,900
2026-06-14,青山街道,绿谷新村,332.4,160.8,5.9,470.1,969.2,832.6,136.6,1031,915
2026-06-15,青山街道,绿谷新村,245.3,95.2,8.3,375.9,724.7,640.4,84.2,1031,823
2026-06-16,青山街道,绿谷新村,283.2,116.5,7.4,418.8,825.9,739.7,86.2,1031,854
2026-06-17,青山街道,绿谷新村,258.5,108.8,8.2,378.7,754.3,660.8,93.5,1031,884
2026-06-18,青山街道,绿谷新村,305.2,130.3,6.0,353.2,794.7,724.2,70.4,1031,867
2026-06-19,青山街道,绿谷新村,274.1,115.1,6.2,360.0,755.3,680.9,74.4,1031,779
2026-06-20,青山街道,绿谷新村,349.2,156.7,7.1,434.8,947.8,848.3,99.6,1031,871
2026-06-21,青山街道,绿谷新村,308.0,139.2,5.8,447.1,900.1,819.2,80.9,1031,815
2026-06-22,青山街道,绿谷新村,274.3,103.8,7.4,323.2,708.7,619.5,89.2,1031,809
2026-06-23,青山街道,绿谷新村,256.2,119.4,6.5,396.5,778.7,685.0,93.7,1031,827
2026-06-24,青山街道,绿谷新村,273.5,113.2,6.4,383.7,776.9,687.3,89.6,1031,840
2026-06-25,青山街道,绿谷新村,276.7,124.1,5.6,409.5,815.9,711.1,104.9,1031,860
2026-06-26,青山街道,绿谷新村,280.1,117.4,7.3,366.7,771.6,666.7,104.8,1031,793
2026-06-27,青山街道,绿谷新村,334.7,153.0,6.9,508.7,1003.3,887.8,115.5,1031,868
2026-06-28,青山街道,绿谷新村,276.8,117.3,6.3,425.6,826.0,729.4,96.6,1031,834
2026-06-29,青山街道,绿谷新村,277.7,115.9,6.6,358.6,758.8,673.0,85.8,1031,825
2026-06-30,青山街道,绿谷新村,253.5,107.3,7.0,349.7,717.5,645.9,71.6,1031,778
2026-07-01,青山街道,绿谷新村,285.6,115.0,8.8,375.5,784.9,694.2,90.8,1031,821
2026-07-02,青山街道,绿谷新村,272.8,110.1,6.7,371.0,760.5,672.8,87.8,1031,824
2026-07-03,青山街道,绿谷新村,275.4,118.5,8.5,387.7,790.1,703.2,86.8,1031,840
2026-07-04,青山街道,绿谷新村,343.8,134.0,8.7,437.5,924.0,871.5,52.5,1031,882
2026-07-05,青山街道,绿谷新村,329.7,137.8,6.2,444.0,917.7,830.0,87.7,1031,872
2026-07-06,青山街道,绿谷新村,249.7,128.8,5.9,396.7,781.1,712.3,68.8,1031,843
2026-07-07,青山街道,绿谷新村,303.3,111.1,7.4,411.6,833.4,745.2,88.2,1031,848
2026-07-08,青山街道,绿谷新村,253.5,115.8,5.2,374.9,749.4,654.0,95.4,1031,806
2026-07-09,青山街道,绿谷新村,286.8,141.8,7.7,384.0,820.2,704.5,115.8,1031,869
2026-07-10,青山街道,绿谷新村,267.0,128.7,5.8,424.7,826.2,718.7,107.5,1031,836
2026-07-11,青山街道,绿谷新村,358.3,132.2,7.2,418.9,916.6,842.5,74.1,1031,874
2026-07-12,青山街道,绿谷新村,280.2,127.0,8.1,454.9,870.1,808.7,61.4,1031,830
2026-07-13,青山街道,绿谷新村,273.3,124.5,8.8,381.3,788.0,698.5,89.5,1031,860
2026-07-14,青山街道,绿谷新村,282.0,119.1,7.8,374.8,783.7,682.2,101.5,1031,843
2026-07-15,青山街道,绿谷新村,273.5,133.8,7.1,371.2,785.5,696.4,89.1,1031,840
2026-07-16,青山街道,绿谷新村,288.3,127.5,5.5,333.2,754.6,674.4,80.2,1031,860
2026-07-17,青山街道,绿谷新村,269.1,124.6,9.0,412.4,815.1,739.5,75.7,1031,842
2026-07-18,青山街道,绿谷新村,300.0,113.5,7.5,471.8,892.7,815.5,77.2,1031,853
2026-07-19,青山街道,绿谷新村,328.5,138.7,6.4,461.7,935.3,858.2,77.0,1031,901
2026-07-20,青山街道,绿谷新村,261.3,121.7,5.3,404.5,792.8,687.0,105.7,1031,883
2026-07-21,青山街道,绿谷新村,247.5,114.5,6.0,365.1,733.2,648.3,84.9,1031,818
2026-07-22,青山街道,绿谷新村,275.6,112.5,5.9,374.8,768.8,706.8,61.9,1031,834
2026-07-23,青山街道,绿谷新村,268.2,107.4,4.3,351.9,731.9,680.1,51.7,1031,820
2026-07-24,青山街道,绿谷新村,299.1,115.3,4.8,356.6,775.8,719.2,56.6,1031,847
2026-07-25,青山街道,绿谷新村,326.6,137.0,8.2,445.9,917.7,829.0,88.7,1031,888
2026-07-26,青山街道,绿谷新村,319.3,133.1,6.7,513.6,972.7,877.1,95.5,1031,887
2026-07-27,青山街道,绿谷新村,262.5,107.3,8.1,408.6,786.5,711.2,75.3,1031,860
2026-07-28,青山街道,绿谷新村,239.5,122.6,7.8,353.0,722.8,640.9,81.9,1031,817
2026-07-29,青山街道,绿谷新村,267.0,139.9,6.8,381.2,794.9,692.0,102.9,1031,867
2026-07-30,青山街道,绿谷新村,279.7,122.8,7.7,371.7,781.9,692.0,89.9,1031,817
2026-07-31,青山街道,绿谷新村,258.6,130.5,7.7,371.0,767.8,672.6,95.2,1031,829
2026-08-01,青山街道,绿谷新村,345.8,148.5,9.4,467.8,971.5,863.8,107.7,1031,932
2026-08-02,青山街道,绿谷新村,298.2,144.8,6.3,438.6,887.9,799.2,88.7,1031,877
2026-08-03,青山街道,绿谷新村,247.7,116.2,6.4,367.4,737.6,650.0,87.6,1031,814
2026-08-04,青山街道,绿谷新村,274.4,122.6,6.6,378.3,781.9,732.1,49.9,1031,827
2026-08-05,青山街道,绿谷新村,259.2,112.9,6.7,335.4,714.3,638.7,75.5,1031,839
2026-08-06,青山街道,绿谷新村,290.6,132.7,8.5,373.6,805.5,741.7,63.8,1031,899
2026-08-07,青山街道,绿谷新村,300.7,112.9,7.5,364.6,785.8,715.5,70.3,1031,819
2026-08-08,青山街道,绿谷新村,342.6,146.9,7.4,455.4,952.3,900.3,52.0,1031,868
2026-08-09,青山街道,绿谷新村,315.6,124.5,7.7,424.9,872.7,780.0,92.6,1031,804
2026-08-10,青山街道,绿谷新村,236.5,126.0,6.5,413.6,782.7,716.5,66.2,1031,857
2026-08-11,青山街道,绿谷新村,267.9,110.8,6.4,343.7,728.8,659.2,69.6,1031,851
2026-08-12,青山街道,绿谷新村,231.0,111.2,6.8,353.5,702.5,620.5,82.0,1031,787
2026-08-13,青山街道,绿谷新村,252.1,105.3,6.4,329.8,693.6,613.7,79.8,1031,803
2026-08-14,青山街道,绿谷新村,266.8,122.5,6.8,384.8,780.9,707.8,73.0,1031,815
2026-08-15,青山街道,绿谷新村,341.7,145.7,9.2,498.1,994.7,864.1,130.6,1031,869
2026-08-16,青山街道,绿谷新村,304.4,135.8,6.6,437.5,884.2,805.7,78.5,1031,876
2026-08-17,青山街道,绿谷新村,299.4,127.5,6.4,404.1,837.4,734.7,102.7,1031,845
2026-08-18,青山街道,绿谷新村,264.3,114.5,7.3,377.1,763.2,687.0,76.2,1031,831
2026-08-19,青山街道,绿谷新村,263.3,117.1,6.2,339.7,726.3,639.7,86.6,1031,808
2026-08-20,青山街道,绿谷新村,245.4,134.6,6.7,393.3,780.0,714.8,65.2,1031,864
2026-08-21,青山街道,绿谷新村,300.1,126.0,5.7,351.9,783.7,716.6,67.1,1031,883
2026-08-22,青山街道,绿谷新村,324.2,145.7,6.8,462.2,938.9,865.4,73.5,1031,925
2026-08-23,青山街道,绿谷新村,323.4,177.4,5.7,476.5,983.1,909.6,73.5,1031,891
2026-08-24,青山街道,绿谷新村,267.0,123.9,6.4,364.0,761.3,666.1,95.2,1031,827
2026-08-25,青山街道,绿谷新村,265.6,114.4,6.8,358.1,744.8,662.1,82.8,1031,799
2026-08-26,青山街道,绿谷新村,295.7,136.2,7.4,424.1,863.4,768.7,94.6,1031,869
2026-08-27,青山街道,绿谷新村,284.0,123.7,6.3,349.1,763.1,676.4,86.7,1031,826
2026-08-28,青山街道,绿谷新村,287.8,120.7,5.8,342.8,757.0,673.9,83.1,1031,811
2026-08-29,青山街道,绿谷新村,315.9,152.6,6.0,514.7,989.2,882.2,107.0,1031,867
2026-08-30,青山街道,绿谷新村,342.1,150.3,6.5,444.8,943.7,838.8,104.9,1031,840
2026-08-31,青山街道,绿谷新村,247.8,96.1,5.9,420.0,769.8,693.7,76.1,1031,837
2026-09-01,青山街道,绿谷新村,250.2,118.5,7.1,386.3,762.0,714.0,48.1,1031,828
2026-09-02,青山街道,绿谷新村,319.6,128.6,6.7,445.5,900.3,772.5,127.8,1031,933
2026-09-03,青山街道,绿谷新村,276.0,116.4,7.1,394.4,793.9,724.3,69.5,1031,839
2026-09-04,青山街道,绿谷新村,294.0,104.1,6.0,380.9,784.9,714.0,70.9,1031,845
2026-09-05,青山街道,绿谷新村,347.9,139.2,5.3,441.5,933.8,842.7,91.2,1031,875
2026-09-06,青山街道,绿谷新村,337.9,148.5,7.0,427.8,921.1,844.3,76.9,1031,888
2026-09-07,青山街道,绿谷新村,256.7,120.7,6.9,385.8,770.2,689.7,80.4,1031,816
2026-09-08,青山街道,绿谷新村,293.9,124.6,7.7,381.1,807.3,723.8,83.5,1031,882
2026-09-09,青山街道,绿谷新村,273.4,115.1,6.4,349.4,744.4,644.3,100.1,1031,817
2026-09-10,青山街道,绿谷新村,278.1,119.0,6.4,427.0,830.5,721.1,109.4,1031,880
2026-09-11,青山街道,绿谷新村,276.6,111.5,5.9,356.4,750.4,689.9,60.5,1031,806
2026-09-12,青山街道,绿谷新村,326.2,133.8,7.4,445.4,912.8,822.8,90.0,1031,846
2026-09-13,青山街道,绿谷新村,287.9,138.8,5.4,436.1,868.2,803.4,64.8,1031,824
2026-09-14,青山街道,绿谷新村,294.7,124.5,5.1,395.8,820.1,720.4,99.7,1031,836
2026-09-15,青山街道,绿谷新村,303.6,115.7,7.9,456.6,883.8,827.5,56.3,1031,922
2026-09-16,青山街道,绿谷新村,264.1,125.2,4.8,369.0,763.0,686.8,76.2,1031,868
2026-09-17,青山街道,绿谷新村,243.9,110.8,6.9,368.9,730.5,660.0,70.6,1031,824
2026-09-18,青山街道,绿谷新村,269.0,133.9,5.9,433.5,842.2,761.9,80.3,1031,858
2026-09-19,青山街道,绿谷新村,316.8,143.4,7.7,484.1,952.0,890.6,61.4,1031,876
2026-01-01,青山街道,青竹苑,264.4,129.5,9.3,387.7,790.8,622.3,168.6,1570,938
2026-01-02,青山街道,青竹苑,322.7,133.3,5.6,377.5,839.2,656.4,182.8,1570,928
2026-01-03,青山街道,青竹苑,348.8,153.7,7.0,542.4,1051.9,867.6,184.3,1570,940
2026-01-04,青山街道,青竹苑,409.5,167.5,8.2,535.3,1120.5,934.1,186.4,1570,1053
2026-01-05,青山街道,青竹苑,314.8,117.0,7.3,393.7,832.8,685.6,147.2,1570,887
2026-01-06,青山街道,青竹苑,317.9,139.4,7.4,460.1,924.8,742.5,182.3,1570,1020
2026-01-07,青山街道,青竹苑,269.8,127.2,8.1,389.8,794.9,643.2,151.7,1570,865
2026-01-08,青山街道,青竹苑,279.4,117.1,5.7,388.3,790.5,641.9,148.6,1570,900
2026-01-09,青山街道,青竹苑,281.1,122.0,8.6,381.8,793.5,656.5,137.1,1570,897
2026-01-10,青山街道,青竹苑,366.9,163.0,8.0,538.9,1076.9,891.6,185.2,1570,993
2026-01-11,青山街道,青竹苑,397.8,151.4,9.5,571.1,1129.8,929.3,200.6,1570,1078
2026-01-12,青山街道,青竹苑,255.1,108.4,9.3,393.2,766.0,621.7,144.3,1570,905
2026-01-13,青山街道,青竹苑,253.0,124.5,6.6,391.3,775.4,642.4,133.1,1570,842
2026-01-14,青山街道,青竹苑,278.9,115.5,9.0,448.9,852.3,691.0,161.3,1570,908
2026-01-15,青山街道,青竹苑,271.1,124.4,6.7,401.1,803.4,636.5,166.9,1570,865
2026-01-16,青山街道,青竹苑,337.3,122.4,9.3,447.6,916.7,742.6,174.1,1570,912
2026-01-17,青山街道,青竹苑,333.7,139.8,7.3,439.4,920.2,765.6,154.5,1570,905
2026-01-18,青山街道,青竹苑,411.3,162.7,7.1,550.7,1131.9,947.0,184.9,1570,1042
2026-01-19,青山街道,青竹苑,302.8,126.5,6.8,431.1,867.3,730.8,136.5,1570,921
2026-01-20,青山街道,青竹苑,308.8,134.7,8.1,400.2,851.8,689.2,162.6,1570,936
2026-01-21,青山街道,青竹苑,292.5,122.9,7.6,434.8,857.7,681.5,176.2,1570,915
2026-01-22,青山街道,青竹苑,291.0,125.5,7.5,444.9,869.0,723.3,145.7,1570,984
2026-01-23,青山街道,青竹苑,280.0,129.7,5.8,461.5,876.9,707.4,169.5,1570,891
2026-01-24,青山街道,青竹苑,371.4,176.2,8.5,569.3,1125.4,926.6,198.8,1570,1045
2026-01-25,青山街道,青竹苑,359.7,185.7,8.7,520.4,1074.5,880.5,194.0,1570,1069
2026-01-26,青山街道,青竹苑,284.0,142.7,8.9,464.4,900.0,761.5,138.5,1570,1005
2026-01-27,青山街道,青竹苑,318.3,164.4,9.0,431.4,923.1,773.8,149.3,1570,979
2026-01-28,青山街道,青竹苑,297.8,132.2,7.5,448.7,886.2,709.9,176.3,1570,976
2026-01-29,青山街道,青竹苑,293.4,115.9,9.3,391.8,810.3,654.4,156.0,1570,855
2026-01-30,青山街道,青竹苑,327.9,138.8,7.8,455.0,929.6,775.1,154.5,1570,947
2026-01-31,青山街道,青竹苑,379.4,158.2,8.5,510.0,1056.1,916.4,139.7,1570,983
2026-02-01,青山街道,青竹苑,388.0,150.4,9.1,519.6,1067.1,842.2,224.9,1570,993
2026-02-02,青山街道,青竹苑,322.3,140.0,9.0,440.5,911.9,741.0,170.8,1570,967
2026-02-03,青山街道,青竹苑,260.2,133.7,8.3,431.4,833.6,655.6,178.0,1570,906
2026-02-04,青山街道,青竹苑,282.4,134.6,6.3,427.2,850.5,701.6,148.9,1570,970
2026-02-05,青山街道,青竹苑,325.0,134.7,6.7,444.2,910.5,769.6,140.9,1570,976
2026-02-06,青山街道,青竹苑,274.7,133.3,5.7,445.8,859.4,718.6,140.8,1570,944
2026-02-07,青山街道,青竹苑,365.3,159.1,7.8,557.8,1090.0,889.0,200.9,1570,945
2026-02-08,青山街道,青竹苑,369.0,153.0,9.4,511.6,1042.9,875.6,167.3,1570,972
2026-02-09,青山街道,青竹苑,274.9,119.3,5.9,380.1,780.2,642.1,138.1,1570,856
2026-02-10,青山街道,青竹苑,271.7,126.6,6.9,420.7,825.8,680.4,145.4,1570,924
2026-02-11,青山街道,青竹苑,281.9,127.4,8.4,414.1,831.7,680.1,151.7,1570,905
2026-02-12,青山街道,青竹苑,342.4,152.8,9.9,410.7,915.7,770.8,144.9,1570,978
2026-02-13,青山街道,青竹苑,341.8,129.3,8.7,443.9,923.6,764.5,159.1,1570,982
2026-02-14,青山街道,青竹苑,329.3,130.5,7.7,555.4,1022.9,881.1,141.8,1570,937
2026-02-15,青山街道,青竹苑,383.4,160.8,8.5,534.1,1086.8,899.1,187.7,1570,1008
2026-02-16,青山街道,青竹苑,307.8,138.7,8.9,422.4,877.9,703.1,174.8,1570,920
2026-02-17,青山街道,青竹苑,296.4,127.7,7.5,400.2,831.9,684.2,147.6,1570,960
2026-02-18,青山街道,青竹苑,298.7,141.2,7.1,412.4,859.3,707.6,151.7,1570,974
2026-02-19,青山街道,青竹苑,259.9,124.9,7.3,410.8,802.9,685.0,117.9,1570,877
2026-02-20,青山街道,青竹苑,274.5,141.4,8.2,419.3,843.3,718.6,124.7,1570,888
2026-02-21,青山街道,青竹苑,407.8,172.6,7.7,550.0,1138.1,930.4,207.7,1570,1056
2026-02-22,青山街道,青竹苑,333.6,145.6,7.2,491.7,978.0,838.9,139.1,1570,951
2026-02-23,青山街道,青竹苑,303.8,135.4,8.3,384.8,832.4,693.7,138.7,1570,946
2026-02-24,青山街道,青竹苑,275.8,127.3,7.0,410.1,820.1,685.2,135.0,1570,885
2026-02-25,青山街道,青竹苑,319.5,135.0,7.6,427.3,889.5,728.2,161.3,1570,911
2026-02-26,青山街道,青竹苑,307.9,145.1,7.9,453.2,914.1,734.4,179.7,1570,1027
2026-02-27,青山街道,青竹苑,305.2,112.9,8.2,415.5,841.7,680.1,161.7,1570,888
2026-02-28,青山街道,青竹苑,374.7,151.6,7.0,553.3,1086.6,892.4,194.2,1570,1028
2026-03-01,青山街道,青竹苑,367.0,161.9,7.8,475.8,1012.5,854.6,157.8,1570,1021
2026-03-02,青山街道,青竹苑,307.2,154.2,6.6,413.5,881.4,724.8,156.6,1570,956
2026-03-03,青山街道,青竹苑,269.2,138.5,7.8,373.7,789.3,650.1,139.2,1570,943
2026-03-04,青山街道,青竹苑,278.1,112.3,7.6,446.7,844.7,691.9,152.8,1570,893
2026-03-05,青山街道,青竹苑,269.9,114.3,5.6,381.0,770.8,636.7,134.1,1570,829
2026-03-06,青山街道,青竹苑,261.0,107.3,6.5,401.2,776.0,649.5,126.4,1570,900
2026-03-07,青山街道,青竹苑,372.0,163.2,8.1,531.0,1074.3,885.1,189.1,1570,977
2026-03-08,青山街道,青竹苑,341.7,147.1,5.6,479.8,974.2,800.2,174.0,1570,958
2026-03-09,青山街道,青竹苑,320.0,137.1,9.6,409.2,875.9,736.8,139.2,1570,969
2026-03-10,青山街道,青竹苑,315.4,130.6,8.6,431.3,885.8,712.1,173.7,1570,984
2026-03-11,青山街道,青竹苑,290.3,126.7,8.9,393.6,819.5,660.7,158.9,1570,890
2026-03-12,青山街道,青竹苑,339.2,141.5,6.3,428.2,915.1,746.5,168.7,1570,999
2026-03-13,青山街道,青竹苑,289.6,148.5,5.9,391.6,835.6,670.3,165.2,1570,933
2026-03-14,青山街道,青竹苑,325.8,144.9,8.0,580.5,1059.1,887.1,172.0,1570,1034
2026-03-15,青山街道,青竹苑,360.6,149.1,8.7,561.5,1079.9,936.5,143.4,1570,990
2026-03-16,青山街道,青竹苑,283.0,130.3,9.2,408.6,831.0,701.2,129.8,1570,930
2026-03-17,青山街道,青竹苑,287.6,110.6,7.6,424.0,829.8,654.3,175.5,1570,914
2026-03-18,青山街道,青竹苑,290.2,131.3,7.5,367.7,796.7,681.0,115.8,1570,868
2026-03-19,青山街道,青竹苑,301.1,125.3,9.1,411.2,846.7,679.1,167.6,1570,936
2026-03-20,青山街道,青竹苑,303.3,132.5,7.7,453.3,896.9,706.0,190.9,1570,921
2026-03-21,青山街道,青竹苑,399.7,136.2,7.9,551.5,1095.3,890.6,204.6,1570,990
2026-03-22,青山街道,青竹苑,399.2,154.2,10.2,501.3,1064.9,910.6,154.3,1570,1041
2026-03-23,青山街道,青竹苑,294.8,135.1,8.1,475.1,913.1,731.2,182.0,1570,949
2026-03-24,青山街道,青竹苑,300.6,118.2,8.3,407.5,834.5,691.8,142.7,1570,902
2026-03-25,青山街道,青竹苑,236.8,105.2,8.8,355.8,706.5,585.3,121.2,1570,847
2026-03-26,青山街道,青竹苑,284.2,125.7,9.2,419.9,839.0,700.1,138.9,1570,901
2026-03-27,青山街道,青竹苑,305.6,151.3,9.1,470.9,936.8,775.9,161.0,1570,992
2026-03-28,青山街道,青竹苑,345.4,149.3,6.9,523.2,1024.8,851.0,173.8,1570,989
2026-03-29,青山街道,青竹苑,390.3,152.4,7.0,525.8,1075.4,891.6,183.8,1570,1030
2026-03-30,青山街道,青竹苑,315.3,110.2,9.6,407.5,842.7,680.3,162.4,1570,890
2026-03-31,青山街道,青竹苑,322.8,155.4,6.6,433.3,918.1,770.3,147.8,1570,972
2026-04-01,青山街道,青竹苑,263.9,139.5,6.7,434.9,845.0,685.3,159.7,1570,858
2026-04-02,青山街道,青竹苑,387.1,182.4,9.1,492.2,1070.8,925.1,145.7,1570,1079
2026-04-03,青山街道,青竹苑,302.9,139.5,7.0,388.6,837.9,696.9,141.1,1570,938
2026-04-04,青山街道,青竹苑,349.5,156.6,7.4,544.3,1057.9,893.8,164.1,1570,984
2026-04-05,青山街道,青竹苑,399.0,171.2,8.8,512.9,1091.9,912.1,179.8,1570,1071
2026-04-06,青山街道,青竹苑,332.1,122.9,6.2,426.2,887.4,738.7,148.7,1570,978
2026-04-07,青山街道,青竹苑,289.6,118.2,6.8,407.8,822.4,700.1,122.3,1570,948
2026-04-08,青山街道,青竹苑,296.3,146.6,8.7,413.4,864.9,729.3,135.6,1570,986
2026-04-09,青山街道,青竹苑,308.3,116.5,7.8,446.0,878.6,724.7,153.9,1570,954
2026-04-10,青山街道,青竹苑,280.6,124.7,7.6,410.1,823.0,703.5,119.5,1570,906
2026-04-11,青山街道,青竹苑,362.9,146.1,7.5,552.1,1068.7,907.6,161.1,1570,963
2026-04-12,青山街道,青竹苑,341.9,163.5,9.4,524.4,1039.2,845.0,194.1,1570,1003
2026-04-13,青山街道,青竹苑,326.4,149.5,8.9,378.7,863.5,711.7,151.8,1570,1000
2026-04-14,青山街道,青竹苑,270.1,139.7,6.7,447.1,863.6,712.5,151.2,1570,887
2026-04-15,青山街道,青竹苑,297.1,120.8,7.4,396.5,821.9,658.3,163.5,1570,887
2026-04-16,青山街道,青竹苑,298.9,136.2,9.4,410.8,855.3,704.5,150.7,1570,924
2026-04-17,青山街道,青竹苑,319.1,135.1,5.5,365.6,825.3,676.1,149.2,1570,913
2026-04-18,青山街道,青竹苑,377.2,172.3,8.0,578.0,1135.4,934.9,200.5,1570,1027
2026-04-19,青山街道,青竹苑,402.1,143.9,8.1,532.2,1086.3,925.8,160.5,1570,1020
2026-04-20,青山街道,青竹苑,270.0,123.9,7.4,414.1,815.3,682.6,132.7,1570,857
2026-04-21,青山街道,青竹苑,311.6,128.8,7.6,441.3,889.3,747.1,142.2,1570,935
2026-04-22,青山街道,青竹苑,323.7,141.5,9.2,494.2,968.7,799.7,169.0,1570,955
2026-04-23,青山街道,青竹苑,302.3,133.1,8.0,450.9,894.3,750.3,144.0,1570,916
2026-04-24,青山街道,青竹苑,360.8,147.8,8.8,447.5,965.0,768.1,196.8,1570,1009
2026-04-25,青山街道,青竹苑,401.0,178.9,9.2,572.9,1162.0,974.3,187.7,1570,1049
2026-04-26,青山街道,青竹苑,374.5,180.8,7.7,548.1,1111.1,947.2,163.9,1570,968
2026-04-27,青山街道,青竹苑,288.2,146.3,9.6,418.7,862.8,698.7,164.1,1570,936
2026-04-28,青山街道,青竹苑,324.5,143.7,9.1,434.7,911.9,772.8,139.1,1570,1016
2026-04-29,青山街道,青竹苑,322.7,155.7,9.0,463.0,950.4,787.2,163.1,1570,1039
2026-04-30,青山街道,青竹苑,337.4,151.1,10.4,451.1,950.0,788.9,161.2,1570,1020
2026-05-01,青山街道,青竹苑,331.7,154.6,7.3,473.5,967.1,785.9,181.2,1570,1028
2026-05-02,青山街道,青竹苑,363.2,154.0,7.8,462.7,987.7,813.6,174.1,1570,1026
2026-05-03,青山街道,青竹苑,398.3,156.6,9.2,520.4,1084.5,892.1,192.4,1570,1060
2026-05-04,青山街道,青竹苑,294.7,130.5,11.0,403.7,840.0,709.3,130.6,1570,939
2026-05-05,青山街道,青竹苑,296.6,121.0,7.2,462.5,887.3,741.4,145.9,1570,982
2026-05-06,青山街道,青竹苑,315.7,122.6,7.4,383.8,829.4,684.5,144.9,1570,934
2026-05-07,青山街道,青竹苑,320.9,122.1,7.4,398.4,848.9,710.7,138.2,1570,956
2026-05-08,青山街道,青竹苑,318.6,127.4,7.3,414.7,868.0,717.9,150.1,1570,1015
2026-05-09,青山街道,青竹苑,356.0,174.2,8.5,528.8,1067.4,875.4,192.0,1570,1055
2026-05-10,青山街道,青竹苑,378.9,149.1,7.4,491.5,1026.9,870.3,156.5,1570,979
2026-05-11,青山街道,青竹苑,265.2,138.6,6.0,427.7,837.4,706.7,130.7,1570,970
2026-05-12,青山街道,青竹苑,306.0,137.6,6.6,397.8,848.0,703.5,144.6,1570,928
2026-05-13,青山街道,青竹苑,271.2,136.0,5.6,384.5,797.2,662.3,134.9,1570,872
2026-05-14,青山街道,青竹苑,321.9,140.0,7.1,467.8,936.8,769.0,167.9,1570,1039
2026-05-15,青山街道,青竹苑,306.6,129.2,8.2,398.4,842.4,704.6,137.9,1570,903
2026-05-16,青山街道,青竹苑,406.9,164.6,8.1,510.0,1089.6,923.8,165.8,1570,1013
2026-05-17,青山街道,青竹苑,399.7,157.6,8.4,541.0,1106.8,923.2,183.5,1570,1034
2026-05-18,青山街道,青竹苑,261.6,108.4,6.9,368.3,745.3,624.5,120.8,1570,864
2026-05-19,青山街道,青竹苑,277.4,113.6,8.0,411.3,810.2,666.4,143.8,1570,888
2026-05-20,青山街道,青竹苑,263.4,125.5,6.6,424.8,820.3,684.2,136.0,1570,930
2026-05-21,青山街道,青竹苑,331.4,128.4,7.0,459.8,926.6,780.8,145.8,1570,960
2026-05-22,青山街道,青竹苑,333.5,136.8,7.3,402.9,880.5,734.8,145.8,1570,933
2026-05-23,青山街道,青竹苑,380.7,175.6,9.4,552.5,1118.2,969.9,148.3,1570,1033
2026-05-24,青山街道,青竹苑,397.2,158.5,11.0,501.7,1068.4,918.2,150.2,1570,1044
2026-05-25,青山街道,青竹苑,280.6,118.0,7.2,405.1,810.9,678.7,132.1,1570,882
2026-05-26,青山街道,青竹苑,328.1,118.9,6.6,446.8,900.4,733.2,167.2,1570,943
2026-05-27,青山街道,青竹苑,323.9,125.1,7.0,412.2,868.2,723.1,145.1,1570,952
2026-05-28,青山街道,青竹苑,291.3,128.3,6.6,493.4,919.5,758.8,160.7,1570,1008
2026-05-29,青山街道,青竹苑,269.8,127.4,8.5,424.4,830.1,681.0,149.1,1570,929
2026-05-30,青山街道,青竹苑,342.8,154.8,6.5,511.3,1015.4,854.5,160.9,1570,950
2026-05-31,青山街道,青竹苑,383.6,159.3,9.5,583.5,1135.9,976.2,159.7,1570,998
2026-06-01,青山街道,青竹苑,341.9,128.0,7.3,429.2,906.4,740.4,166.0,1570,988
2026-06-02,青山街道,青竹苑,295.7,140.0,5.6,396.9,838.1,699.2,139.0,1570,935
2026-06-03,青山街道,青竹苑,293.7,143.2,9.5,438.8,885.2,751.3,134.0,1570,978
2026-06-04,青山街道,青竹苑,352.4,129.5,8.0,477.1,966.9,791.4,175.5,1570,993
2026-06-05,青山街道,青竹苑,285.6,112.5,5.7,352.5,756.4,634.3,122.0,1570,869
2026-06-06,青山街道,青竹苑,372.1,167.1,8.1,522.0,1069.3,930.3,139.0,1570,991
2026-06-07,青山街道,青竹苑,364.6,156.0,8.2,532.6,1061.4,907.9,153.4,1570,1037
2026-06-08,青山街道,青竹苑,327.7,131.6,5.8,431.0,896.0,756.5,139.5,1570,1003
2026-06-09,青山街道,青竹苑,297.7,129.2,9.7,424.8,861.5,699.8,161.6,1570,917
2026-06-10,青山街道,青竹苑,336.4,134.0,6.7,431.5,908.6,791.3,117.2,1570,985
2026-06-11,青山街道,青竹苑,277.8,133.5,6.3,378.4,796.1,665.8,130.3,1570,922
2026-06-12,青山街道,青竹苑,283.4,129.2,8.2,437.8,858.7,701.1,157.7,1570,940
2026-06-13,青山街道,青竹苑,344.5,164.4,8.9,512.2,1029.9,861.7,168.2,1570,969
2026-06-14,青山街道,青竹苑,397.2,201.5,8.5,611.2,1218.4,1060.3,158.1,1570,1111
2026-06-15,青山街道,青竹苑,259.1,108.9,5.3,407.0,780.3,662.7,117.6,1570,858
2026-06-16,青山街道,青竹苑,316.3,148.0,7.8,421.9,894.0,781.2,112.8,1570,939
2026-06-17,青山街道,青竹苑,329.5,141.9,8.3,438.3,918.0,764.0,154.1,1570,977
2026-06-18,青山街道,青竹苑,294.5,146.2,8.9,417.7,867.3,700.7,166.6,1570,994
2026-06-19,青山街道,青竹苑,334.7,133.5,9.5,451.5,929.2,767.2,162.0,1570,1051
2026-06-20,青山街道,青竹苑,367.5,174.3,7.5,569.6,1118.8,910.8,208.1,1570,1055
2026-06-21,青山街道,青竹苑,341.9,142.8,9.0,481.2,974.9,830.5,144.4,1570,908
2026-06-22,青山街道,青竹苑,280.2,128.3,7.0,447.6,863.0,733.7,129.3,1570,918
2026-06-23,青山街道,青竹苑,272.2,135.2,7.0,397.0,811.4,676.6,134.8,1570,894
2026-06-24,青山街道,青竹苑,254.1,118.7,7.5,402.5,782.9,669.9,113.0,1570,908
2026-06-25,青山街道,青竹苑,322.8,144.3,8.5,415.9,891.5,720.8,170.7,1570,999
2026-06-26,青山街道,青竹苑,340.6,147.4,8.6,403.0,899.6,757.5,142.1,1570,994
2026-06-27,青山街道,青竹苑,391.5,173.6,6.8,508.3,1080.2,916.4,163.8,1570,985
2026-06-28,青山街道,青竹苑,356.8,144.6,8.6,476.6,986.6,841.6,145.0,1570,1072
2026-06-29,青山街道,青竹苑,337.4,130.4,8.0,458.1,933.9,784.0,149.9,1570,979
2026-06-30,青山街道,青竹苑,323.7,132.7,8.1,444.0,908.6,740.9,167.7,1570,995
2026-07-01,青山街道,青竹苑,305.3,125.4,6.5,427.8,865.0,740.2,124.8,1570,941
2026-07-02,青山街道,青竹苑,330.2,131.2,8.2,428.0,897.6,741.0,156.6,1570,996
2026-07-03,青山街道,青竹苑,296.7,135.7,7.6,441.9,882.0,716.9,165.1,1570,930
2026-07-04,青山街道,青竹苑,413.9,140.6,7.6,494.5,1056.6,883.3,173.2,1570,1019
2026-07-05,青山街道,青竹苑,387.6,167.0,6.7,507.5,1068.8,908.7,160.1,1570,1016
2026-07-06,青山街道,青竹苑,367.7,147.1,6.8,444.3,965.9,813.0,152.9,1570,993
2026-07-07,青山街道,青竹苑,307.4,109.0,8.1,408.5,833.0,703.9,129.1,1570,934
2026-07-08,青山街道,青竹苑,304.7,147.0,9.3,466.9,927.8,779.1,148.7,1570,1027
2026-07-09,青山街道,青竹苑,322.9,137.2,7.8,449.5,917.4,745.5,171.9,1570,1022
2026-07-10,青山街道,青竹苑,298.2,142.7,8.4,479.2,928.5,761.7,166.9,1570,966
2026-07-11,青山街道,青竹苑,336.6,191.7,8.8,495.9,1033.1,878.0,155.1,1570,999
2026-07-12,青山街道,青竹苑,373.6,166.9,8.6,534.3,1083.5,958.0,125.5,1570,1101
2026-07-13,青山街道,青竹苑,292.3,142.2,9.5,457.2,901.2,757.0,144.2,1570,992
2026-07-14,青山街道,青竹苑,311.8,118.1,7.7,417.8,855.4,718.8,136.6,1570,927
2026-07-15,青山街道,青竹苑,289.2,118.0,8.0,408.4,823.6,709.9,113.7,1570,931
2026-07-16,青山街道,青竹苑,304.7,118.2,6.3,437.8,867.0,716.3,150.7,1570,922
2026-07-17,青山街道,青竹苑,314.1,140.4,8.2,490.5,953.3,799.5,153.7,1570,1003
2026-07-18,青山街道,青竹苑,386.6,162.3,9.8,613.2,1171.9,1028.0,143.9,1570,1091
2026-07-19,青山街道,青竹苑,398.6,177.2,8.5,542.9,1127.2,985.9,141.3,1570,1037
2026-07-20,青山街道,青竹苑,282.8,121.9,5.8,418.0,828.6,698.9,129.7,1570,921
2026-07-21,青山街道,青竹苑,343.1,154.7,9.8,427.4,935.1,786.4,148.7,1570,994
2026-07-22,青山街道,青竹苑,348.4,158.9,8.6,400.0,915.9,747.3,168.6,1570,1002
2026-07-23,青山街道,青竹苑,339.8,154.6,9.0,427.9,931.3,790.0,141.3,1570,985
2026-07-24,青山街道,青竹苑,300.0,154.9,6.1,457.7,918.6,756.1,162.4,1570,983
2026-07-25,青山街道,青竹苑,357.5,140.2,7.6,515.3,1020.7,877.2,143.4,1570,1027
2026-07-26,青山街道,青竹苑,378.1,145.2,8.6,452.5,984.4,860.1,124.3,1570,1000
2026-07-27,青山街道,青竹苑,257.6,125.8,6.7,411.9,802.0,705.3,96.7,1570,952
2026-07-28,青山街道,青竹苑,282.5,118.3,8.4,448.3,857.5,716.1,141.4,1570,927
2026-07-29,青山街道,青竹苑,286.5,134.9,7.9,425.5,854.8,715.6,139.2,1570,958
2026-07-30,青山街道,青竹苑,292.3,149.9,7.5,484.2,933.8,792.7,141.2,1570,973
2026-07-31,青山街道,青竹苑,360.9,149.8,7.5,453.5,971.7,825.3,146.5,1570,1051
2026-08-01,青山街道,青竹苑,373.0,180.7,8.4,571.4,1133.6,984.4,149.2,1570,1050
2026-08-02,青山街道,青竹苑,413.7,193.3,10.1,561.7,1178.9,991.8,187.1,1570,1091
2026-08-03,青山街道,青竹苑,329.9,155.9,7.9,422.2,915.9,772.9,143.0,1570,1049
2026-08-04,青山街道,青竹苑,328.4,142.3,9.3,453.3,933.4,769.8,163.6,1570,984
2026-08-05,青山街道,青竹苑,321.0,132.8,8.5,449.0,911.3,759.0,152.3,1570,993
2026-08-06,青山街道,青竹苑,333.3,149.6,7.9,432.1,923.0,771.6,151.4,1570,957
2026-08-07,青山街道,青竹苑,356.2,155.5,5.9,471.9,989.5,812.4,177.1,1570,1046
2026-08-08,青山街道,青竹苑,385.4,170.1,9.4,531.6,1096.5,939.2,157.3,1570,1076
2026-08-09,青山街道,青竹苑,419.9,180.9,9.9,547.0,1157.7,982.3,175.4,1570,1053
2026-08-10,青山街道,青竹苑,319.0,146.8,7.6,417.7,891.1,778.6,112.5,1570,883
2026-08-11,青山街道,青竹苑,294.6,133.2,8.3,440.7,876.8,741.9,134.9,1570,955
2026-08-12,青山街道,青竹苑,283.9,154.9,6.5,422.1,867.3,765.5,101.8,1570,970
2026-08-13,青山街道,青竹苑,289.0,129.9,6.3,460.1,885.3,754.1,131.3,1570,985
2026-08-14,青山街道,青竹苑,308.4,136.9,6.6,362.8,814.7,707.3,107.4,1570,908
2026-08-15,青山街道,青竹苑,410.1,162.0,7.0,530.5,1109.6,931.6,178.0,1570,1016
2026-08-16,青山街道,青竹苑,370.6,160.9,9.0,613.9,1154.4,964.5,189.9,1570,1068
2026-08-17,青山街道,青竹苑,282.8,133.6,8.7,362.0,787.2,697.8,89.4,1570,916
2026-08-18,青山街道,青竹苑,268.6,118.5,6.9,425.4,819.4,695.2,124.2,1570,942
2026-08-19,青山街道,青竹苑,332.6,137.8,7.1,437.1,914.5,791.0,123.5,1570,982
2026-08-20,青山街道,青竹苑,321.6,131.8,8.5,469.6,931.5,800.5,131.0,1570,1014
2026-08-21,青山街道,青竹苑,286.8,138.8,7.0,408.7,841.3,731.1,110.2,1570,933
2026-08-22,青山街道,青竹苑,407.6,150.1,8.9,503.3,1069.9,943.0,126.9,1570,979
2026-08-23,青山街道,青竹苑,399.4,161.4,7.6,594.9,1163.3,1004.8,158.5,1570,1031
2026-08-24,青山街道,青竹苑,273.0,151.6,6.9,475.1,906.7,768.3,138.4,1570,933
2026-08-25,青山街道,青竹苑,314.2,162.5,5.6,443.1,925.4,790.3,135.1,1570,972
2026-08-26,青山街道,青竹苑,308.4,130.9,7.9,429.1,876.2,737.8,138.4,1570,955
2026-08-27,青山街道,青竹苑,328.4,131.8,10.4,479.3,949.8,781.9,167.9,1570,983
2026-08-28,青山街道,青竹苑,321.9,154.0,10.2,474.2,960.3,827.8,132.5,1570,1004
2026-08-29,青山街道,青竹苑,396.9,179.4,8.2,521.2,1105.7,938.3,167.4,1570,1042
2026-08-30,青山街道,青竹苑,345.4,143.8,6.9,553.8,1049.8,931.6,118.3,1570,993
2026-08-31,青山街道,青竹苑,317.1,134.6,6.4,494.5,952.7,828.7,124.0,1570,962
2026-09-01,青山街道,青竹苑,300.6,136.0,7.1,447.7,891.4,781.5,109.9,1570,989
2026-09-02,青山街道,青竹苑,280.4,158.7,7.9,442.1,889.2,762.5,126.7,1570,956
2026-09-03,青山街道,青竹苑,285.9,122.5,8.0,426.7,843.1,711.9,131.2,1570,898
2026-09-04,青山街道,青竹苑,363.3,147.2,9.6,472.3,992.5,859.2,133.3,1570,1019
2026-09-05,青山街道,青竹苑,364.4,171.1,7.4,559.7,1102.6,914.8,187.7,1570,1043
2026-09-06,青山街道,青竹苑,448.9,155.9,7.4,682.9,1295.1,1141.8,153.3,1570,1107
2026-09-07,青山街道,青竹苑,315.2,137.0,5.9,422.3,880.4,766.0,114.3,1570,983
2026-09-08,青山街道,青竹苑,289.8,161.1,7.2,429.2,887.4,754.2,133.2,1570,938
2026-09-09,青山街道,青竹苑,311.0,154.7,8.6,416.6,890.8,762.8,128.0,1570,1000
2026-09-10,青山街道,青竹苑,304.5,140.6,8.5,447.5,901.0,765.8,135.1,1570,964
2026-09-11,青山街道,青竹苑,274.5,145.4,8.4,414.0,842.3,722.7,119.6,1570,976
2026-09-12,青山街道,青竹苑,426.8,181.3,9.1,592.1,1209.3,1050.8,158.4,1570,1081
2026-09-13,青山街道,青竹苑,379.4,188.3,6.7,581.5,1155.9,992.2,163.6,1570,1070
2026-09-14,青山街道,青竹苑,310.6,143.4,8.2,469.7,931.9,794.2,137.7,1570,1017
2026-09-15,青山街道,青竹苑,287.0,133.0,6.3,473.9,900.2,750.0,150.3,1570,1002
2026-09-16,青山街道,青竹苑,347.1,135.6,8.7,448.6,940.0,807.6,132.4,1570,993
2026-09-17,青山街道,青竹苑,374.9,139.8,9.4,474.3,998.4,849.1,149.4,1570,1034
2026-09-18,青山街道,青竹苑,308.6,103.4,9.9,424.7,846.7,726.4,120.3,1570,984
2026-09-19,青山街道,青竹苑,365.1,170.7,8.3,515.6,1059.6,910.9,148.8,1570,1040
2026-01-01,青山街道,松涛小区,337.6,125.5,7.1,469.1,939.3,749.6,189.7,1282,998
2026-01-02,青山街道,松涛小区,298.1,134.0,7.6,428.8,868.5,680.8,187.7,1282,965
2026-01-03,青山街道,松涛小区,435.5,151.0,6.9,600.7,1194.2,942.1,252.1,1282,1093
2026-01-04,青山街道,松涛小区,379.5,180.2,6.9,558.7,1125.3,940.4,185.0,1282,982
2026-01-05,青山街道,松涛小区,309.9,153.3,9.2,504.6,976.9,773.9,203.0,1282,1011
2026-01-06,青山街道,松涛小区,385.2,155.8,8.7,423.4,973.2,799.3,173.9,1282,999
2026-01-07,青山街道,松涛小区,285.6,147.6,8.1,409.5,850.8,653.2,197.5,1282,944
2026-01-08,青山街道,松涛小区,332.0,129.1,8.3,453.1,922.6,731.5,191.0,1282,989
2026-01-09,青山街道,松涛小区,333.2,137.1,9.6,478.6,958.5,747.7,210.8,1282,1060
2026-01-10,青山街道,松涛小区,393.3,195.0,6.7,538.1,1133.2,923.3,210.0,1282,1018
2026-01-11,青山街道,松涛小区,462.6,192.2,7.8,569.2,1231.8,977.1,254.7,1282,1167
2026-01-12,青山街道,松涛小区,279.8,132.7,7.7,436.0,856.2,692.5,163.7,1282,947
2026-01-13,青山街道,松涛小区,314.5,152.3,8.6,482.8,958.3,754.6,203.7,1282,1035
2026-01-14,青山街道,松涛小区,302.0,120.1,5.8,437.3,865.2,706.6,158.6,1282,982
2026-01-15,青山街道,松涛小区,290.9,151.5,8.7,399.7,850.9,675.1,175.8,1282,958
2026-01-16,青山街道,松涛小区,312.8,133.2,7.7,487.6,941.4,741.2,200.1,1282,1015
2026-01-17,青山街道,松涛小区,391.6,166.5,7.1,526.2,1091.4,904.4,187.0,1282,1035
2026-01-18,青山街道,松涛小区,447.5,172.6,8.0,610.8,1239.1,972.2,266.9,1282,1108
2026-01-19,青山街道,松涛小区,303.2,133.2,6.8,440.3,883.5,722.1,161.4,1282,956
2026-01-20,青山街道,松涛小区,311.4,121.7,5.8,465.5,904.3,707.9,196.4,1282,979
2026-01-21,青山街道,松涛小区,389.4,145.3,12.3,514.6,1061.6,830.2,231.4,1282,1081
2026-01-22,青山街道,松涛小区,300.1,126.3,7.7,399.5,833.6,653.4,180.3,1282,900
2026-01-23,青山街道,松涛小区,328.2,133.8,7.5,403.8,873.2,676.6,196.7,1282,983
2026-01-24,青山街道,松涛小区,397.0,155.0,7.8,601.6,1161.5,939.6,221.8,1282,1021
2026-01-25,青山街道,松涛小区,398.7,146.0,10.1,574.6,1129.3,905.6,223.8,1282,1046
2026-01-26,青山街道,松涛小区,273.8,109.9,8.2,416.5,808.4,650.6,157.8,1282,869
2026-01-27,青山街道,松涛小区,333.6,130.6,10.0,435.7,909.9,730.1,179.8,1282,953
2026-01-28,青山街道,松涛小区,341.9,144.3,9.8,446.6,942.6,758.4,184.3,1282,982
2026-01-29,青山街道,松涛小区,356.6,155.2,8.3,411.4,931.6,740.2,191.4,1282,1022
2026-01-30,青山街道,松涛小区,302.7,130.9,6.1,434.4,874.2,708.0,166.1,1282,944
2026-01-31,青山街道,松涛小区,405.0,204.3,9.6,523.3,1142.1,966.4,175.7,1282,1051
2026-02-01,青山街道,松涛小区,436.0,192.9,5.7,534.4,1168.9,958.7,210.2,1282,1087
2026-02-02,青山街道,松涛小区,247.6,127.6,7.7,421.2,804.1,645.4,158.7,1282,966
2026-02-03,青山街道,松涛小区,328.6,135.7,9.9,454.3,928.4,729.7,198.7,1282,1006
2026-02-04,青山街道,松涛小区,303.6,147.1,6.8,448.2,905.7,713.9,191.8,1282,961
2026-02-05,青山街道,松涛小区,354.1,143.1,9.7,509.5,1016.3,818.8,197.6,1282,1081
2026-02-06,青山街道,松涛小区,317.2,135.1,6.1,438.6,897.1,714.8,182.3,1282,960
2026-02-07,青山街道,松涛小区,363.9,180.2,9.7,553.2,1107.0,890.5,216.5,1282,1010
2026-02-08,青山街道,松涛小区,404.2,160.9,7.6,544.9,1117.7,917.3,200.4,1282,1092
2026-02-09,青山街道,松涛小区,313.7,147.1,7.9,466.3,935.0,775.2,159.8,1282,1046
2026-02-10,青山街道,松涛小区,338.5,150.8,8.8,448.1,946.2,751.5,194.7,1282,1059
2026-02-11,青山街道,松涛小区,365.6,133.6,6.7,472.5,978.4,788.4,189.9,1282,1046
2026-02-12,青山街道,松涛小区,339.3,127.8,7.5,401.5,876.2,721.8,154.3,1282,1018
2026-02-13,青山街道,松涛小区,319.3,146.0,7.5,378.5,851.3,682.2,169.1,1282,921
2026-02-14,青山街道,松涛小区,431.7,201.8,8.5,559.9,1201.8,988.7,213.1,1282,1140
2026-02-15,青山街道,松涛小区,419.4,162.0,9.1,500.8,1091.3,889.0,202.3,1282,995
2026-02-16,青山街道,松涛小区,317.1,152.6,9.1,479.1,957.9,743.4,214.4,1282,1060
2026-02-17,青山街道,松涛小区,302.0,149.2,8.7,449.0,908.9,717.8,191.1,1282,999
2026-02-18,青山街道,松涛小区,321.4,134.4,8.6,481.2,945.5,750.4,195.1,1282,1086
2026-02-19,青山街道,松涛小区,330.2,150.1,8.9,525.9,1015.0,836.0,179.0,1282,1030
2026-02-20,青山街道,松涛小区,316.7,111.0,7.8,469.9,905.5,732.0,173.4,1282,978
2026-02-21,青山街道,松涛小区,413.2,189.9,10.7,574.1,1188.0,982.1,205.8,1282,1080
2026-02-22,青山街道,松涛小区,382.4,164.4,8.0,486.6,1041.5,843.8,197.7,1282,980
2026-02-23,青山街道,松涛小区,317.7,138.7,8.5,417.9,882.9,725.1,157.8,1282,995
2026-02-24,青山街道,松涛小区,300.0,146.8,6.7,463.6,917.2,746.6,170.6,1282,977
2026-02-25,青山街道,松涛小区,326.8,135.1,8.0,449.8,919.7,741.0,178.7,1282,941
2026-02-26,青山街道,松涛小区,336.1,146.0,7.7,414.1,903.8,751.0,152.9,1282,1012
2026-02-27,青山街道,松涛小区,350.6,136.0,10.0,467.3,963.9,778.6,185.3,1282,1058
2026-02-28,青山街道,松涛小区,385.3,205.7,10.5,565.6,1167.1,908.3,258.8,1282,1108
2026-03-01,青山街道,松涛小区,456.0,191.5,14.4,608.2,1270.1,1057.6,212.5,1282,1167
2026-03-02,青山街道,松涛小区,281.9,133.3,7.8,447.0,870.0,715.9,154.1,1282,974
2026-03-03,青山街道,松涛小区,315.1,152.1,9.5,454.8,931.6,733.0,198.6,1282,1035
2026-03-04,青山街道,松涛小区,360.5,151.5,10.7,483.5,1006.1,799.9,206.2,1282,1069
2026-03-05,青山街道,松涛小区,308.7,144.6,9.6,437.6,900.4,721.5,179.0,1282,971
2026-03-06,青山街道,松涛小区,306.0,126.4,7.4,417.9,857.6,715.5,142.1,1282,1002
2026-03-07,青山街道,松涛小区,399.2,201.6,7.2,560.0,1167.9,1005.1,162.8,1282,1091
2026-03-08,青山街道,松涛小区,455.6,183.3,10.4,599.3,1248.6,1074.3,174.3,1282,1069
2026-03-09,青山街道,松涛小区,314.9,128.2,7.8,445.8,896.8,728.6,168.2,1282,991
2026-03-10,青山街道,松涛小区,380.9,121.7,6.9,455.0,964.5,812.9,151.6,1282,1033
2026-03-11,青山街道,松涛小区,294.8,138.1,6.7,416.4,856.0,718.4,137.6,1282,1006
2026-03-12,青山街道,松涛小区,322.0,138.4,7.7,426.2,894.3,758.7,135.6,1282,996
2026-03-13,青山街道,松涛小区,356.4,154.5,6.8,488.5,1006.2,811.9,194.4,1282,1023
2026-03-14,青山街道,松涛小区,390.6,177.0,8.5,559.3,1135.3,945.7,189.6,1282,1050
2026-03-15,青山街道,松涛小区,377.3,194.1,9.7,619.1,1200.1,970.8,229.4,1282,1151
2026-03-16,青山街道,松涛小区,335.4,134.3,7.2,478.3,955.2,763.9,191.4,1282,1055
2026-03-17,青山街道,松涛小区,367.7,174.8,11.2,475.4,1029.1,806.5,222.6,1282,1079
2026-03-18,青山街道,松涛小区,283.3,146.2,6.4,403.0,838.9,668.4,170.5,1282,907
2026-03-19,青山街道,松涛小区,354.0,126.8,6.7,503.8,991.2,795.4,195.8,1282,1024
2026-03-20,青山街道,松涛小区,354.5,125.5,9.2,448.2,937.4,773.9,163.5,1282,1000
2026-03-21,青山街道,松涛小区,355.8,167.7,7.8,547.9,1079.2,901.5,177.7,1282,982
2026-03-22,青山街道,松涛小区,401.0,154.2,8.4,558.2,1121.7,949.4,172.3,1282,1037
2026-03-23,青山街道,松涛小区,322.9,139.0,9.3,445.1,916.2,730.6,185.6,1282,1040
2026-03-24,青山街道,松涛小区,338.2,130.9,9.6,461.1,939.7,748.4,191.3,1282,1050
2026-03-25,青山街道,松涛小区,308.8,119.5,6.1,427.4,861.7,678.3,183.4,1282,914
2026-03-26,青山街道,松涛小区,331.3,161.7,9.6,473.7,976.2,807.3,169.0,1282,980
2026-03-27,青山街道,松涛小区,316.7,144.0,6.6,426.7,894.0,731.3,162.6,1282,993
2026-03-28,青山街道,松涛小区,400.5,165.5,9.8,526.4,1102.2,880.4,221.9,1282,1083
2026-03-29,青山街道,松涛小区,429.6,166.8,9.1,545.2,1150.7,934.4,216.3,1282,1104
2026-03-30,青山街道,松涛小区,336.2,145.9,8.5,428.6,919.2,743.5,175.7,1282,1016
2026-03-31,青山街道,松涛小区,343.8,136.3,9.5,428.7,918.3,752.4,165.8,1282,1031
2026-04-01,青山街道,松涛小区,298.1,137.5,8.3,405.3,849.2,690.6,158.7,1282,1005
2026-04-02,青山街道,松涛小区,342.9,135.0,7.7,432.6,918.2,747.3,170.9,1282,948
2026-04-03,青山街道,松涛小区,306.8,163.7,10.2,472.0,952.6,792.4,160.2,1282,1053
2026-04-04,青山街道,松涛小区,327.9,161.1,9.2,519.0,1017.2,845.1,172.1,1282,960
2026-04-05,青山街道,松涛小区,451.1,180.0,12.8,559.2,1203.1,1000.5,202.6,1282,1154
2026-04-06,青山街道,松涛小区,305.5,135.8,9.0,448.6,898.9,714.2,184.8,1282,999
2026-04-07,青山街道,松涛小区,283.6,126.2,7.7,435.5,853.0,700.1,152.9,1282,1018
2026-04-08,青山街道,松涛小区,340.6,134.6,7.6,533.0,1015.8,829.7,186.1,1282,1069
2026-04-09,青山街道,松涛小区,302.4,148.9,8.8,467.8,928.0,787.4,140.6,1282,1038
2026-04-10,青山街道,松涛小区,308.3,127.9,9.8,474.9,920.9,746.6,174.3,1282,1001
2026-04-11,青山街道,松涛小区,411.7,212.2,10.0,594.7,1228.6,1017.1,211.6,1282,1093
2026-04-12,青山街道,松涛小区,425.0,180.3,7.5,565.3,1178.1,982.1,196.0,1282,1063
2026-04-13,青山街道,松涛小区,283.1,134.8,5.6,378.4,801.9,670.4,131.5,1282,935
2026-04-14,青山街道,松涛小区,341.7,164.3,8.4,455.0,969.4,791.1,178.3,1282,1034
2026-04-15,青山街道,松涛小区,334.2,148.8,8.3,465.5,956.9,763.0,193.9,1282,1001
2026-04-16,青山街道,松涛小区,353.6,134.5,8.1,445.1,941.2,794.3,146.9,1282,1018
2026-04-17,青山街道,松涛小区,306.3,117.8,8.5,473.3,906.0,756.7,149.3,1282,976
2026-04-18,青山街道,松涛小区,430.0,189.2,9.7,598.8,1227.7,1042.8,185.0,1282,1111
2026-04-19,青山街道,松涛小区,396.2,168.0,6.8,515.1,1086.1,891.8,194.3,1282,1072
2026-04-20,青山街道,松涛小区,336.2,183.4,7.3,485.3,1012.2,835.1,177.0,1282,1050
2026-04-21,青山街道,松涛小区,351.5,161.1,8.5,525.1,1046.1,883.1,163.0,1282,1056
2026-04-22,青山街道,松涛小区,320.7,121.6,9.9,448.3,900.5,760.1,140.4,1282,983
2026-04-23,青山街道,松涛小区,289.4,174.8,8.2,428.5,900.9,761.5,139.4,1282,1011
2026-04-24,青山街道,松涛小区,345.9,151.9,9.1,460.6,967.4,814.2,153.3,1282,1094
2026-04-25,青山街道,松涛小区,419.1,172.8,8.6,633.6,1234.1,1012.6,221.5,1282,1148
2026-04-26,青山街道,松涛小区,464.6,206.3,9.5,609.9,1290.2,1028.8,261.4,1282,1089
2026-04-27,青山街道,松涛小区,342.0,163.3,6.7,471.0,982.9,830.1,152.9,1282,1011
2026-04-28,青山街道,松涛小区,326.4,145.3,8.5,490.4,970.6,803.1,167.5,1282,1019
2026-04-29,青山街道,松涛小区,307.0,136.0,8.4,435.2,886.6,735.5,151.2,1282,1009
2026-04-30,青山街道,松涛小区,353.7,137.3,7.3,497.2,995.4,834.1,161.3,1282,1032
2026-05-01,青山街道,松涛小区,338.0,149.5,6.7,495.3,989.6,823.2,166.5,1282,1013
2026-05-02,青山街道,松涛小区,390.7,189.9,8.9,528.6,1118.1,932.6,185.5,1282,1150
2026-05-03,青山街道,松涛小区,365.6,177.8,7.5,495.6,1046.4,892.9,153.5,1282,1011
2026-05-04,青山街道,松涛小区,315.8,156.7,6.8,442.6,921.9,777.9,143.9,1282,1011
2026-05-05,青山街道,松涛小区,346.4,133.9,8.9,461.4,950.5,803.2,147.3,1282,973
2026-05-06,青山街道,松涛小区,319.8,148.5,6.9,419.5,894.7,739.7,155.0,1282,1002
2026-05-07,青山街道,松涛小区,324.3,136.7,7.8,486.4,955.1,817.7,137.4,1282,992
2026-05-08,青山街道,松涛小区,317.1,135.4,7.3,439.8,899.5,744.8,154.8,1282,1007
2026-05-09,青山街道,松涛小区,400.8,193.7,7.0,625.0,1226.5,1068.7,157.7,1282,1112
2026-05-10,青山街道,松涛小区,457.9,195.2,11.4,583.7,1248.2,1079.4,168.8,1282,1171
2026-05-11,青山街道,松涛小区,353.6,133.1,7.0,464.6,958.4,788.2,170.3,1282,1018
2026-05-12,青山街道,松涛小区,331.1,155.3,9.5,456.9,952.8,802.6,150.2,1282,994
2026-05-13,青山街道,松涛小区,348.2,164.1,11.7,514.3,1038.2,859.4,178.7,1282,1087
2026-05-14,青山街道,松涛小区,305.8,144.2,8.3,499.8,958.2,777.6,180.6,1282,973
2026-05-15,青山街道,松涛小区,301.4,155.1,8.1,414.4,878.9,735.9,143.0,1282,1008
2026-05-16,青山街道,松涛小区,375.6,168.7,7.3,526.2,1077.7,907.3,170.4,1282,1047
2026-05-17,青山街道,松涛小区,366.1,163.7,7.4,566.6,1103.9,914.1,189.8,1282,1057
2026-05-18,青山街道,松涛小区,382.4,157.7,9.1,502.0,1051.2,875.7,175.5,1282,1067
2026-05-19,青山街道,松涛小区,326.8,132.0,9.3,459.5,927.5,777.1,150.4,1282,1023
2026-05-20,青山街道,松涛小区,325.5,163.3,5.8,533.5,1028.1,879.6,148.5,1282,1056
2026-05-21,青山街道,松涛小区,341.4,159.3,7.9,411.5,920.1,741.0,179.1,1282,1040
2026-05-22,青山街道,松涛小区,286.4,142.2,6.9,473.5,908.9,748.6,160.4,1282,1012
2026-05-23,青山街道,松涛小区,420.4,193.3,9.0,544.6,1167.2,977.0,190.2,1282,1160
2026-05-24,青山街道,松涛小区,425.0,175.2,7.2,599.2,1206.6,1010.9,195.7,1282,1114
2026-05-25,青山街道,松涛小区,331.5,128.8,9.1,473.6,943.0,789.3,153.7,1282,1053
2026-05-26,青山街道,松涛小区,326.1,147.9,7.5,442.4,924.0,789.6,134.4,1282,1022
2026-05-27,青山街道,松涛小区,310.9,161.0,9.2,451.5,932.7,772.0,160.7,1282,985
2026-05-28,青山街道,松涛小区,367.5,133.5,10.7,501.8,1013.4,868.9,144.5,1282,989
2026-05-29,青山街道,松涛小区,338.8,144.1,9.3,456.2,948.4,756.8,191.7,1282,1077
2026-05-30,青山街道,松涛小区,390.2,187.9,8.9,531.3,1118.2,951.1,167.2,1282,1049
2026-05-31,青山街道,松涛小区,360.8,160.4,9.3,546.7,1077.1,916.9,160.3,1282,1031
2026-06-01,青山街道,松涛小区,312.9,161.6,7.4,473.0,954.9,809.4,145.5,1282,1025
2026-06-02,青山街道,松涛小区,323.4,159.6,10.3,500.5,993.8,830.8,163.0,1282,1048
2026-06-03,青山街道,松涛小区,382.5,130.5,9.2,463.2,985.4,828.5,156.8,1282,1009
2026-06-04,青山街道,松涛小区,320.6,149.6,8.7,545.9,1024.8,857.6,167.2,1282,1033
2026-06-05,青山街道,松涛小区,346.5,169.7,7.2,465.6,988.9,847.8,141.2,1282,1046
2026-06-06,青山街道,松涛小区,430.6,165.3,11.0,551.2,1158.1,944.6,213.5,1282,1112
2026-06-07,青山街道,松涛小区,443.4,164.6,9.2,593.6,1210.8,1021.7,189.1,1282,1095
2026-06-08,青山街道,松涛小区,351.4,140.5,10.8,468.9,971.6,824.1,147.5,1282,1049
2026-06-09,青山街道,松涛小区,332.2,154.8,7.7,564.3,1059.0,882.8,176.2,1282,1078
2026-06-10,青山街道,松涛小区,337.4,143.1,7.8,463.2,951.5,836.9,114.6,1282,1022
2026-06-11,青山街道,松涛小区,314.7,135.1,8.1,433.6,891.4,746.4,145.1,1282,968
2026-06-12,青山街道,松涛小区,350.2,165.9,9.1,471.4,996.7,828.7,167.9,1282,1060
2026-06-13,青山街道,松涛小区,423.4,166.9,11.3,498.1,1099.6,946.8,152.7,1282,1014
2026-06-14,青山街道,松涛小区,415.2,182.6,9.1,550.2,1157.1,960.2,196.9,1282,1104
2026-06-15,青山街道,松涛小区,307.3,130.0,7.8,478.9,924.0,749.6,174.4,1282,1037
2026-06-16,青山街道,松涛小区,371.1,157.0,9.0,556.5,1093.5,955.4,138.0,1282,1064
2026-06-17,青山街道,松涛小区,316.8,151.9,7.0,475.8,951.4,774.6,176.8,1282,1010
2026-06-18,青山街道,松涛小区,354.8,167.4,8.4,491.0,1021.5,866.7,154.8,1282,1057
2026-06-19,青山街道,松涛小区,351.8,129.8,8.7,459.5,949.8,783.3,166.5,1282,989
2026-06-20,青山街道,松涛小区,398.3,164.4,7.5,523.0,1093.3,952.4,140.9,1282,1026
2026-06-21,青山街道,松涛小区,408.3,164.3,7.6,605.3,1185.5,1029.8,155.7,1282,1118
2026-06-22,青山街道,松涛小区,384.1,148.4,9.1,431.5,973.2,793.2,180.1,1282,1022
2026-06-23,青山街道,松涛小区,332.6,162.5,8.6,588.8,1092.5,891.4,201.1,1282,1057
2026-06-24,青山街道,松涛小区,317.6,159.6,9.0,444.9,931.1,772.3,158.8,1282,1041
2026-06-25,青山街道,松涛小区,375.8,136.5,8.2,546.9,1067.4,890.3,177.1,1282,1083
2026-06-26,青山街道,松涛小区,355.1,131.6,7.3,460.4,954.3,798.6,155.8,1282,1037
2026-06-27,青山街道,松涛小区,438.0,181.8,10.9,584.5,1215.2,1061.4,153.8,1282,1133
2026-06-28,青山街道,松涛小区,462.8,182.4,8.7,635.3,1289.1,1111.5,177.7,1282,1129
2026-06-29,青山街道,松涛小区,304.0,157.0,6.4,412.7,880.0,760.8,119.3,1282,1009
2026-06-30,青山街道,松涛小区,309.3,146.8,8.6,450.3,915.0,764.0,151.0,1282,1030
2026-07-01,青山街道,松涛小区,358.9,130.6,6.7,484.8,981.0,866.3,114.7,1282,1048
2026-07-02,青山街道,松涛小区,320.5,125.9,7.1,452.1,905.6,796.9,108.8,1282,993
2026-07-03,青山街道,松涛小区,289.9,118.1,8.4,457.6,874.0,732.1,141.9,1282,981
2026-07-04,青山街道,松涛小区,414.7,180.8,8.5,543.9,1147.9,997.7,150.2,1282,1061
2026-07-05,青山街道,松涛小区,447.3,194.5,8.5,589.6,1239.8,1049.9,189.9,1282,1103
2026-07-06,青山街道,松涛小区,322.7,156.8,13.2,461.0,953.7,788.4,165.3,1282,1060
2026-07-07,青山街道,松涛小区,321.2,137.9,12.0,486.7,957.8,861.2,96.6,1282,1050
2026-07-08,青山街道,松涛小区,336.3,143.3,8.6,512.5,1000.7,836.9,163.8,1282,1024
2026-07-09,青山街道,松涛小区,336.4,142.1,9.9,435.3,923.7,763.2,160.5,1282,1056
2026-07-10,青山街道,松涛小区,330.1,130.7,6.4,525.5,992.6,798.0,194.6,1282,1040
2026-07-11,青山街道,松涛小区,460.1,191.5,11.4,528.4,1191.4,1032.8,158.7,1282,1096
2026-07-12,青山街道,松涛小区,422.2,199.1,7.0,604.1,1232.3,1031.0,201.4,1282,1119
2026-07-13,青山街道,松涛小区,333.2,155.7,7.6,471.8,968.3,836.9,131.4,1282,1067
2026-07-14,青山街道,松涛小区,316.0,134.9,7.2,417.1,875.1,724.4,150.8,1282,1002
2026-07-15,青山街道,松涛小区,330.3,123.1,9.9,460.0,923.3,814.2,109.1,1282,1012
2026-07-16,青山街道,松涛小区,342.2,112.2,7.2,453.5,915.1,767.3,147.8,1282,1015
2026-07-17,青山街道,松涛小区,353.7,170.9,11.8,528.4,1064.9,899.0,166.0,1282,1128
2026-07-18,青山街道,松涛小区,402.5,192.1,9.1,582.9,1186.6,1004.3,182.3,1282,1046
2026-07-19,青山街道,松涛小区,388.6,182.4,11.1,575.1,1157.1,1047.4,109.7,1282,1128
2026-07-20,青山街道,松涛小区,336.0,140.1,8.4,469.0,953.4,832.9,120.5,1282,1029
2026-07-21,青山街道,松涛小区,301.3,137.4,7.2,484.9,930.8,761.0,169.8,1282,1014
2026-07-22,青山街道,松涛小区,312.3,146.3,6.9,469.7,935.1,808.8,126.3,1282,1053
2026-07-23,青山街道,松涛小区,352.3,165.7,8.9,474.8,1001.6,859.6,142.1,1282,1070
2026-07-24,青山街道,松涛小区,330.6,153.8,8.2,425.2,917.8,791.3,126.4,1282,1066
2026-07-25,青山街道,松涛小区,392.6,148.9,7.5,527.4,1076.4,932.7,143.8,1282,1046
2026-07-26,青山街道,松涛小区,370.9,178.2,8.3,583.3,1140.7,1004.0,136.7,1282,1075
2026-07-27,青山街道,松涛小区,386.0,142.8,8.6,423.6,961.0,796.0,165.0,1282,1040
2026-07-28,青山街道,松涛小区,329.1,154.3,8.9,436.2,928.5,771.7,156.8,1282,1049
2026-07-29,青山街道,松涛小区,300.8,140.3,10.0,416.9,867.9,750.6,117.4,1282,984
2026-07-30,青山街道,松涛小区,345.2,159.6,7.8,495.9,1008.5,856.3,152.1,1282,1037
2026-07-31,青山街道,松涛小区,362.8,156.0,8.2,453.5,980.4,853.4,127.0,1282,1100
2026-08-01,青山街道,松涛小区,404.0,186.6,7.1,565.6,1163.3,1002.8,160.5,1282,1105
2026-08-02,青山街道,松涛小区,434.9,189.2,8.6,530.6,1163.3,1050.4,112.9,1282,1139
2026-08-03,青山街道,松涛小区,295.9,132.0,7.1,483.4,918.4,792.8,125.6,1282,943
2026-08-04,青山街道,松涛小区,325.7,175.7,9.4,457.6,968.4,859.8,108.6,1282,1076
2026-08-05,青山街道,松涛小区,331.5,152.1,9.0,452.4,945.0,808.6,136.4,1282,1074
2026-08-06,青山街道,松涛小区,336.1,129.8,8.3,412.7,887.0,754.1,132.9,1282,997
2026-08-07,青山街道,松涛小区,311.7,140.8,8.4,401.0,861.8,719.2,142.5,1282,991
2026-08-08,青山街道,松涛小区,407.3,168.9,8.5,530.5,1115.3,963.6,151.7,1282,1072
2026-08-09,青山街道,松涛小区,378.0,170.8,8.1,520.0,1076.9,967.2,109.8,1282,1052
2026-08-10,青山街道,松涛小区,305.1,161.7,11.3,453.1,931.3,765.9,165.4,1282,1010
2026-08-11,青山街道,松涛小区,321.3,142.7,7.8,465.1,936.8,777.3,159.5,1282,1065
2026-08-12,青山街道,松涛小区,302.5,149.8,7.8,447.0,907.2,769.9,137.3,1282,986
2026-08-13,青山街道,松涛小区,329.5,164.4,8.8,466.8,969.5,790.0,179.5,1282,1073
2026-08-14,青山街道,松涛小区,376.1,168.0,11.8,510.8,1066.7,879.8,186.9,1282,1120
2026-08-15,青山街道,松涛小区,416.2,165.6,8.0,563.2,1153.1,1027.8,125.3,1282,1082
2026-08-16,青山街道,松涛小区,402.4,153.0,8.3,564.7,1128.3,952.6,175.8,1282,1114
2026-08-17,青山街道,松涛小区,365.8,153.0,7.7,470.0,996.4,867.3,129.2,1282,1048
2026-08-18,青山街道,松涛小区,339.1,140.6,8.5,488.5,976.7,829.0,147.7,1282,1056
2026-08-19,青山街道,松涛小区,305.3,160.4,9.1,520.5,995.4,833.1,162.3,1282,1049
2026-08-20,青山街道,松涛小区,365.6,149.0,8.2,455.4,978.1,816.6,161.5,1282,1080
2026-08-21,青山街道,松涛小区,299.1,160.3,6.4,457.7,923.6,767.3,156.3,1282,1008
2026-08-22,青山街道,松涛小区,421.4,193.6,8.3,580.1,1203.5,1052.9,150.6,1282,1115
2026-08-23,青山街道,松涛小区,480.4,168.4,6.8,616.3,1272.0,1096.1,175.9,1282,1151
2026-08-24,青山街道,松涛小区,371.9,174.1,11.4,546.4,1103.8,965.0,138.8,1282,1112
2026-08-25,青山街道,松涛小区,315.7,141.5,7.8,443.1,908.1,790.9,117.2,1282,987
2026-08-26,青山街道,松涛小区,338.4,144.7,7.1,425.2,915.5,808.6,106.9,1282,1008
2026-08-27,青山街道,松涛小区,336.3,138.3,6.4,487.2,968.2,798.2,170.0,1282,1055
2026-08-28,青山街道,松涛小区,304.7,138.6,8.7,445.1,897.1,764.3,132.9,1282,1009
2026-08-29,青山街道,松涛小区,430.6,177.5,8.9,557.7,1174.7,993.4,181.3,1282,1099
2026-08-30,青山街道,松涛小区,354.7,188.5,9.1,553.9,1106.2,941.4,164.8,1282,1065
2026-08-31,青山街道,松涛小区,321.5,143.2,7.8,549.3,1021.9,879.2,142.7,1282,1050
2026-09-01,青山街道,松涛小区,364.4,162.2,6.8,465.8,999.1,881.1,118.0,1282,1049
2026-09-02,青山街道,松涛小区,336.6,148.1,8.0,510.9,1003.5,866.2,137.2,1282,1066
2026-09-03,青山街道,松涛小区,293.9,132.3,8.6,471.1,905.9,758.8,147.2,1282,1026
2026-09-04,青山街道,松涛小区,376.6,151.1,9.0,475.2,1011.8,868.1,143.8,1282,1085
2026-09-05,青山街道,松涛小区,434.5,187.0,7.1,523.2,1151.7,1021.4,130.3,1282,1060
2026-09-06,青山街道,松涛小区,415.6,171.0,11.0,565.9,1163.5,1027.5,136.0,1282,1093
2026-09-07,青山街道,松涛小区,314.3,176.2,10.0,490.3,990.8,898.8,92.0,1282,1065
2026-09-08,青山街道,松涛小区,286.0,139.0,9.8,459.0,893.8,782.2,111.6,1282,996
2026-09-09,青山街道,松涛小区,350.2,168.2,11.0,489.5,1018.9,911.2,107.7,1282,1093
2026-09-10,青山街道,松涛小区,290.2,150.0,9.3,475.7,925.3,795.5,129.8,1282,1048
2026-09-11,青山街道,松涛小区,295.2,166.3,7.9,451.0,920.4,800.5,119.9,1282,1040
2026-09-12,青山街道,松涛小区,427.9,195.9,7.7,589.2,1220.7,1098.6,122.1,1282,1144
2026-09-13,青山街道,松涛小区,374.3,175.0,8.8,581.0,1139.1,1023.9,115.2,1282,1080
2026-09-14,青山街道,松涛小区,319.2,121.2,6.9,372.6,820.0,687.7,132.2,1282,944
2026-09-15,青山街道,松涛小区,344.3,151.5,6.2,447.9,949.9,837.7,112.1,1282,1056
2026-09-16,青山街道,松涛小区,318.9,144.6,9.4,417.1,890.1,761.4,128.7,1282,1013
2026-09-17,青山街道,松涛小区,323.6,147.4,9.2,481.4,961.5,830.2,131.4,1282,1069
2026-09-18,青山街道,松涛小区,328.5,133.3,8.7,473.5,944.1,826.7,117.4,1282,1046
2026-09-19,青山街道,松涛小区,448.3,172.4,8.1,558.1,1186.9,1018.0,168.9,1282,1129
2026-01-01,文华街道,书香门第,286.9,120.4,6.2,404.9,818.4,637.0,181.4,1313,921
2026-01-02,文华街道,书香门第,266.9,111.3,7.8,402.0,788.0,627.3,160.7,1313,899
2026-01-03,文华街道,书香门第,345.1,149.2,6.0,435.4,935.7,764.0,171.6,1313,930
2026-01-04,文华街道,书香门第,323.5,120.6,6.5,443.0,893.6,722.0,171.6,1313,865
2026-01-05,文华街道,书香门第,269.2,113.9,8.3,378.8,770.1,622.2,148.0,1313,858
2026-01-06,文华街道,书香门第,265.0,114.8,6.9,363.8,750.4,626.0,124.5,1313,829
2026-01-07,文华街道,书香门第,307.4,137.4,5.9,378.2,828.9,671.6,157.2,1313,902
2026-01-08,文华街道,书香门第,270.5,115.5,8.6,408.9,803.4,652.8,150.6,1313,872
2026-01-09,文华街道,书香门第,255.6,124.5,6.3,357.5,743.8,615.6,128.2,1313,824
2026-01-10,文华街道,书香门第,344.0,126.6,7.8,439.9,918.3,738.4,179.9,1313,887
2026-01-11,文华街道,书香门第,327.6,141.9,6.8,451.1,927.3,757.4,169.9,1313,902
2026-01-12,文华街道,书香门第,267.7,112.1,6.3,365.0,751.2,625.2,126.0,1313,843
2026-01-13,文华街道,书香门第,227.1,114.2,6.2,352.8,700.3,575.9,124.4,1313,812
2026-01-14,文华街道,书香门第,258.2,111.8,5.3,321.5,696.8,574.9,122.0,1313,734
2026-01-15,文华街道,书香门第,265.9,106.2,9.5,411.3,792.8,648.2,144.6,1313,863
2026-01-16,文华街道,书香门第,282.0,126.1,5.0,374.1,787.2,638.7,148.5,1313,849
2026-01-17,文华街道,书香门第,347.3,125.7,5.9,447.6,926.4,752.6,173.8,1313,901
2026-01-18,文华街道,书香门第,381.5,147.9,8.5,507.6,1045.5,860.9,184.7,1313,940
2026-01-19,文华街道,书香门第,262.7,108.1,5.7,386.4,763.0,624.3,138.6,1313,841
2026-01-20,文华街道,书香门第,275.1,113.8,5.8,365.8,760.4,614.1,146.3,1313,826
2026-01-21,文华街道,书香门第,259.9,111.8,5.7,354.6,732.0,602.7,129.3,1313,802
2026-01-22,文华街道,书香门第,249.4,129.1,6.7,367.9,753.0,587.6,165.5,1313,846
2026-01-23,文华街道,书香门第,245.1,96.9,7.8,403.3,753.1,624.6,128.4,1313,801
2026-01-24,文华街道,书香门第,323.4,135.2,7.0,449.6,915.1,723.4,191.8,1313,875
2026-01-25,文华街道,书香门第,323.9,128.1,6.5,405.7,864.2,715.5,148.7,1313,870
2026-01-26,文华街道,书香门第,277.3,114.1,6.7,368.1,766.2,613.9,152.2,1313,819
2026-01-27,文华街道,书香门第,239.5,109.2,5.9,326.0,680.7,524.3,156.4,1313,763
2026-01-28,文华街道,书香门第,278.0,123.0,6.1,371.9,779.0,626.5,152.5,1313,829
2026-01-29,文华街道,书香门第,303.5,120.0,8.2,360.6,792.3,644.5,147.7,1313,859
2026-01-30,文华街道,书香门第,244.8,111.8,4.1,345.0,705.6,562.5,143.2,1313,758
2026-01-31,文华街道,书香门第,318.2,159.1,7.4,498.1,982.9,817.2,165.7,1313,929
2026-02-01,文华街道,书香门第,363.4,146.4,7.7,515.4,1032.9,854.0,178.9,1313,924
2026-02-02,文华街道,书香门第,266.3,125.5,7.8,375.3,774.8,631.2,143.6,1313,799
2026-02-03,文华街道,书香门第,252.7,114.9,8.4,345.0,721.1,558.7,162.4,1313,818
2026-02-04,文华街道,书香门第,253.0,124.0,7.6,387.4,772.1,662.0,110.1,1313,828
2026-02-05,文华街道,书香门第,259.6,113.4,6.8,369.7,749.4,601.9,147.5,1313,863
2026-02-06,文华街道,书香门第,259.3,107.1,7.7,355.0,729.0,609.5,119.6,1313,821
2026-02-07,文华街道,书香门第,340.7,153.5,7.1,508.5,1009.8,857.9,151.9,1313,951
2026-02-08,文华街道,书香门第,329.5,126.7,7.1,480.5,943.8,779.1,164.6,1313,893
2026-02-09,文华街道,书香门第,275.6,118.9,6.0,386.9,787.4,645.3,142.1,1313,881
2026-02-10,文华街道,书香门第,263.8,110.3,5.4,365.6,745.2,635.2,110.0,1313,854
2026-02-11,文华街道,书香门第,249.9,108.2,7.3,370.3,735.7,611.1,124.5,1313,827
2026-02-12,文华街道,书香门第,303.6,128.3,8.3,336.6,776.7,625.9,150.9,1313,831
2026-02-13,文华街道,书香门第,270.4,124.7,6.9,349.3,751.3,611.8,139.5,1313,818
2026-02-14,文华街道,书香门第,358.5,151.9,7.6,484.3,1002.3,819.0,183.3,1313,933
2026-02-15,文华街道,书香门第,358.1,151.1,7.4,482.4,999.1,833.1,166.0,1313,937
2026-02-16,文华街道,书香门第,268.5,107.4,7.3,364.3,747.5,600.2,147.2,1313,812
2026-02-17,文华街道,书香门第,292.2,117.0,7.4,408.3,824.8,686.1,138.7,1313,868
2026-02-18,文华街道,书香门第,333.6,137.4,8.2,424.2,903.5,713.0,190.5,1313,910
2026-02-19,文华街道,书香门第,284.5,108.7,5.7,368.7,767.5,622.6,144.9,1313,839
2026-02-20,文华街道,书香门第,255.4,112.3,5.6,314.5,687.7,570.0,117.7,1313,809
2026-02-21,文华街道,书香门第,348.2,153.9,8.1,458.0,968.2,784.8,183.4,1313,919
2026-02-22,文华街道,书香门第,335.7,160.0,7.8,516.5,1020.0,830.2,189.8,1313,924
2026-02-23,文华街道,书香门第,320.0,124.4,7.6,376.6,828.7,670.1,158.6,1313,885
2026-02-24,文华街道,书香门第,275.9,130.3,7.4,409.1,822.6,685.4,137.3,1313,888
2026-02-25,文华街道,书香门第,274.2,129.3,8.2,376.1,787.7,655.1,132.6,1313,864
2026-02-26,文华街道,书香门第,256.5,119.5,6.0,351.1,733.1,598.9,134.1,1313,774
2026-02-27,文华街道,书香门第,268.7,108.9,6.4,352.9,736.9,599.1,137.7,1313,828
2026-02-28,文华街道,书香门第,329.2,148.2,7.1,508.8,993.4,834.1,159.3,1313,918
2026-03-01,文华街道,书香门第,330.2,160.8,8.7,516.9,1016.7,843.4,173.3,1313,936
2026-03-02,文华街道,书香门第,295.0,136.5,5.8,371.5,808.8,689.1,119.7,1313,856
2026-03-03,文华街道,书香门第,259.3,107.7,6.0,359.6,732.6,585.1,147.6,1313,887
2026-03-04,文华街道,书香门第,231.9,111.9,6.4,322.6,672.8,558.7,114.1,1313,802
2026-03-05,文华街道,书香门第,263.7,114.8,8.0,431.0,817.6,664.4,153.2,1313,842
2026-03-06,文华街道,书香门第,250.2,112.8,6.3,370.2,739.4,606.2,133.2,1313,793
2026-03-07,文华街道,书香门第,300.9,153.5,6.2,457.4,918.1,805.5,112.6,1313,843
2026-03-08,文华街道,书香门第,395.8,158.6,5.9,475.9,1036.2,879.6,156.6,1313,959
2026-03-09,文华街道,书香门第,260.1,90.3,5.2,374.5,730.1,631.4,98.7,1313,789
2026-03-10,文华街道,书香门第,252.9,99.0,7.4,367.2,726.6,600.3,126.3,1313,830
2026-03-11,文华街道,书香门第,280.3,116.6,6.9,381.6,785.3,626.8,158.5,1313,846
2026-03-12,文华街道,书香门第,283.3,128.8,7.6,366.0,785.7,638.6,147.1,1313,847
2026-03-13,文华街道,书香门第,264.6,116.4,7.6,421.8,810.5,678.4,132.1,1313,863
2026-03-14,文华街道,书香门第,384.8,159.5,7.5,516.5,1068.3,859.9,208.4,1313,975
2026-03-15,文华街道,书香门第,304.5,126.6,10.3,469.6,911.0,752.4,158.5,1313,904
2026-03-16,文华街道,书香门第,257.0,115.3,6.8,375.3,754.5,625.6,128.9,1313,844
2026-03-17,文华街道,书香门第,279.6,124.8,7.7,384.8,797.0,647.1,149.8,1313,864
2026-03-18,文华街道,书香门第,273.0,108.8,7.9,391.3,781.0,642.4,138.6,1313,903
2026-03-19,文华街道,书香门第,279.2,111.4,9.4,359.5,759.5,612.2,147.2,1313,880
2026-03-20,文华街道,书香门第,250.4,102.4,7.0,346.1,705.9,581.7,124.3,1313,770
2026-03-21,文华街道,书香门第,298.8,146.7,6.9,414.8,867.2,747.4,119.8,1313,894
2026-03-22,文华街道,书香门第,356.3,150.3,6.7,469.5,982.8,804.5,178.4,1313,882
2026-03-23,文华街道,书香门第,269.8,116.8,6.1,369.5,762.1,601.2,160.9,1313,823
2026-03-24,文华街道,书香门第,284.7,121.4,7.3,421.4,834.8,694.2,140.6,1313,845
2026-03-25,文华街道,书香门第,280.6,112.5,7.2,405.3,805.6,677.1,128.6,1313,913
2026-03-26,文华街道,书香门第,254.8,115.7,6.5,356.3,733.3,624.6,108.7,1313,800
2026-03-27,文华街道,书香门第,311.2,124.5,6.3,437.6,879.7,731.9,147.8,1313,887
2026-03-28,文华街道,书香门第,391.3,177.9,8.7,447.2,1025.2,838.7,186.5,1313,981
2026-03-29,文华街道,书香门第,326.2,144.9,8.1,472.8,952.0,779.5,172.5,1313,923
2026-03-30,文华街道,书香门第,290.4,120.8,7.8,398.3,817.3,656.8,160.5,1313,880
2026-03-31,文华街道,书香门第,294.8,102.6,7.3,373.9,778.6,661.4,117.2,1313,851
2026-04-01,文华街道,书香门第,301.1,106.4,7.9,416.0,831.4,680.5,150.9,1313,892
2026-04-02,文华街道,书香门第,236.8,110.9,6.3,384.2,738.3,606.1,132.2,1313,814
2026-04-03,文华街道,书香门第,261.3,110.4,5.6,329.3,706.6,592.8,113.9,1313,805
2026-04-04,文华街道,书香门第,353.9,141.3,7.6,443.2,945.9,810.9,135.0,1313,930
2026-04-05,文华街道,书香门第,341.3,129.0,6.2,462.2,938.8,777.6,161.3,1313,913
2026-04-06,文华街道,书香门第,262.7,116.2,6.3,372.2,757.4,644.7,112.7,1313,814
2026-04-07,文华街道,书香门第,286.3,129.6,7.5,394.7,818.1,662.5,155.6,1313,821
2026-04-08,文华街道,书香门第,254.1,137.4,6.2,380.7,778.4,623.6,154.8,1313,809
2026-04-09,文华街道,书香门第,274.8,109.4,4.6,417.9,806.7,678.3,128.4,1313,860
2026-04-10,文华街道,书香门第,253.9,111.9,6.9,371.9,744.7,612.8,131.9,1313,773
2026-04-11,文华街道,书香门第,317.0,151.0,5.1,457.9,930.9,772.2,158.8,1313,878
2026-04-12,文华街道,书香门第,363.6,166.0,5.0,539.9,1074.5,927.1,147.5,1313,947
2026-04-13,文华街道,书香门第,268.1,109.4,9.4,382.7,769.6,646.4,123.2,1313,899
2026-04-14,文华街道,书香门第,290.6,132.3,7.2,366.2,796.3,659.7,136.7,1313,867
2026-04-15,文华街道,书香门第,251.1,137.2,4.8,419.0,812.1,687.6,124.5,1313,875
2026-04-16,文华街道,书香门第,288.4,122.0,7.5,391.3,809.1,665.6,143.6,1313,874
2026-04-17,文华街道,书香门第,275.2,101.1,7.0,407.4,790.7,669.6,121.1,1313,932
2026-04-18,文华街道,书香门第,339.7,126.3,7.5,471.0,944.5,792.6,151.9,1313,876
2026-04-19,文华街道,书香门第,362.7,150.5,7.1,496.1,1016.4,865.6,150.7,1313,931
2026-04-20,文华街道,书香门第,254.4,121.5,6.0,410.0,792.0,669.1,122.9,1313,881
2026-04-21,文华街道,书香门第,256.1,122.8,6.6,409.8,795.2,673.6,121.6,1313,836
2026-04-22,文华街道,书香门第,287.5,143.5,7.3,387.4,825.8,715.1,110.7,1313,886
2026-04-23,文华街道,书香门第,262.0,119.0,5.3,358.8,745.0,612.3,132.7,1313,819
2026-04-24,文华街道,书香门第,278.6,124.5,5.8,371.5,780.4,653.8,126.6,1313,872
2026-04-25,文华街道,书香门第,347.8,140.2,7.2,528.1,1023.3,864.6,158.7,1313,932
2026-04-26,文华街道,书香门第,313.5,137.8,7.3,476.7,935.2,800.4,134.9,1313,906
2026-04-27,文华街道,书香门第,269.8,115.8,9.4,375.2,770.2,650.2,120.0,1313,862
2026-04-28,文华街道,书香门第,245.0,118.0,5.7,384.5,753.3,610.7,142.6,1313,782
2026-04-29,文华街道,书香门第,272.1,117.4,7.2,412.3,809.0,674.6,134.4,1313,890
2026-04-30,文华街道,书香门第,284.4,107.2,6.5,374.3,772.4,641.7,130.7,1313,858
2026-05-01,文华街道,书香门第,268.2,103.0,6.7,364.7,742.7,619.4,123.3,1313,864
2026-05-02,文华街道,书香门第,305.2,143.0,8.0,449.4,905.6,781.9,123.7,1313,945
2026-05-03,文华街道,书香门第,348.0,144.5,5.4,518.9,1016.9,883.2,133.7,1313,955
2026-05-04,文华街道,书香门第,290.7,117.9,8.3,410.4,827.3,726.8,100.5,1313,919
2026-05-05,文华街道,书香门第,276.7,130.7,8.1,375.1,790.6,672.9,117.7,1313,860
2026-05-06,文华街道,书香门第,234.8,96.1,6.4,330.3,667.5,551.3,116.3,1313,749
2026-05-07,文华街道,书香门第,288.4,122.1,9.1,413.9,833.4,698.7,134.7,1313,880
2026-05-08,文华街道,书香门第,279.5,118.5,5.6,395.5,799.2,667.3,131.9,1313,833
2026-05-09,文华街道,书香门第,387.5,182.4,10.0,507.1,1086.9,953.4,133.6,1313,960
2026-05-10,文华街道,书香门第,310.1,141.3,6.8,389.1,847.2,720.7,126.5,1313,842
2026-05-11,文华街道,书香门第,262.7,123.9,7.5,420.1,814.1,681.6,132.4,1313,873
2026-05-12,文华街道,书香门第,269.5,118.6,7.3,387.1,782.6,683.5,99.2,1313,833
2026-05-13,文华街道,书香门第,248.1,110.0,5.8,297.0,660.9,573.8,87.2,1313,756
2026-05-14,文华街道,书香门第,290.2,118.3,5.8,326.2,740.6,623.1,117.5,1313,820
2026-05-15,文华街道,书香门第,276.4,128.6,6.6,419.8,831.4,709.3,122.1,1313,875
2026-05-16,文华街道,书香门第,287.3,160.8,7.8,407.3,863.3,753.1,110.2,1313,849
2026-05-17,文华街道,书香门第,316.8,144.7,7.3,474.6,943.4,779.5,164.0,1313,922
2026-05-18,文华街道,书香门第,286.1,117.7,7.8,456.6,868.1,748.9,119.2,1313,920
2026-05-19,文华街道,书香门第,268.1,123.6,5.9,396.7,794.3,663.4,130.9,1313,881
2026-05-20,文华街道,书香门第,310.5,118.3,5.2,387.7,821.6,690.5,131.2,1313,872
2026-05-21,文华街道,书香门第,271.3,135.0,7.0,382.8,796.1,675.0,121.1,1313,856
2026-05-22,文华街道,书香门第,254.3,111.2,5.3,349.6,720.4,596.8,123.6,1313,779
2026-05-23,文华街道,书香门第,311.9,147.8,6.9,444.0,910.7,775.8,134.9,1313,889
2026-05-24,文华街道,书香门第,353.2,148.6,7.0,478.7,987.5,828.5,159.0,1313,908
2026-05-25,文华街道,书香门第,281.8,127.7,6.8,394.5,810.8,703.0,107.8,1313,867
2026-05-26,文华街道,书香门第,257.1,113.3,6.0,376.9,753.2,628.0,125.3,1313,787
2026-05-27,文华街道,书香门第,238.8,96.3,6.5,334.7,676.2,560.9,115.3,1313,778
2026-05-28,文华街道,书香门第,268.2,116.3,7.7,422.8,815.0,701.1,113.9,1313,886
2026-05-29,文华街道,书香门第,240.9,115.1,8.1,463.1,827.2,666.9,160.3,1313,859
2026-05-30,文华街道,书香门第,308.3,139.8,6.3,423.0,877.4,745.9,131.5,1313,864
2026-05-31,文华街道,书香门第,338.4,139.4,6.7,469.0,953.5,807.4,146.1,1313,929
2026-06-01,文华街道,书香门第,273.4,113.0,5.1,393.4,784.8,653.7,131.1,1313,822
2026-06-02,文华街道,书香门第,248.9,104.5,7.0,349.9,710.2,609.7,100.5,1313,795
2026-06-03,文华街道,书香门第,246.5,131.9,7.4,362.3,748.2,635.7,112.5,1313,842
2026-06-04,文华街道,书香门第,285.1,140.8,11.0,396.6,833.5,712.1,121.4,1313,888
2026-06-05,文华街道,书香门第,227.0,125.3,6.1,384.2,742.6,624.1,118.5,1313,810
2026-06-06,文华街道,书香门第,303.8,161.6,6.9,434.2,906.6,799.9,106.7,1313,873
2026-06-07,文华街道,书香门第,366.6,154.8,7.5,518.0,1046.9,883.7,163.2,1313,910
2026-06-08,文华街道,书香门第,326.2,118.5,8.1,379.3,832.1,729.0,103.1,1313,863
2026-06-09,文华街道,书香门第,276.3,142.4,7.8,389.0,815.4,707.1,108.3,1313,840
2026-06-10,文华街道,书香门第,258.1,128.8,7.8,381.5,776.3,649.7,126.5,1313,857
2026-06-11,文华街道,书香门第,293.5,133.1,6.7,402.4,835.7,736.2,99.5,1313,909
2026-06-12,文华街道,书香门第,264.3,101.9,7.2,397.6,771.0,641.1,129.9,1313,831
2026-06-13,文华街道,书香门第,293.2,116.5,5.9,456.8,872.4,752.7,119.7,1313,809
2026-06-14,文华街道,书香门第,341.5,134.4,6.3,516.2,998.4,817.8,180.6,1313,883
2026-06-15,文华街道,书香门第,292.1,125.7,8.6,447.0,873.3,749.0,124.2,1313,886
2026-06-16,文华街道,书香门第,270.7,114.7,7.9,387.5,780.8,640.7,140.0,1313,848
2026-06-17,文华街道,书香门第,310.1,113.6,6.3,384.8,814.8,721.6,93.2,1313,893
2026-06-18,文华街道,书香门第,245.3,103.8,9.8,361.8,720.8,630.5,90.3,1313,811
2026-06-19,文华街道,书香门第,272.9,97.8,5.6,346.7,722.9,622.0,100.9,1313,805
2026-06-20,文华街道,书香门第,356.5,148.2,6.4,485.7,996.7,864.0,132.7,1313,884
2026-06-21,文华街道,书香门第,346.4,118.0,8.0,442.3,914.7,782.8,131.8,1313,892
2026-06-22,文华街道,书香门第,287.3,140.1,7.7,426.8,862.0,722.4,139.6,1313,927
2026-06-23,文华街道,书香门第,293.9,126.4,6.2,354.2,780.7,660.8,119.9,1313,838
2026-06-24,文华街道,书香门第,305.0,130.0,5.6,418.1,858.6,721.6,137.0,1313,888
2026-06-25,文华街道,书香门第,308.5,107.8,7.6,362.3,786.2,687.5,98.7,1313,856
2026-06-26,文华街道,书香门第,311.6,127.4,6.6,381.9,827.4,719.8,107.6,1313,874
2026-06-27,文华街道,书香门第,357.1,159.6,5.7,464.2,986.6,846.9,139.7,1313,895
2026-06-28,文华街道,书香门第,334.0,160.0,8.1,496.0,998.0,862.3,135.7,1313,884
2026-06-29,文华街道,书香门第,260.1,121.4,7.2,405.7,794.3,665.7,128.7,1313,851
2026-06-30,文华街道,书香门第,266.5,110.2,7.6,431.8,816.1,713.8,102.4,1313,877
2026-07-01,文华街道,书香门第,286.8,115.2,6.5,331.9,740.4,635.9,104.4,1313,791
2026-07-02,文华街道,书香门第,289.6,116.4,7.0,380.8,793.7,682.4,111.4,1313,878
2026-07-03,文华街道,书香门第,274.7,113.0,7.4,387.1,782.2,695.6,86.5,1313,886
2026-07-04,文华街道,书香门第,302.0,142.2,6.7,524.2,975.1,842.4,132.7,1313,872
2026-07-05,文华街道,书香门第,292.3,144.8,6.6,488.2,931.9,822.0,109.9,1313,871
2026-07-06,文华街道,书香门第,232.7,102.5,6.6,326.6,668.4,577.8,90.6,1313,773
2026-07-07,文华街道,书香门第,255.5,115.1,7.9,364.4,742.9,640.5,102.4,1313,798
2026-07-08,文华街道,书香门第,288.0,135.5,6.6,411.7,841.9,711.2,130.7,1313,910
2026-07-09,文华街道,书香门第,290.1,116.3,6.4,397.2,810.0,684.4,125.6,1313,864
2026-07-10,文华街道,书香门第,258.5,109.8,6.2,367.3,741.8,626.5,115.3,1313,791
2026-07-11,文华街道,书香门第,313.1,139.2,7.9,474.8,935.0,825.9,109.1,1313,910
2026-07-12,文华街道,书香门第,338.4,140.1,7.9,483.3,969.8,835.5,134.3,1313,886
2026-07-13,文华街道,书香门第,286.5,127.0,5.1,377.0,795.6,679.3,116.3,1313,888
2026-07-14,文华街道,书香门第,270.0,118.8,7.0,361.9,757.7,638.7,119.0,1313,838
2026-07-15,文华街道,书香门第,288.9,122.4,6.7,417.0,834.9,728.0,107.0,1313,922
2026-07-16,文华街道,书香门第,229.6,118.9,7.6,387.8,744.0,632.3,111.6,1313,783
2026-07-17,文华街道,书香门第,253.1,100.9,5.2,371.0,730.2,630.5,99.7,1313,812
2026-07-18,文华街道,书香门第,364.0,143.6,7.8,505.8,1021.1,899.7,121.4,1313,994
2026-07-19,文华街道,书香门第,318.2,151.3,8.2,524.1,1001.8,864.1,137.7,1313,930
2026-07-20,文华街道,书香门第,277.9,121.9,8.7,369.7,778.2,673.2,105.1,1313,892
2026-07-21,文华街道,书香门第,282.8,122.5,6.9,405.6,817.7,696.8,120.9,1313,895
2026-07-22,文华街道,书香门第,284.0,135.5,7.5,420.3,847.3,744.7,102.6,1313,887
2026-07-23,文华街道,书香门第,298.0,103.3,9.4,413.7,824.4,693.2,131.2,1313,919
2026-07-24,文华街道,书香门第,271.7,107.8,6.1,360.0,745.6,635.5,110.1,1313,827
2026-07-25,文华街道,书香门第,347.0,147.4,7.6,481.0,983.0,851.5,131.6,1313,896
2026-07-26,文华街道,书香门第,359.2,151.9,8.9,482.4,1002.4,871.9,130.6,1313,876
2026-07-27,文华街道,书香门第,225.3,111.7,6.0,332.6,675.6,575.0,100.6,1313,758
2026-07-28,文华街道,书香门第,254.9,112.3,7.7,359.6,734.5,598.3,136.3,1313,850
2026-07-29,文华街道,书香门第,289.3,116.3,8.6,357.6,771.8,650.3,121.5,1313,858
2026-07-30,文华街道,书香门第,228.9,113.6,5.5,326.7,674.7,562.2,112.5,1313,790
2026-07-31,文华街道,书香门第,300.9,132.6,6.2,404.0,843.7,730.8,112.8,1313,883
2026-08-01,文华街道,书香门第,334.1,130.9,6.5,475.7,947.3,842.0,105.3,1313,899
2026-08-02,文华街道,书香门第,368.7,156.0,7.6,456.9,989.3,897.3,92.0,1313,963
2026-08-03,文华街道,书香门第,271.9,124.0,7.3,396.6,799.9,682.2,117.7,1313,821
2026-08-04,文华街道,书香门第,259.7,107.5,7.2,358.5,732.9,637.0,95.9,1313,814
2026-08-05,文华街道,书香门第,269.4,133.1,5.8,403.4,811.5,702.9,108.7,1313,880
2026-08-06,文华街道,书香门第,260.8,109.6,7.9,389.0,767.3,664.7,102.6,1313,885
2026-08-07,文华街道,书香门第,279.2,118.4,6.9,346.5,751.0,650.6,100.4,1313,826
2026-08-08,文华街道,书香门第,310.9,126.9,6.9,484.9,929.6,826.3,103.3,1313,879
2026-08-09,文华街道,书香门第,333.7,146.3,7.3,471.3,958.5,847.3,111.2,1313,901
2026-08-10,文华街道,书香门第,246.8,125.6,5.8,413.9,792.2,672.7,119.5,1313,857
2026-08-11,文华街道,书香门第,266.2,116.8,7.7,428.7,819.4,675.1,144.3,1313,918
2026-08-12,文华街道,书香门第,270.9,120.4,6.8,386.9,785.0,677.3,107.7,1313,888
2026-08-13,文华街道,书香门第,270.8,130.0,5.6,369.0,775.4,645.9,129.4,1313,852
2026-08-14,文华街道,书香门第,285.7,125.4,7.4,433.7,852.3,758.1,94.1,1313,864
2026-08-15,文华街道,书香门第,335.7,135.1,6.9,464.6,942.3,830.7,111.6,1313,878
2026-08-16,文华街道,书香门第,340.0,138.4,8.3,438.0,924.7,800.0,124.7,1313,898
2026-08-17,文华街道,书香门第,270.9,129.6,9.8,416.9,827.2,703.2,124.0,1313,928
2026-08-18,文华街道,书香门第,280.8,121.6,5.1,387.6,795.2,709.4,85.8,1313,878
2026-08-19,文华街道,书香门第,319.8,123.4,7.6,416.0,866.8,755.9,110.9,1313,862
2026-08-20,文华街道,书香门第,270.4,115.6,7.3,378.2,771.4,677.0,94.4,1313,849
2026-08-21,文华街道,书香门第,262.5,128.9,6.3,408.6,806.2,708.8,97.4,1313,813
2026-08-22,文华街道,书香门第,339.5,143.8,5.4,499.7,988.5,872.7,115.8,1313,916
2026-08-23,文华街道,书香门第,356.2,148.7,8.9,483.8,997.5,917.1,80.4,1313,937
2026-08-24,文华街道,书香门第,245.2,114.0,7.3,376.5,743.0,648.4,94.6,1313,791
2026-08-25,文华街道,书香门第,263.1,104.7,7.3,324.0,699.1,586.9,112.2,1313,794
2026-08-26,文华街道,书香门第,280.3,109.7,5.1,386.9,782.0,677.3,104.7,1313,851
2026-08-27,文华街道,书香门第,279.4,132.9,7.7,434.5,854.5,749.7,104.8,1313,892
2026-08-28,文华街道,书香门第,249.9,110.5,6.8,321.8,689.0,597.3,91.7,1313,784
2026-08-29,文华街道,书香门第,348.2,149.6,10.1,462.0,969.9,847.9,121.9,1313,952
2026-08-30,文华街道,书香门第,347.8,153.8,7.6,501.2,1010.5,911.5,98.9,1313,958
2026-08-31,文华街道,书香门第,261.9,114.1,6.4,328.9,711.2,609.6,101.6,1313,836
2026-09-01,文华街道,书香门第,238.3,113.4,6.3,404.7,762.7,669.7,93.0,1313,833
2026-09-02,文华街道,书香门第,306.0,117.2,7.0,439.3,869.4,753.5,115.9,1313,880
2026-09-03,文华街道,书香门第,271.4,128.5,6.9,350.3,757.2,666.7,90.5,1313,869
2026-09-04,文华街道,书香门第,260.0,105.0,6.9,364.1,736.0,640.3,95.7,1313,807
2026-09-05,文华街道,书香门第,343.8,158.8,6.3,436.1,945.0,818.2,126.7,1313,900
2026-09-06,文华街道,书香门第,340.1,139.5,7.6,527.1,1014.2,936.6,77.6,1313,919
2026-09-07,文华街道,书香门第,287.2,115.6,6.5,377.0,786.3,692.7,93.6,1313,896
2026-09-08,文华街道,书香门第,291.4,123.2,6.4,414.6,835.7,735.7,100.0,1313,902
2026-09-09,文华街道,书香门第,273.2,110.8,6.2,360.4,750.6,641.1,109.5,1313,809
2026-09-10,文华街道,书香门第,263.5,113.9,6.7,394.5,778.6,692.5,86.1,1313,861
2026-09-11,文华街道,书香门第,272.4,118.5,6.0,408.3,805.3,705.2,100.1,1313,849
2026-09-12,文华街道,书香门第,300.8,146.4,6.3,451.4,904.9,796.0,108.9,1313,925
2026-09-13,文华街道,书香门第,368.0,160.2,8.6,475.0,1011.8,943.0,68.8,1313,929
2026-09-14,文华街道,书香门第,284.5,126.8,7.0,400.4,818.7,741.2,77.6,1313,887
2026-09-15,文华街道,书香门第,308.7,110.5,8.3,382.5,809.9,709.1,100.8,1313,869
2026-09-16,文华街道,书香门第,275.9,116.3,5.2,420.1,817.4,735.0,82.4,1313,841
2026-09-17,文华街道,书香门第,257.5,107.8,6.6,372.2,744.1,639.5,104.6,1313,857
2026-09-18,文华街道,书香门第,249.7,120.6,6.7,330.8,707.8,605.4,102.4,1313,853
2026-09-19,文华街道,书香门第,323.8,157.3,8.0,456.7,945.8,831.3,114.5,1313,938
2026-01-01,文华街道,学府花园,266.9,121.1,8.4,375.7,772.0,609.6,162.4,1260,879
2026-01-02,文华街道,学府花园,255.8,117.1,4.5,351.7,729.0,581.9,147.2,1260,807
2026-01-03,文华街道,学府花园,327.8,135.4,8.1,466.5,937.8,759.2,178.5,1260,919
2026-01-04,文华街道,学府花园,331.4,162.3,6.8,514.1,1014.5,823.5,191.0,1260,925
2026-01-05,文华街道,学府花园,280.8,152.2,7.3,405.0,845.3,687.7,157.5,1260,887
2026-01-06,文华街道,学府花园,278.4,107.7,7.4,388.4,781.8,617.2,164.6,1260,805
2026-01-07,文华街道,学府花园,257.4,92.8,6.5,387.7,744.3,596.0,148.3,1260,821
2026-01-08,文华街道,学府花园,259.3,127.3,6.5,415.0,808.2,634.9,173.3,1260,825
2026-01-09,文华街道,学府花园,266.9,141.5,7.0,437.7,853.1,665.0,188.0,1260,856
2026-01-10,文华街道,学府花园,358.8,166.6,6.4,511.5,1043.4,828.8,214.6,1260,968
2026-01-11,文华街道,学府花园,309.1,147.0,8.7,492.0,956.8,748.8,208.0,1260,920
2026-01-12,文华街道,学府花园,255.8,123.3,5.4,396.0,780.5,599.2,181.3,1260,776
2026-01-13,文华街道,学府花园,225.2,115.1,6.3,380.2,726.8,574.0,152.8,1260,773
2026-01-14,文华街道,学府花园,272.8,117.9,6.4,375.1,772.3,593.3,178.9,1260,852
2026-01-15,文华街道,学府花园,279.1,132.4,5.7,346.7,764.0,605.9,158.1,1260,859
2026-01-16,文华街道,学府花园,254.0,108.2,5.9,334.8,702.9,568.1,134.8,1260,812
2026-01-17,文华街道,学府花园,344.0,156.7,6.9,510.8,1018.5,806.2,212.2,1260,935
2026-01-18,文华街道,学府花园,311.7,142.3,6.1,462.1,922.2,731.0,191.1,1260,831
2026-01-19,文华街道,学府花园,310.2,122.6,6.8,390.4,829.9,642.8,187.1,1260,873
2026-01-20,文华街道,学府花园,314.1,123.5,6.3,375.0,818.9,670.8,148.1,1260,863
2026-01-21,文华街道,学府花园,239.5,104.0,6.4,389.3,739.1,584.7,154.5,1260,770
2026-01-22,文华街道,学府花园,234.8,110.8,6.3,384.5,736.3,582.3,154.0,1260,775
2026-01-23,文华街道,学府花园,278.9,135.0,6.2,421.1,841.2,679.0,162.2,1260,883
2026-01-24,文华街道,学府花园,326.4,154.1,6.4,486.5,973.5,775.7,197.8,1260,856
2026-01-25,文华街道,学府花园,315.5,135.2,6.3,451.2,908.2,701.2,207.0,1260,865
2026-01-26,文华街道,学府花园,271.4,110.7,6.6,361.0,749.7,585.0,164.7,1260,834
2026-01-27,文华街道,学府花园,310.6,133.5,7.4,379.3,830.8,638.2,192.6,1260,876
2026-01-28,文华街道,学府花园,247.5,120.6,7.9,372.8,748.9,587.6,161.2,1260,887
2026-01-29,文华街道,学府花园,252.8,121.5,6.3,397.7,778.3,620.7,157.6,1260,862
2026-01-30,文华街道,学府花园,277.4,123.6,5.8,387.6,794.4,637.1,157.4,1260,863
2026-01-31,文华街道,学府花园,363.8,161.3,9.8,481.5,1016.5,800.5,216.0,1260,949
2026-02-01,文华街道,学府花园,302.2,128.8,7.9,430.3,869.2,693.4,175.8,1260,904
2026-02-02,文华街道,学府花园,265.4,127.7,6.9,364.6,764.6,593.5,171.1,1260,850
2026-02-03,文华街道,学府花园,259.3,126.0,6.3,379.6,771.3,627.1,144.2,1260,882
2026-02-04,文华街道,学府花园,271.3,121.1,7.8,370.6,770.8,639.2,131.6,1260,859
2026-02-05,文华街道,学府花园,256.8,133.2,5.5,389.8,785.3,617.3,168.0,1260,879
2026-02-06,文华街道,学府花园,281.6,123.9,7.7,335.8,749.0,574.3,174.7,1260,814
2026-02-07,文华街道,学府花园,357.2,140.5,6.8,449.7,954.2,752.6,201.7,1260,930
2026-02-08,文华街道,学府花园,331.5,145.7,8.5,439.4,925.0,774.7,150.4,1260,899
2026-02-09,文华街道,学府花园,276.6,98.4,6.3,399.9,781.2,637.9,143.3,1260,806
2026-02-10,文华街道,学府花园,261.4,114.8,8.5,402.8,787.5,636.4,151.1,1260,870
2026-02-11,文华街道,学府花园,269.6,127.6,7.1,381.7,786.1,638.0,148.1,1260,857
2026-02-12,文华街道,学府花园,292.4,118.7,8.5,406.4,826.0,636.2,189.9,1260,890
2026-02-13,文华街道,学府花园,295.5,127.1,6.9,449.6,879.1,703.6,175.5,1260,887
2026-02-14,文华街道,学府花园,346.0,157.8,9.1,480.0,992.9,788.7,204.2,1260,945
2026-02-15,文华街道,学府花园,328.3,165.1,8.3,467.4,968.9,793.0,175.9,1260,927
2026-02-16,文华街道,学府花园,262.9,111.3,7.4,359.8,741.4,604.6,136.8,1260,823
2026-02-17,文华街道,学府花园,274.4,142.1,6.3,362.7,785.5,635.6,149.8,1260,877
2026-02-18,文华街道,学府花园,270.5,109.1,5.0,328.6,713.2,578.4,134.8,1260,773
2026-02-19,文华街道,学府花园,256.8,126.6,6.6,380.1,770.1,590.1,180.1,1260,869
2026-02-20,文华街道,学府花园,301.0,116.8,7.0,380.3,805.1,647.9,157.2,1260,878
2026-02-21,文华街道,学府花园,318.6,138.3,7.4,459.6,923.9,748.8,175.1,1260,888
2026-02-22,文华街道,学府花园,324.5,149.3,6.4,488.9,969.0,791.4,177.6,1260,913
2026-02-23,文华街道,学府花园,279.5,137.2,7.3,389.6,813.6,643.1,170.5,1260,862
2026-02-24,文华街道,学府花园,278.3,109.5,6.9,402.4,797.1,624.3,172.9,1260,884
2026-02-25,文华街道,学府花园,270.8,118.5,8.2,353.6,751.0,586.5,164.6,1260,850
2026-02-26,文华街道,学府花园,282.6,120.6,5.3,360.3,768.8,639.8,129.0,1260,853
2026-02-27,文华街道,学府花园,262.7,116.6,7.3,413.0,799.6,628.6,171.0,1260,892
2026-02-28,文华街道,学府花园,294.2,147.9,8.7,446.1,896.9,731.5,165.4,1260,880
2026-03-01,文华街道,学府花园,341.8,143.3,9.0,496.2,990.2,784.9,205.3,1260,907
2026-03-02,文华街道,学府花园,241.6,105.5,5.6,358.2,710.9,572.0,138.9,1260,787
2026-03-03,文华街道,学府花园,267.7,111.7,6.7,375.0,761.1,612.8,148.3,1260,797
2026-03-04,文华街道,学府花园,288.1,143.5,6.4,445.4,883.3,695.6,187.7,1260,908
2026-03-05,文华街道,学府花园,289.2,145.8,7.3,449.5,891.8,700.1,191.7,1260,957
2026-03-06,文华街道,学府花园,221.6,140.1,6.6,308.9,677.2,542.2,135.1,1260,819
2026-03-07,文华街道,学府花园,334.9,144.5,7.6,528.4,1015.4,831.4,184.0,1260,950
2026-03-08,文华街道,学府花园,385.6,154.8,6.2,499.8,1046.3,852.9,193.5,1260,979
2026-03-09,文华街道,学府花园,286.9,129.5,7.5,382.0,805.8,653.3,152.5,1260,863
2026-03-10,文华街道,学府花园,276.5,137.6,10.0,396.3,820.4,665.0,155.3,1260,945
2026-03-11,文华街道,学府花园,264.7,134.0,6.9,405.3,811.0,664.5,146.5,1260,904
2026-03-12,文华街道,学府花园,289.2,122.8,6.8,401.2,820.0,652.3,167.7,1260,910
2026-03-13,文华街道,学府花园,271.7,121.9,8.1,384.9,786.5,615.0,171.6,1260,843
2026-03-14,文华街道,学府花园,331.5,141.2,7.0,465.3,944.9,760.4,184.5,1260,885
2026-03-15,文华街道,学府花园,340.2,141.0,6.8,508.6,996.6,819.9,176.7,1260,934
2026-03-16,文华街道,学府花园,277.9,105.2,6.5,375.4,765.0,607.1,157.8,1260,810
2026-03-17,文华街道,学府花园,251.3,119.4,6.9,303.9,681.4,546.1,135.4,1260,767
2026-03-18,文华街道,学府花园,243.3,120.9,6.9,366.7,737.8,619.4,118.3,1260,811
2026-03-19,文华街道,学府花园,290.8,112.5,8.8,415.4,827.5,654.6,172.9,1260,911
2026-03-20,文华街道,学府花园,325.8,120.5,7.1,414.4,867.7,712.7,155.0,1260,882
2026-03-21,文华街道,学府花园,294.2,152.7,7.5,489.6,944.0,762.6,181.4,1260,954
2026-03-22,文华街道,学府花园,342.0,156.7,7.6,510.9,1017.3,811.3,206.0,1260,958
2026-03-23,文华街道,学府花园,292.1,122.9,6.4,387.3,808.8,668.9,139.9,1260,868
2026-03-24,文华街道,学府花园,284.1,115.9,6.8,362.2,768.9,612.2,156.7,1260,882
2026-03-25,文华街道,学府花园,307.1,134.3,5.9,392.2,839.4,669.9,169.6,1260,861
2026-03-26,文华街道,学府花园,269.9,115.9,9.0,373.9,768.8,619.1,149.7,1260,852
2026-03-27,文华街道,学府花园,257.2,117.7,5.2,333.8,714.0,576.5,137.5,1260,765
2026-03-28,文华街道,学府花园,349.7,145.4,9.8,459.3,964.2,792.0,172.2,1260,924
2026-03-29,文华街道,学府花园,375.6,143.8,8.9,521.0,1049.4,904.3,145.1,1260,971
2026-03-30,文华街道,学府花园,264.2,111.9,6.0,387.9,770.0,587.6,182.4,1260,808
2026-03-31,文华街道,学府花园,259.5,122.9,5.2,368.2,755.8,593.6,162.2,1260,843
2026-04-01,文华街道,学府花园,286.1,127.2,6.1,397.7,817.1,634.1,183.0,1260,856
2026-04-02,文华街道,学府花园,291.8,101.4,8.4,402.3,803.9,646.1,157.8,1260,919
2026-04-03,文华街道,学府花园,258.5,123.9,7.6,404.7,794.8,637.5,157.3,1260,880
2026-04-04,文华街道,学府花园,335.5,148.2,7.6,509.9,1001.3,809.3,192.0,1260,968
2026-04-05,文华街道,学府花园,366.0,158.3,8.1,528.3,1060.7,862.5,198.2,1260,977
2026-04-06,文华街道,学府花园,273.0,112.9,7.1,350.9,743.9,603.5,140.3,1260,799
2026-04-07,文华街道,学府花园,236.2,114.0,7.6,357.9,715.6,554.0,161.6,1260,781
2026-04-08,文华街道,学府花园,291.0,105.6,9.2,422.0,827.8,652.4,175.4,1260,838
2026-04-09,文华街道,学府花园,276.5,127.1,8.1,381.7,793.4,670.7,122.6,1260,882
2026-04-10,文华街道,学府花园,261.8,132.5,6.3,387.9,788.4,620.7,167.8,1260,857
2026-04-11,文华街道,学府花园,364.8,162.5,6.7,538.7,1072.8,897.6,175.2,1260,979
2026-04-12,文华街道,学府花园,351.8,130.9,7.5,447.1,937.4,789.0,148.3,1260,860
2026-04-13,文华街道,学府花园,259.3,125.6,6.6,357.8,749.2,603.8,145.4,1260,860
2026-04-14,文华街道,学府花园,253.6,119.1,5.9,390.3,768.9,606.2,162.7,1260,818
2026-04-15,文华街道,学府花园,274.2,134.0,5.6,425.4,839.2,675.5,163.7,1260,856
2026-04-16,文华街道,学府花园,297.8,118.3,7.2,377.7,801.1,660.3,140.7,1260,867
2026-04-17,文华街道,学府花园,268.3,124.3,7.9,360.3,760.7,627.2,133.6,1260,841
2026-04-18,文华街道,学府花园,288.8,135.4,8.1,461.8,894.2,744.5,149.7,1260,893
2026-04-19,文华街道,学府花园,343.4,157.7,5.9,479.4,986.4,798.4,188.0,1260,932
2026-04-20,文华街道,学府花园,240.4,111.0,6.5,367.5,725.3,587.0,138.4,1260,816
2026-04-21,文华街道,学府花园,264.1,121.2,8.1,332.8,726.2,578.8,147.4,1260,845
2026-04-22,文华街道,学府花园,285.0,132.8,6.2,411.0,835.0,683.2,151.8,1260,863
2026-04-23,文华街道,学府花园,275.0,122.5,6.0,402.8,806.4,632.6,173.8,1260,872
2026-04-24,文华街道,学府花园,269.0,124.6,6.4,405.8,805.7,673.2,132.5,1260,831
2026-04-25,文华街道,学府花园,321.1,150.6,7.4,497.8,976.9,792.6,184.4,1260,926
2026-04-26,文华街道,学府花园,342.4,162.9,8.0,523.2,1036.5,837.1,199.5,1260,905
2026-04-27,文华街道,学府花园,295.6,139.9,8.5,374.0,818.1,668.4,149.7,1260,887
2026-04-28,文华街道,学府花园,277.4,106.5,5.6,386.1,775.6,637.1,138.5,1260,877
2026-04-29,文华街道,学府花园,285.2,114.1,6.9,360.4,766.7,598.5,168.2,1260,854
2026-04-30,文华街道,学府花园,260.6,116.9,5.9,411.5,794.9,645.8,149.1,1260,887
2026-05-01,文华街道,学府花园,276.9,125.3,7.3,380.9,790.4,644.7,145.7,1260,872
2026-05-02,文华街道,学府花园,340.2,177.5,7.1,492.3,1017.1,827.2,189.9,1260,935
2026-05-03,文华街道,学府花园,347.0,177.4,7.7,595.3,1127.5,939.3,188.1,1260,990
2026-05-04,文华街道,学府花园,261.8,129.0,6.7,371.3,768.8,629.9,138.9,1260,828
2026-05-05,文华街道,学府花园,272.1,111.8,8.9,360.0,752.8,621.6,131.2,1260,861
2026-05-06,文华街道,学府花园,285.2,113.0,6.1,414.2,818.5,667.7,150.8,1260,892
2026-05-07,文华街道,学府花园,260.7,103.9,7.0,353.9,725.5,579.5,146.0,1260,796
2026-05-08,文华街道,学府花园,261.8,114.8,6.7,368.0,751.4,607.3,144.1,1260,876
2026-05-09,文华街道,学府花园,312.0,142.4,7.5,466.0,928.0,777.3,150.7,1260,925
2026-05-10,文华街道,学府花园,407.6,169.3,6.0,485.7,1068.6,889.0,179.6,1260,959
2026-05-11,文华街道,学府花园,271.1,120.2,5.9,388.9,786.2,635.2,151.0,1260,896
2026-05-12,文华街道,学府花园,256.9,130.5,7.4,355.6,750.4,602.3,148.2,1260,862
2026-05-13,文华街道,学府花园,282.7,129.8,6.5,348.5,767.4,624.1,143.3,1260,815
2026-05-14,文华街道,学府花园,272.5,133.9,7.9,408.8,823.1,659.1,164.0,1260,857
2026-05-15,文华街道,学府花园,253.6,116.8,5.5,380.4,756.3,617.0,139.3,1260,830
2026-05-16,文华街道,学府花园,363.4,132.8,9.4,451.3,956.9,803.0,153.8,1260,958
2026-05-17,文华街道,学府花园,361.0,139.5,6.5,505.4,1012.4,832.2,180.2,1260,960
2026-05-18,文华街道,学府花园,272.6,103.2,7.3,355.1,738.1,606.7,131.4,1260,832
2026-05-19,文华街道,学府花园,298.8,124.3,6.4,400.5,830.0,675.8,154.2,1260,871
2026-05-20,文华街道,学府花园,287.6,118.1,6.6,422.8,835.1,711.0,124.2,1260,902
2026-05-21,文华街道,学府花园,304.9,123.8,5.9,448.2,882.9,703.5,179.4,1260,874
2026-05-22,文华街道,学府花园,308.5,122.4,8.0,391.8,830.6,701.4,129.2,1260,893
2026-05-23,文华街道,学府花园,350.1,170.6,8.6,552.5,1081.8,865.8,216.0,1260,1035
2026-05-24,文华街道,学府花园,346.6,156.3,7.5,481.4,991.7,816.3,175.4,1260,934
2026-05-25,文华街道,学府花园,313.9,135.2,6.9,402.5,858.6,677.4,181.2,1260,950
2026-05-26,文华街道,学府花园,288.3,109.1,8.8,412.3,818.4,677.8,140.6,1260,868
2026-05-27,文华街道,学府花园,298.4,112.2,9.2,413.2,833.0,675.8,157.2,1260,892
2026-05-28,文华街道,学府花园,282.8,118.6,7.2,375.5,784.0,627.3,156.8,1260,833
2026-05-29,文华街道,学府花园,282.4,124.8,10.2,423.4,840.8,668.1,172.6,1260,893
2026-05-30,文华街道,学府花园,391.7,169.1,7.5,523.8,1092.0,918.8,173.2,1260,1040
2026-05-31,文华街道,学府花园,329.8,167.3,7.7,504.3,1009.1,795.1,214.0,1260,967
2026-06-01,文华街道,学府花园,321.0,130.3,6.5,443.8,901.7,737.3,164.4,1260,933
2026-06-02,文华街道,学府花园,271.0,126.9,6.2,379.0,783.1,627.2,155.9,1260,822
2026-06-03,文华街道,学府花园,310.3,124.5,6.2,374.4,815.4,661.3,154.1,1260,908
2026-06-04,文华街道,学府花园,274.2,124.8,6.2,373.4,778.6,650.3,128.4,1260,838
2026-06-05,文华街道,学府花园,257.6,116.8,8.2,421.3,803.9,672.4,131.5,1260,850
2026-06-06,文华街道,学府花园,359.7,129.2,7.6,473.3,969.8,803.7,166.1,1260,917
2026-06-07,文华街道,学府花园,346.4,162.5,7.3,506.4,1022.6,873.1,149.6,1260,996
2026-06-08,文华街道,学府花园,281.0,131.2,8.7,397.4,818.3,678.9,139.5,1260,868
2026-06-09,文华街道,学府花园,295.3,122.2,6.9,379.5,803.8,659.6,144.2,1260,839
2026-06-10,文华街道,学府花园,307.3,144.9,7.5,455.0,914.7,754.6,160.1,1260,910
2026-06-11,文华街道,学府花园,254.2,123.8,8.9,377.1,764.0,639.8,124.2,1260,878
2026-06-12,文华街道,学府花园,300.3,120.4,6.2,413.0,840.0,688.8,151.2,1260,887
2026-06-13,文华街道,学府花园,359.2,151.5,9.3,476.6,996.6,814.3,182.3,1260,874
2026-06-14,文华街道,学府花园,348.6,160.7,7.1,465.0,981.3,827.0,154.4,1260,958
2026-06-15,文华街道,学府花园,276.1,118.0,8.1,407.8,810.0,658.1,151.9,1260,929
2026-06-16,文华街道,学府花园,302.0,122.2,8.9,431.9,865.0,715.5,149.5,1260,918
2026-06-17,文华街道,学府花园,288.0,120.2,5.5,414.2,827.9,678.0,149.9,1260,880
2026-06-18,文华街道,学府花园,262.0,127.9,5.4,355.7,751.0,624.0,127.0,1260,794
2026-06-19,文华街道,学府花园,322.8,123.1,7.9,487.2,941.0,767.1,173.9,1260,943
2026-06-20,文华街道,学府花园,357.9,144.6,9.8,474.4,986.7,808.3,178.4,1260,943
2026-06-21,文华街道,学府花园,353.6,139.6,7.7,494.6,995.5,801.8,193.7,1260,924
2026-06-22,文华街道,学府花园,280.7,127.2,6.3,390.1,804.3,640.8,163.5,1260,859
2026-06-23,文华街道,学府花园,299.8,123.4,7.8,398.6,829.5,674.7,154.8,1260,908
2026-06-24,文华街道,学府花园,331.3,122.4,7.0,388.7,849.4,702.2,147.2,1260,898
2026-06-25,文华街道,学府花园,287.4,128.2,7.2,381.5,804.3,643.3,161.0,1260,863
2026-06-26,文华街道,学府花园,261.8,106.8,8.3,425.1,802.0,649.3,152.7,1260,846
2026-06-27,文华街道,学府花园,357.2,156.3,7.0,525.5,1046.1,832.3,213.8,1260,955
2026-06-28,文华街道,学府花园,346.1,141.7,8.4,480.1,976.3,818.0,158.3,1260,983
2026-06-29,文华街道,学府花园,248.9,106.6,6.1,365.7,727.3,609.1,118.2,1260,800
2026-06-30,文华街道,学府花园,303.0,125.0,9.9,442.6,880.5,726.9,153.6,1260,905
2026-07-01,文华街道,学府花园,276.7,127.1,6.1,378.5,788.4,645.4,143.1,1260,882
2026-07-02,文华街道,学府花园,297.4,120.6,6.9,399.0,823.9,646.9,177.0,1260,872
2026-07-03,文华街道,学府花园,299.8,127.4,8.2,431.1,866.5,698.5,168.0,1260,888
2026-07-04,文华街道,学府花园,332.7,173.4,7.7,482.9,996.8,845.4,151.4,1260,923
2026-07-05,文华街道,学府花园,363.8,152.6,7.0,481.7,1005.2,824.9,180.2,1260,947
2026-07-06,文华街道,学府花园,301.3,132.3,6.1,417.2,856.9,724.6,132.3,1260,912
2026-07-07,文华街道,学府花园,297.6,128.3,7.9,395.9,829.6,699.7,129.9,1260,877
2026-07-08,文华街道,学府花园,266.8,123.3,7.0,399.8,796.9,669.5,127.4,1260,832
2026-07-09,文华街道,学府花园,251.5,118.8,7.5,408.4,786.1,645.6,140.4,1260,867
2026-07-10,文华街道,学府花园,281.3,129.2,6.8,430.0,847.4,677.1,170.3,1260,932
2026-07-11,文华街道,学府花园,401.2,162.2,7.2,519.2,1089.8,913.1,176.7,1260,976
2026-07-12,文华街道,学府花园,379.7,138.2,8.3,496.5,1022.7,891.0,131.7,1260,975
2026-07-13,文华街道,学府花园,285.4,118.0,7.3,394.6,805.2,653.8,151.4,1260,886
2026-07-14,文华街道,学府花园,293.3,135.7,7.8,403.1,839.8,702.7,137.0,1260,896
2026-07-15,文华街道,学府花园,274.8,126.1,7.7,442.1,850.7,669.2,181.5,1260,907
2026-07-16,文华街道,学府花园,251.9,122.4,7.1,356.7,738.2,632.9,105.3,1260,852
2026-07-17,文华街道,学府花园,270.5,117.7,6.6,404.3,799.1,658.3,140.7,1260,910
2026-07-18,文华街道,学府花园,346.3,180.7,6.5,466.8,1000.3,849.0,151.4,1260,938
2026-07-19,文华街道,学府花园,372.7,183.8,8.3,454.1,1019.0,864.5,154.5,1260,988
2026-07-20,文华街道,学府花园,301.1,131.0,5.5,422.6,860.1,710.4,149.7,1260,866
2026-07-21,文华街道,学府花园,278.7,136.9,5.2,404.4,825.2,694.1,131.1,1260,875
2026-07-22,文华街道,学府花园,294.1,124.8,6.3,379.0,804.1,678.6,125.6,1260,884
2026-07-23,文华街道,学府花园,252.0,122.0,6.4,361.4,741.8,620.9,120.9,1260,863
2026-07-24,文华街道,学府花园,293.5,117.8,7.9,438.6,857.7,708.0,149.7,1260,916
2026-07-25,文华街道,学府花园,348.2,173.3,8.4,485.4,1015.2,889.3,125.9,1260,1005
2026-07-26,文华街道,学府花园,404.5,151.9,8.2,545.3,1109.8,933.7,176.1,1260,1023
2026-07-27,文华街道,学府花园,265.8,116.8,5.0,379.1,766.7,608.0,158.7,1260,823
2026-07-28,文华街道,学府花园,282.3,128.8,7.5,357.9,776.5,655.2,121.3,1260,879
2026-07-29,文华街道,学府花园,265.0,137.3,7.7,367.1,777.1,627.8,149.3,1260,872
2026-07-30,文华街道,学府花园,286.3,139.4,9.2,450.2,885.0,726.0,159.0,1260,930
2026-07-31,文华街道,学府花园,290.0,159.7,7.8,450.7,908.1,751.4,156.7,1260,935
2026-08-01,文华街道,学府花园,371.1,145.9,6.8,498.9,1022.6,854.3,168.4,1260,976
2026-08-02,文华街道,学府花园,319.7,158.8,5.9,495.4,979.9,844.4,135.4,1260,888
2026-08-03,文华街道,学府花园,272.5,139.7,6.2,348.4,766.8,620.8,146.0,1260,859
2026-08-04,文华街道,学府花园,274.1,143.0,7.5,417.2,841.9,677.4,164.4,1260,929
2026-08-05,文华街道,学府花园,278.8,109.9,8.5,365.6,762.7,637.1,125.7,1260,864
2026-08-06,文华街道,学府花园,265.0,116.2,10.7,384.4,776.3,650.4,125.9,1260,855
2026-08-07,文华街道,学府花园,256.4,121.2,9.3,402.7,789.6,643.6,146.0,1260,877
2026-08-08,文华街道,学府花园,335.2,150.9,6.6,488.7,981.4,842.2,139.2,1260,922
2026-08-09,文华街道,学府花园,356.3,171.6,7.5,495.1,1030.6,879.1,151.5,1260,977
2026-08-10,文华街道,学府花园,246.2,111.3,7.2,414.1,778.8,666.5,112.3,1260,852
2026-08-11,文华街道,学府花园,308.3,133.4,6.8,486.7,935.2,765.0,170.2,1260,962
2026-08-12,文华街道,学府花园,313.0,121.9,7.6,420.1,862.7,713.6,149.1,1260,844
2026-08-13,文华街道,学府花园,298.9,138.2,7.4,418.4,863.0,725.7,137.3,1260,931
2026-08-14,文华街道,学府花园,289.9,128.1,8.0,411.0,837.0,696.4,140.6,1260,879
2026-08-15,文华街道,学府花园,362.4,166.4,9.9,487.4,1026.0,900.7,125.3,1260,997
2026-08-16,文华街道,学府花园,360.5,149.5,7.4,444.1,961.4,844.3,117.2,1260,928
2026-08-17,文华街道,学府花园,248.0,129.8,8.8,365.3,751.9,636.3,115.6,1260,845
2026-08-18,文华街道,学府花园,294.1,143.9,7.2,428.9,874.1,741.2,132.9,1260,924
2026-08-19,文华街道,学府花园,291.1,124.1,6.6,427.9,849.7,686.0,163.7,1260,848
2026-08-20,文华街道,学府花园,266.8,126.3,6.4,411.7,811.2,700.9,110.3,1260,910
2026-08-21,文华街道,学府花园,237.2,120.5,4.8,374.8,737.2,599.4,137.8,1260,849
2026-08-22,文华街道,学府花园,320.7,148.9,6.6,486.7,962.8,822.6,140.2,1260,930
2026-08-23,文华街道,学府花园,343.5,153.3,9.7,499.1,1005.7,828.0,177.7,1260,953
2026-08-24,文华街道,学府花园,282.2,119.2,7.0,407.0,815.3,684.0,131.3,1260,870
2026-08-25,文华街道,学府花园,273.2,118.2,7.2,387.0,785.6,644.9,140.7,1260,879
2026-08-26,文华街道,学府花园,307.7,142.6,9.3,440.7,900.3,771.4,128.9,1260,995
2026-08-27,文华街道,学府花园,320.1,137.9,9.5,452.4,920.0,747.0,173.0,1260,960
2026-08-28,文华街道,学府花园,266.2,132.1,7.6,381.4,787.3,652.7,134.6,1260,857
2026-08-29,文华街道,学府花园,371.3,155.8,10.2,514.9,1052.2,919.3,132.9,1260,951
2026-08-30,文华街道,学府花园,349.3,144.3,6.2,500.8,1000.6,843.2,157.4,1260,950
2026-08-31,文华街道,学府花园,278.2,122.9,7.0,436.5,844.6,692.8,151.8,1260,874
2026-09-01,文华街道,学府花园,305.4,146.1,7.4,426.4,885.3,750.3,135.0,1260,980
2026-09-02,文华街道,学府花园,243.8,115.2,5.2,370.2,734.4,642.0,92.4,1260,871
2026-09-03,文华街道,学府花园,255.2,139.0,5.4,402.8,802.4,658.1,144.3,1260,902
2026-09-04,文华街道,学府花园,304.6,143.5,7.1,407.9,863.0,716.1,146.9,1260,932
2026-09-05,文华街道,学府花园,387.4,165.5,8.3,517.4,1078.7,922.3,156.4,1260,1002
2026-09-06,文华街道,学府花园,377.2,162.6,7.8,550.9,1098.5,939.2,159.3,1260,1040
2026-09-07,文华街道,学府花园,301.9,120.1,7.4,457.1,886.5,706.9,179.6,1260,895
2026-09-08,文华街道,学府花园,239.9,112.0,5.8,369.5,727.2,612.0,115.2,1260,816
2026-09-09,文华街道,学府花园,283.2,130.1,7.8,434.0,855.2,710.1,145.1,1260,945
2026-09-10,文华街道,学府花园,260.2,111.9,7.4,380.2,759.6,636.8,122.9,1260,809
2026-09-11,文华街道,学府花园,316.5,140.0,7.6,466.8,930.9,781.9,149.0,1260,912
2026-09-12,文华街道,学府花园,338.0,143.6,5.1,457.3,944.0,789.4,154.5,1260,919
2026-09-13,文华街道,学府花园,337.6,155.2,7.8,519.1,1019.7,870.7,149.1,1260,961
2026-09-14,文华街道,学府花园,279.9,125.6,9.6,395.3,810.4,667.9,142.6,1260,934
2026-09-15,文华街道,学府花园,259.7,120.7,7.6,383.4,771.5,635.5,136.0,1260,853
2026-09-16,文华街道,学府花园,261.6,105.7,7.6,403.3,778.2,645.8,132.5,1260,854
2026-09-17,文华街道,学府花园,309.3,129.4,9.0,388.1,835.8,697.8,138.0,1260,917
2026-09-18,文华街道,学府花园,293.7,110.2,8.8,411.0,823.7,683.1,140.6,1260,883
2026-09-19,文华街道,学府花园,342.5,163.2,9.0,476.9,991.7,871.8,119.9,1260,962
2026-01-01,文华街道,文昌里,252.9,123.2,5.1,344.4,725.6,523.5,202.1,1343,778
2026-01-02,文华街道,文昌里,340.4,134.6,8.5,440.5,923.9,694.0,229.9,1343,929
2026-01-03,文华街道,文昌里,327.8,150.4,9.0,492.5,979.7,731.2,248.5,1343,947
2026-01-04,文华街道,文昌里,321.9,131.5,9.3,540.6,1003.3,791.9,211.4,1343,972
2026-01-05,文华街道,文昌里,293.0,130.3,6.6,413.7,843.7,642.9,200.8,1343,868
2026-01-06,文华街道,文昌里,279.2,112.7,6.2,443.5,841.5,632.2,209.4,1343,862
2026-01-07,文华街道,文昌里,287.3,120.9,7.7,397.9,813.7,603.3,210.4,1343,867
2026-01-08,文华街道,文昌里,270.7,140.6,7.5,377.1,795.9,590.4,205.5,1343,874
2026-01-09,文华街道,文昌里,264.9,112.1,5.8,348.7,731.4,558.5,172.9,1343,815
2026-01-10,文华街道,文昌里,331.0,141.6,7.9,459.7,940.2,764.6,175.6,1343,923
2026-01-11,文华街道,文昌里,337.0,142.9,6.4,464.1,950.4,712.6,237.9,1343,918
2026-01-12,文华街道,文昌里,269.4,138.5,8.1,418.6,834.6,625.1,209.5,1343,828
2026-01-13,文华街道,文昌里,298.1,139.2,7.9,405.1,850.3,635.4,215.0,1343,919
2026-01-14,文华街道,文昌里,251.0,120.9,8.0,399.0,778.8,599.9,178.8,1343,872
2026-01-15,文华街道,文昌里,267.1,114.2,6.4,355.1,742.8,568.9,173.9,1343,822
2026-01-16,文华街道,文昌里,281.2,142.9,7.4,418.8,850.3,658.1,192.3,1343,866
2026-01-17,文华街道,文昌里,312.5,148.5,4.9,476.1,942.0,729.4,212.6,1343,905
2026-01-18,文华街道,文昌里,333.0,132.6,9.0,461.5,936.0,725.5,210.5,1343,910
2026-01-19,文华街道,文昌里,281.5,118.9,6.5,393.2,800.1,592.0,208.1,1343,874
2026-01-20,文华街道,文昌里,278.1,130.5,7.0,401.5,817.2,638.8,178.4,1343,871
2026-01-21,文华街道,文昌里,272.9,112.0,8.0,431.5,824.4,626.7,197.7,1343,876
2026-01-22,文华街道,文昌里,267.6,129.1,7.1,472.0,875.7,646.1,229.6,1343,859
2026-01-23,文华街道,文昌里,322.6,133.5,7.4,413.6,877.2,659.6,217.5,1343,914
2026-01-24,文华街道,文昌里,337.0,153.4,7.4,450.3,948.0,729.6,218.4,1343,965
2026-01-25,文华街道,文昌里,340.8,168.2,6.1,498.6,1013.6,795.6,218.0,1343,962
2026-01-26,文华街道,文昌里,275.3,119.1,6.5,382.7,783.5,591.7,191.8,1343,856
2026-01-27,文华街道,文昌里,303.7,110.3,6.9,386.1,807.0,631.0,175.9,1343,829
2026-01-28,文华街道,文昌里,300.2,125.1,8.9,384.4,818.6,615.8,202.9,1343,908
2026-01-29,文华街道,文昌里,293.8,125.7,6.9,387.9,814.2,608.4,205.8,1343,875
2026-01-30,文华街道,文昌里,261.8,112.0,8.7,371.5,754.0,586.4,167.5,1343,862
2026-01-31,文华街道,文昌里,370.3,147.6,6.7,563.9,1088.5,842.8,245.6,1343,974
2026-02-01,文华街道,文昌里,338.7,142.4,7.8,426.5,915.4,691.3,224.1,1343,900
2026-02-02,文华街道,文昌里,294.3,118.1,6.1,402.5,821.0,622.4,198.6,1343,883
2026-02-03,文华街道,文昌里,293.0,120.1,6.2,392.9,812.2,599.6,212.6,1343,907
2026-02-04,文华街道,文昌里,266.8,126.5,7.6,417.2,818.1,600.3,217.8,1343,875
2026-02-05,文华街道,文昌里,313.3,128.8,7.6,392.1,841.8,645.2,196.6,1343,901
2026-02-06,文华街道,文昌里,301.0,134.2,6.6,449.9,891.7,663.5,228.2,1343,907
2026-02-07,文华街道,文昌里,316.4,162.5,6.0,440.3,925.2,712.2,213.0,1343,890
2026-02-08,文华街道,文昌里,338.1,141.8,6.0,499.7,985.5,814.1,171.4,1343,960
2026-02-09,文华街道,文昌里,261.9,115.5,7.2,487.8,872.4,676.1,196.3,1343,917
2026-02-10,文华街道,文昌里,258.7,102.8,7.0,389.2,757.6,589.3,168.3,1343,870
2026-02-11,文华街道,文昌里,257.0,108.8,8.3,358.4,732.4,554.5,177.9,1343,840
2026-02-12,文华街道,文昌里,285.1,111.7,7.9,371.2,775.9,587.3,188.6,1343,854
2026-02-13,文华街道,文昌里,278.4,136.7,8.6,422.7,846.4,642.4,204.0,1343,922
2026-02-14,文华街道,文昌里,370.6,165.0,7.7,526.4,1069.7,825.5,244.1,1343,1008
2026-02-15,文华街道,文昌里,295.4,152.8,6.2,492.9,947.3,749.6,197.8,1343,911
2026-02-16,文华街道,文昌里,270.0,119.8,6.8,367.7,764.2,582.2,182.0,1343,893
2026-02-17,文华街道,文昌里,270.0,114.4,6.1,362.9,753.5,589.2,164.3,1343,790
2026-02-18,文华街道,文昌里,273.3,124.5,5.8,385.5,789.2,605.8,183.4,1343,839
2026-02-19,文华街道,文昌里,257.5,105.3,5.5,349.0,717.3,512.6,204.7,1343,778
2026-02-20,文华街道,文昌里,236.7,97.6,7.3,358.0,699.6,528.0,171.6,1343,816
2026-02-21,文华街道,文昌里,340.2,144.3,7.3,471.0,962.7,761.8,200.9,1343,905
2026-02-22,文华街道,文昌里,336.4,159.7,9.0,437.0,942.0,721.5,220.6,1343,873
2026-02-23,文华街道,文昌里,263.8,116.1,5.7,343.0,728.6,545.5,183.1,1343,833
2026-02-24,文华街道,文昌里,226.8,92.6,6.4,341.7,667.4,509.1,158.3,1343,713
2026-02-25,文华街道,文昌里,251.4,110.3,7.0,342.9,711.6,555.9,155.7,1343,841
2026-02-26,文华街道,文昌里,277.6,102.2,5.9,338.0,723.7,569.5,154.2,1343,842
2026-02-27,文华街道,文昌里,281.2,119.5,7.3,374.4,782.3,610.4,171.9,1343,849
2026-02-28,文华街道,文昌里,346.5,153.2,11.2,526.1,1037.0,798.7,238.3,1343,919
2026-03-01,文华街道,文昌里,330.4,164.1,7.0,489.5,991.1,739.7,251.4,1343,920
2026-03-02,文华街道,文昌里,289.5,112.2,5.5,364.4,771.6,558.8,212.7,1343,798
2026-03-03,文华街道,文昌里,248.4,111.3,6.4,407.7,773.8,578.3,195.4,1343,847
2026-03-04,文华街道,文昌里,282.4,132.2,6.2,380.7,801.5,620.9,180.6,1343,884
2026-03-05,文华街道,文昌里,270.8,117.0,8.2,412.2,808.2,625.3,182.9,1343,847
2026-03-06,文华街道,文昌里,241.6,102.7,7.1,374.7,726.2,548.3,177.8,1343,788
2026-03-07,文华街道,文昌里,301.4,145.7,7.1,485.6,939.8,714.0,225.7,1343,895
2026-03-08,文华街道,文昌里,318.7,145.5,8.8,476.0,948.9,747.1,201.8,1343,950
2026-03-09,文华街道,文昌里,275.4,135.8,7.1,394.3,812.7,599.0,213.7,1343,891
2026-03-10,文华街道,文昌里,281.1,107.2,6.6,366.5,761.4,602.2,159.2,1343,806
2026-03-11,文华街道,文昌里,259.1,106.9,8.9,362.0,736.9,559.1,177.8,1343,828
2026-03-12,文华街道,文昌里,294.3,124.6,7.4,419.1,845.5,665.6,179.9,1343,900
2026-03-13,文华街道,文昌里,228.4,125.7,4.3,362.4,720.9,553.7,167.1,1343,796
2026-03-14,文华街道,文昌里,320.3,154.3,7.7,569.2,1051.5,814.0,237.5,1343,932
2026-03-15,文华街道,文昌里,329.6,171.2,8.1,515.4,1024.4,799.7,224.6,1343,980
2026-03-16,文华街道,文昌里,301.2,121.9,6.8,438.1,868.0,669.6,198.4,1343,927
2026-03-17,文华街道,文昌里,263.0,102.3,6.8,341.7,713.9,552.9,161.0,1343,797
2026-03-18,文华街道,文昌里,293.4,121.0,8.1,448.1,870.6,662.8,207.8,1343,837
2026-03-19,文华街道,文昌里,282.0,142.2,6.5,413.1,843.8,647.4,196.4,1343,919
2026-03-20,文华街道,文昌里,263.0,115.9,7.8,390.4,777.1,603.0,174.0,1343,887
2026-03-21,文华街道,文昌里,337.2,150.7,8.0,491.2,987.1,743.5,243.6,1343,923
2026-03-22,文华街道,文昌里,353.7,140.1,6.9,429.8,930.5,711.4,219.1,1343,909
2026-03-23,文华街道,文昌里,248.1,112.2,5.6,411.9,777.8,595.7,182.1,1343,873
2026-03-24,文华街道,文昌里,285.6,121.5,6.4,392.8,806.4,590.2,216.2,1343,855
2026-03-25,文华街道,文昌里,238.9,131.1,7.3,383.5,760.8,597.2,163.5,1343,854
2026-03-26,文华街道,文昌里,257.2,107.6,6.6,369.1,740.5,541.1,199.4,1343,847
2026-03-27,文华街道,文昌里,288.6,119.5,6.5,388.8,803.4,608.9,194.5,1343,888
2026-03-28,文华街道,文昌里,328.1,171.7,8.3,416.7,924.7,715.7,209.1,1343,949
2026-03-29,文华街道,文昌里,364.6,150.8,7.7,506.3,1029.4,802.8,226.6,1343,968
2026-03-30,文华街道,文昌里,247.5,128.0,6.4,395.5,777.5,606.6,170.9,1343,802
2026-03-31,文华街道,文昌里,249.9,115.0,7.9,406.7,779.5,639.2,140.2,1343,839
2026-04-01,文华街道,文昌里,283.4,113.7,4.7,386.1,787.9,639.6,148.3,1343,860
2026-04-02,文华街道,文昌里,253.8,117.2,7.4,408.6,787.0,590.3,196.7,1343,888
2026-04-03,文华街道,文昌里,329.4,124.2,9.5,468.7,931.9,717.5,214.3,1343,937
2026-04-04,文华街道,文昌里,341.6,142.4,6.9,521.5,1012.3,790.2,222.1,1343,931
2026-04-05,文华街道,文昌里,315.7,137.4,7.1,495.8,956.1,756.0,200.1,1343,907
2026-04-06,文华街道,文昌里,290.8,127.2,8.4,425.1,851.4,643.1,208.3,1343,898
2026-04-07,文华街道,文昌里,258.2,117.8,8.0,369.5,753.6,561.8,191.7,1343,818
2026-04-08,文华街道,文昌里,258.1,113.8,5.9,401.9,779.7,624.9,154.8,1343,833
2026-04-09,文华街道,文昌里,288.7,115.0,7.9,432.3,843.8,608.4,235.5,1343,842
2026-04-10,文华街道,文昌里,336.3,131.4,7.2,431.8,906.8,700.3,206.5,1343,909
2026-04-11,文华街道,文昌里,331.7,171.4,7.1,515.9,1026.2,825.2,201.0,1343,928
2026-04-12,文华街道,文昌里,350.8,150.9,9.1,485.0,995.8,784.2,211.5,1343,1003
2026-04-13,文华街道,文昌里,265.7,133.6,8.9,415.2,823.3,636.3,186.9,1343,924
2026-04-14,文华街道,文昌里,259.0,119.8,6.5,371.3,756.6,570.6,186.0,1343,851
2026-04-15,文华街道,文昌里,302.2,144.4,9.4,402.3,858.2,668.8,189.5,1343,926
2026-04-16,文华街道,文昌里,247.4,121.7,5.8,391.5,766.3,594.5,171.8,1343,845
2026-04-17,文华街道,文昌里,253.1,128.4,6.6,379.7,767.7,570.3,197.4,1343,869
2026-04-18,文华街道,文昌里,339.3,145.2,7.9,504.6,997.0,800.7,196.3,1343,916
2026-04-19,文华街道,文昌里,360.1,136.2,6.5,467.3,970.1,774.0,196.1,1343,910
2026-04-20,文华街道,文昌里,275.1,113.6,6.1,391.7,786.6,621.1,165.4,1343,815
2026-04-21,文华街道,文昌里,302.1,135.2,9.6,433.9,880.7,666.2,214.6,1343,954
2026-04-22,文华街道,文昌里,244.0,113.2,7.4,369.0,733.5,581.1,152.4,1343,783
2026-04-23,文华街道,文昌里,298.0,106.7,9.0,387.3,801.0,627.2,173.8,1343,905
2026-04-24,文华街道,文昌里,278.9,111.4,5.2,368.2,763.7,593.0,170.7,1343,869
2026-04-25,文华街道,文昌里,304.0,145.0,6.0,436.3,891.3,711.0,180.3,1343,871
2026-04-26,文华街道,文昌里,325.2,153.2,8.0,451.2,937.6,735.3,202.2,1343,941
2026-04-27,文华街道,文昌里,268.5,123.6,6.5,396.0,794.6,615.6,179.0,1343,833
2026-04-28,文华街道,文昌里,294.7,137.4,7.6,366.0,805.8,632.6,173.2,1343,899
2026-04-29,文华街道,文昌里,271.5,122.9,6.0,433.0,833.5,630.6,202.9,1343,853
2026-04-30,文华街道,文昌里,265.0,111.4,6.8,388.5,771.6,593.4,178.3,1343,862
2026-05-01,文华街道,文昌里,296.0,129.6,8.4,415.1,849.1,657.0,192.1,1343,932
2026-05-02,文华街道,文昌里,300.4,143.2,6.8,434.3,884.8,705.2,179.6,1343,881
2026-05-03,文华街道,文昌里,331.8,145.3,7.8,458.0,943.0,744.5,198.5,1343,941
2026-05-04,文华街道,文昌里,283.4,119.5,6.2,375.6,784.8,599.9,184.9,1343,887
2026-05-05,文华街道,文昌里,313.5,119.2,8.4,407.2,848.3,655.7,192.6,1343,947
2026-05-06,文华街道,文昌里,304.2,107.7,7.1,363.6,782.6,606.6,175.9,1343,842
2026-05-07,文华街道,文昌里,302.6,130.0,6.3,470.1,909.1,716.9,192.2,1343,877
2026-05-08,文华街道,文昌里,273.1,124.1,7.4,390.8,795.4,624.6,170.8,1343,843
2026-05-09,文华街道,文昌里,338.2,184.3,10.4,525.1,1058.0,851.3,206.6,1343,967
2026-05-10,文华街道,文昌里,337.5,148.2,5.4,530.4,1021.5,804.9,216.6,1343,935
2026-05-11,文华街道,文昌里,269.4,111.7,6.2,369.9,757.1,603.0,154.1,1343,798
2026-05-12,文华街道,文昌里,278.1,121.9,5.6,399.8,805.5,599.2,206.3,1343,865
2026-05-13,文华街道,文昌里,278.4,153.1,6.1,415.8,853.4,677.9,175.5,1343,882
2026-05-14,文华街道,文昌里,309.8,139.0,8.2,399.5,856.5,667.8,188.7,1343,946
2026-05-15,文华街道,文昌里,289.4,121.8,6.6,417.3,835.2,634.4,200.7,1343,854
2026-05-16,文华街道,文昌里,278.8,156.1,6.9,482.6,924.4,694.8,229.6,1343,880
2026-05-17,文华街道,文昌里,355.7,162.0,8.1,514.4,1040.2,816.9,223.3,1343,974
2026-05-18,文华街道,文昌里,255.0,113.8,6.4,351.5,726.7,585.4,141.3,1343,800
2026-05-19,文华街道,文昌里,295.4,157.7,8.0,410.0,871.1,667.0,204.1,1343,927
2026-05-20,文华街道,文昌里,301.7,110.9,5.3,400.1,818.1,642.4,175.7,1343,870
2026-05-21,文华街道,文昌里,292.2,128.1,5.6,401.4,827.2,653.8,173.4,1343,877
2026-05-22,文华街道,文昌里,257.9,118.9,7.6,437.0,821.4,656.3,165.1,1343,872
2026-05-23,文华街道,文昌里,329.5,158.8,8.3,483.3,979.9,736.9,242.9,1343,947
2026-05-24,文华街道,文昌里,356.4,141.5,9.7,531.9,1039.5,830.2,209.3,1343,978
2026-05-25,文华街道,文昌里,284.2,138.0,6.6,378.8,807.5,634.2,173.3,1343,837
2026-05-26,文华街道,文昌里,250.8,118.3,6.4,384.7,760.2,574.8,185.4,1343,836
2026-05-27,文华街道,文昌里,259.6,122.1,5.4,390.1,777.1,590.0,187.1,1343,859
2026-05-28,文华街道,文昌里,253.0,128.8,6.7,398.0,786.5,605.8,180.7,1343,873
2026-05-29,文华街道,文昌里,254.8,127.4,7.1,369.6,758.8,562.8,196.1,1343,815
2026-05-30,文华街道,文昌里,332.3,151.2,7.3,509.2,1000.0,770.6,229.3,1343,888
2026-05-31,文华街道,文昌里,312.5,153.9,9.4,457.0,932.8,722.9,209.9,1343,940
2026-06-01,文华街道,文昌里,284.6,134.7,9.4,423.0,851.7,677.0,174.7,1343,927
2026-06-02,文华街道,文昌里,264.3,116.3,5.2,338.5,724.4,575.1,149.3,1343,797
2026-06-03,文华街道,文昌里,292.8,122.9,6.9,381.3,803.9,635.6,168.3,1343,856
2026-06-04,文华街道,文昌里,297.7,121.9,8.7,421.8,850.1,667.4,182.7,1343,901
2026-06-05,文华街道,文昌里,287.5,105.4,7.2,433.0,833.2,655.5,177.7,1343,872
2026-06-06,文华街道,文昌里,333.4,157.3,7.3,525.6,1023.6,814.5,209.1,1343,939
2026-06-07,文华街道,文昌里,325.9,171.2,7.1,459.7,963.9,748.2,215.7,1343,918
2026-06-08,文华街道,文昌里,274.8,121.5,6.0,361.3,763.6,566.7,196.9,1343,832
2026-06-09,文华街道,文昌里,335.0,155.0,10.2,502.1,1002.2,815.1,187.2,1343,977
2026-06-10,文华街道,文昌里,297.6,108.0,5.7,352.9,764.1,591.7,172.4,1343,833
2026-06-11,文华街道,文昌里,231.7,105.1,5.3,378.4,720.5,560.1,160.4,1343,789
2026-06-12,文华街道,文昌里,293.6,122.8,8.3,412.4,837.1,652.8,184.3,1343,892
2026-06-13,文华街道,文昌里,329.6,126.3,7.4,451.3,914.6,718.9,195.7,1343,868
2026-06-14,文华街道,文昌里,352.1,154.7,7.7,470.8,985.3,756.0,229.3,1343,946
2026-06-15,文华街道,文昌里,252.3,124.3,7.7,392.5,776.8,614.0,162.8,1343,841
2026-06-16,文华街道,文昌里,276.3,94.6,6.9,403.5,781.3,606.3,175.0,1343,790
2026-06-17,文华街道,文昌里,288.1,125.2,10.0,376.5,799.7,625.8,174.0,1343,880
2026-06-18,文华街道,文昌里,303.7,114.3,7.3,410.3,835.6,637.0,198.6,1343,855
2026-06-19,文华街道,文昌里,317.1,130.6,6.8,413.1,867.6,688.7,178.9,1343,910
2026-06-20,文华街道,文昌里,369.6,173.5,6.6,540.9,1090.7,856.9,233.8,1343,1037
2026-06-21,文华街道,文昌里,369.6,173.7,9.4,496.4,1049.1,825.2,223.9,1343,963
2026-06-22,文华街道,文昌里,272.1,118.4,6.9,363.9,761.3,580.7,180.6,1343,835
2026-06-23,文华街道,文昌里,249.9,103.9,6.3,392.3,752.4,606.1,146.2,1343,809
2026-06-24,文华街道,文昌里,290.7,119.0,7.4,398.8,815.9,632.0,183.9,1343,873
2026-06-25,文华街道,文昌里,277.8,131.9,8.2,433.7,851.7,646.8,204.9,1343,850
2026-06-26,文华街道,文昌里,271.6,118.2,6.4,392.3,788.5,621.7,166.8,1343,852
2026-06-27,文华街道,文昌里,348.8,123.4,6.9,492.3,971.5,776.7,194.8,1343,888
2026-06-28,文华街道,文昌里,381.4,143.2,5.5,489.7,1019.8,818.6,201.2,1343,921
2026-06-29,文华街道,文昌里,277.4,112.7,7.3,350.5,747.9,559.2,188.6,1343,835
2026-06-30,文华街道,文昌里,277.1,107.8,8.1,342.3,735.2,584.7,150.6,1343,800
2026-07-01,文华街道,文昌里,239.4,117.0,8.0,393.1,757.5,620.3,137.2,1343,833
2026-07-02,文华街道,文昌里,275.7,134.7,7.3,390.3,808.0,650.6,157.4,1343,905
2026-07-03,文华街道,文昌里,303.1,116.9,6.4,375.4,801.8,631.4,170.4,1343,870
2026-07-04,文华街道,文昌里,363.2,135.4,7.9,480.0,986.4,819.1,167.3,1343,913
2026-07-05,文华街道,文昌里,363.5,151.6,10.0,489.6,1014.8,830.5,184.3,1343,983
2026-07-06,文华街道,文昌里,231.5,117.0,8.9,317.3,674.7,501.6,173.1,1343,797
2026-07-07,文华街道,文昌里,307.2,115.0,7.6,387.9,817.8,629.8,188.0,1343,875
2026-07-08,文华街道,文昌里,287.0,123.8,6.6,418.3,835.6,694.6,141.1,1343,878
2026-07-09,文华街道,文昌里,250.8,118.2,5.8,360.0,734.8,560.9,173.9,1343,791
2026-07-10,文华街道,文昌里,304.5,128.3,7.5,378.7,819.0,624.3,194.7,1343,915
2026-07-11,文华街道,文昌里,354.5,157.3,7.1,505.5,1024.3,790.7,233.6,1343,934
2026-07-12,文华街道,文昌里,350.5,148.1,7.3,488.8,994.7,817.5,177.3,1343,935
2026-07-13,文华街道,文昌里,305.6,122.7,6.4,418.7,853.4,695.5,158.0,1343,909
2026-07-14,文华街道,文昌里,259.9,160.2,8.0,447.2,875.3,706.1,169.3,1343,941
2026-07-15,文华街道,文昌里,289.8,109.9,4.5,395.8,799.9,602.3,197.7,1343,862
2026-07-16,文华街道,文昌里,294.8,129.3,8.3,445.3,877.6,687.4,190.1,1343,930
2026-07-17,文华街道,文昌里,282.2,127.6,8.1,430.8,848.6,654.7,193.9,1343,910
2026-07-18,文华街道,文昌里,294.7,142.1,8.3,476.4,921.5,739.0,182.5,1343,896
2026-07-19,文华街道,文昌里,352.0,139.6,8.4,511.2,1011.3,809.7,201.7,1343,939
2026-07-20,文华街道,文昌里,256.9,126.4,7.0,431.9,822.2,639.6,182.7,1343,890
2026-07-21,文华街道,文昌里,283.5,105.8,7.0,413.0,809.3,631.8,177.5,1343,907
2026-07-22,文华街道,文昌里,272.9,119.9,5.9,350.9,749.6,589.9,159.7,1343,879
2026-07-23,文华街道,文昌里,287.5,99.0,7.0,430.3,823.8,644.5,179.3,1343,842
2026-07-24,文华街道,文昌里,286.3,127.1,6.6,369.4,789.3,616.4,172.9,1343,872
2026-07-25,文华街道,文昌里,333.5,134.5,6.9,432.2,907.1,732.9,174.2,1343,862
2026-07-26,文华街道,文昌里,342.6,148.6,7.4,567.1,1065.6,875.9,189.7,1343,949
2026-07-27,文华街道,文昌里,303.3,145.1,8.1,412.3,868.7,660.6,208.0,1343,916
2026-07-28,文华街道,文昌里,295.0,138.3,7.1,386.5,826.9,663.6,163.2,1343,881
2026-07-29,文华街道,文昌里,270.2,121.2,6.2,412.9,810.4,626.2,184.3,1343,890
2026-07-30,文华街道,文昌里,245.5,109.7,6.1,374.6,735.9,567.1,168.7,1343,820
2026-07-31,文华街道,文昌里,291.6,131.8,5.3,373.0,801.8,626.4,175.3,1343,887
2026-08-01,文华街道,文昌里,371.1,135.3,7.1,483.5,997.0,808.2,188.7,1343,951
2026-08-02,文华街道,文昌里,357.3,150.6,9.3,540.7,1057.9,850.2,207.7,1343,944
2026-08-03,文华街道,文昌里,294.4,128.7,6.6,400.7,830.4,638.2,192.2,1343,877
2026-08-04,文华街道,文昌里,256.2,127.4,5.9,397.2,786.7,598.1,188.7,1343,874
2026-08-05,文华街道,文昌里,270.5,120.9,8.4,385.2,784.9,623.6,161.3,1343,878
2026-08-06,文华街道,文昌里,290.2,120.2,6.1,384.0,800.5,631.6,168.8,1343,853
2026-08-07,文华街道,文昌里,297.1,116.7,8.0,466.3,888.2,696.7,191.5,1343,931
2026-08-08,文华街道,文昌里,325.2,144.2,7.2,475.5,952.0,782.8,169.2,1343,898
2026-08-09,文华街道,文昌里,352.6,133.2,6.4,437.6,929.9,738.8,191.1,1343,905
2026-08-10,文华街道,文昌里,296.9,115.7,5.8,385.6,804.1,643.0,161.0,1343,880
2026-08-11,文华街道,文昌里,255.7,128.6,6.2,382.6,773.1,607.2,165.9,1343,884
2026-08-12,文华街道,文昌里,256.8,113.0,5.6,344.8,720.1,583.2,137.0,1343,787
2026-08-13,文华街道,文昌里,325.4,155.3,6.9,390.5,878.1,711.8,166.2,1343,954
2026-08-14,文华街道,文昌里,260.0,118.0,6.4,417.4,801.9,631.7,170.2,1343,908
2026-08-15,文华街道,文昌里,338.9,133.8,6.8,437.0,916.5,737.6,178.9,1343,911
2026-08-16,文华街道,文昌里,349.0,146.2,7.0,523.6,1025.9,818.7,207.2,1343,910
2026-08-17,文华街道,文昌里,265.7,109.5,6.8,394.2,776.3,617.6,158.7,1343,860
2026-08-18,文华街道,文昌里,254.4,105.1,6.6,373.1,739.2,557.5,181.7,1343,820
2026-08-19,文华街道,文昌里,277.1,125.1,6.2,410.6,819.0,644.2,174.9,1343,897
2026-08-20,文华街道,文昌里,262.2,115.4,6.9,379.3,763.8,603.5,160.4,1343,827
2026-08-21,文华街道,文昌里,299.2,119.7,6.1,392.1,817.1,633.8,183.3,1343,906
2026-08-22,文华街道,文昌里,375.7,171.6,6.5,515.9,1069.7,828.1,241.5,1343,951
2026-08-23,文华街道,文昌里,305.2,131.5,8.1,415.5,860.3,690.1,170.1,1343,846
2026-08-24,文华街道,文昌里,255.6,116.7,8.8,387.9,768.9,614.2,154.7,1343,871
2026-08-25,文华街道,文昌里,283.5,115.0,6.1,446.8,851.3,685.3,166.0,1343,910
2026-08-26,文华街道,文昌里,270.8,97.7,5.7,364.0,738.2,584.2,154.0,1343,805
2026-08-27,文华街道,文昌里,282.3,127.4,8.3,445.0,863.0,719.8,143.2,1343,908
2026-08-28,文华街道,文昌里,263.7,127.9,8.1,346.9,746.5,585.4,161.1,1343,866
2026-08-29,文华街道,文昌里,331.6,130.2,5.9,494.4,962.0,763.4,198.6,1343,893
2026-08-30,文华街道,文昌里,355.0,163.6,7.1,475.0,1000.6,798.2,202.4,1343,940
2026-08-31,文华街道,文昌里,292.9,125.7,7.8,461.6,888.0,694.1,193.9,1343,919
2026-09-01,文华街道,文昌里,312.1,135.2,8.3,379.0,834.6,663.1,171.5,1343,868
2026-09-02,文华街道,文昌里,273.0,113.4,4.9,389.3,780.6,610.7,169.9,1343,805
2026-09-03,文华街道,文昌里,254.2,126.7,7.5,390.4,778.8,613.0,165.8,1343,870
2026-09-04,文华街道,文昌里,292.9,130.0,8.8,416.7,848.4,666.5,181.9,1343,984
2026-09-05,文华街道,文昌里,378.2,165.9,8.1,492.0,1044.2,820.3,223.9,1343,991
2026-09-06,文华街道,文昌里,364.7,156.9,6.6,511.1,1039.3,832.1,207.2,1343,942
2026-09-07,文华街道,文昌里,258.8,113.2,9.2,356.8,738.0,563.1,174.9,1343,866
2026-09-08,文华街道,文昌里,279.7,127.4,8.9,420.8,836.8,651.4,185.4,1343,899
2026-09-09,文华街道,文昌里,288.4,128.6,7.0,401.4,825.4,647.7,177.7,1343,873
2026-09-10,文华街道,文昌里,270.0,130.0,7.3,347.5,754.9,603.6,151.2,1343,875
2026-09-11,文华街道,文昌里,271.6,132.4,11.1,333.5,748.6,582.7,166.0,1343,859
2026-09-12,文华街道,文昌里,345.1,159.4,7.8,480.1,992.3,804.4,187.9,1343,948
2026-09-13,文华街道,文昌里,366.2,158.2,7.1,593.3,1124.8,906.2,218.6,1343,968
2026-09-14,文华街道,文昌里,282.2,129.2,7.5,364.7,783.5,626.5,157.0,1343,909
2026-09-15,文华街道,文昌里,262.1,109.1,6.8,415.5,793.5,619.1,174.4,1343,849
2026-09-16,文华街道,文昌里,250.0,112.9,5.4,380.8,749.1,595.9,153.2,1343,831
2026-09-17,文华街道,文昌里,274.9,115.7,6.2,389.2,785.9,642.5,143.4,1343,855
2026-09-18,文华街道,文昌里,245.7,119.1,7.9,397.2,769.9,601.4,168.4,1343,846
2026-09-19,文华街道,文昌里,355.9,135.5,8.2,524.9,1024.4,852.4,172.1,1343,919
2026-01-01,文华街道,墨香苑,261.8,117.5,5.9,382.4,767.5,640.8,126.7,1015,848
2026-01-02,文华街道,墨香苑,248.2,107.4,6.7,355.7,718.0,596.5,121.5,1015,798
2026-01-03,文华街道,墨香苑,280.5,113.9,5.6,398.6,798.5,652.5,146.0,1015,790
2026-01-04,文华街道,墨香苑,347.1,120.4,7.9,423.8,899.2,751.1,148.1,1015,827
2026-01-05,文华街道,墨香苑,253.8,107.0,8.5,321.5,690.8,562.4,128.4,1015,815
2026-01-06,文华街道,墨香苑,279.6,108.9,9.6,378.2,776.3,637.7,138.6,1015,803
2026-01-07,文华街道,墨香苑,244.4,96.2,6.5,329.7,676.9,530.2,146.7,1015,753
2026-01-08,文华街道,墨香苑,258.6,91.5,7.2,368.6,725.9,583.9,142.0,1015,768
2026-01-09,文华街道,墨香苑,249.5,101.5,4.8,380.5,736.3,603.7,132.6,1015,754
2026-01-10,文华街道,墨香苑,300.6,128.6,8.0,406.2,843.4,693.3,150.1,1015,803
2026-01-11,文华街道,墨香苑,319.5,140.7,7.1,448.4,915.8,761.3,154.5,1015,858
2026-01-12,文华街道,墨香苑,257.4,122.7,8.1,355.2,743.4,608.4,135.0,1015,822
2026-01-13,文华街道,墨香苑,237.7,113.3,6.6,350.3,707.9,615.3,92.6,1015,775
2026-01-14,文华街道,墨香苑,291.6,112.2,5.7,350.5,759.9,638.8,121.1,1015,805
2026-01-15,文华街道,墨香苑,263.1,106.2,7.7,410.4,787.4,657.0,130.4,1015,812
2026-01-16,文华街道,墨香苑,287.2,142.4,7.3,386.6,823.5,680.6,142.9,1015,852
2026-01-17,文华街道,墨香苑,314.5,149.4,7.5,430.8,902.2,769.6,132.6,1015,834
2026-01-18,文华街道,墨香苑,334.8,148.9,7.3,429.0,920.0,774.2,145.8,1015,871
2026-01-19,文华街道,墨香苑,272.8,120.1,5.9,361.7,760.4,618.9,141.5,1015,811
2026-01-20,文华街道,墨香苑,242.8,117.8,6.1,381.0,747.7,601.7,146.0,1015,755
2026-01-21,文华街道,墨香苑,240.6,108.7,5.3,327.3,681.9,561.2,120.7,1015,798
2026-01-22,文华街道,墨香苑,244.9,107.6,6.8,328.1,687.4,553.2,134.2,1015,800
2026-01-23,文华街道,墨香苑,278.5,120.1,6.5,356.7,761.9,630.4,131.5,1015,823
2026-01-24,文华街道,墨香苑,335.9,143.3,7.8,466.1,953.2,797.3,155.9,1015,898
2026-01-25,文华街道,墨香苑,301.5,146.5,5.0,447.4,900.4,758.1,142.3,1015,840
2026-01-26,文华街道,墨香苑,223.0,103.2,6.0,347.6,679.9,555.7,124.2,1015,739
2026-01-27,文华街道,墨香苑,245.5,111.3,6.2,347.8,710.8,597.4,113.4,1015,750
2026-01-28,文华街道,墨香苑,266.4,105.0,8.6,319.7,699.6,553.5,146.1,1015,767
2026-01-29,文华街道,墨香苑,262.2,106.4,6.3,362.8,737.7,630.1,107.7,1015,778
2026-01-30,文华街道,墨香苑,258.6,116.6,4.4,362.0,741.6,604.3,137.3,1015,821
2026-01-31,文华街道,墨香苑,337.3,140.5,8.9,457.6,944.3,812.7,131.6,1015,869
2026-02-01,文华街道,墨香苑,341.5,148.7,6.6,462.1,958.9,800.2,158.7,1015,878
2026-02-02,文华街道,墨香苑,239.0,108.6,5.9,351.0,704.5,605.4,99.0,1015,816
2026-02-03,文华街道,墨香苑,260.8,112.8,5.1,407.2,785.9,625.8,160.0,1015,859
2026-02-04,文华街道,墨香苑,248.6,116.1,5.9,315.9,686.5,571.7,114.8,1015,791
2026-02-05,文华街道,墨香苑,247.3,114.6,7.6,310.0,679.5,551.1,128.3,1015,760
2026-02-06,文华街道,墨香苑,298.6,122.5,8.1,369.7,798.9,675.5,123.4,1015,783
2026-02-07,文华街道,墨香苑,298.2,126.9,7.4,477.4,909.8,776.3,133.5,1015,840
2026-02-08,文华街道,墨香苑,279.4,136.3,8.0,463.8,887.5,745.4,142.0,1015,830
2026-02-09,文华街道,墨香苑,261.9,126.3,5.5,356.7,750.4,644.7,105.7,1015,814
2026-02-10,文华街道,墨香苑,245.6,113.2,6.2,370.8,735.8,636.6,99.2,1015,769
2026-02-11,文华街道,墨香苑,283.8,106.1,6.4,424.2,820.5,707.1,113.4,1015,816
2026-02-12,文华街道,墨香苑,243.7,107.8,6.5,370.1,728.1,633.0,95.1,1015,762
2026-02-13,文华街道,墨香苑,274.5,118.3,6.4,325.9,725.1,629.0,96.1,1015,802
2026-02-14,文华街道,墨香苑,328.1,129.6,9.3,454.9,922.0,797.2,124.7,1015,871
2026-02-15,文华街道,墨香苑,311.2,138.3,6.1,432.0,887.7,733.0,154.6,1015,812
2026-02-16,文华街道,墨香苑,247.3,121.9,7.3,375.3,751.7,636.2,115.5,1015,806
2026-02-17,文华街道,墨香苑,244.6,114.8,7.1,354.7,721.2,590.9,130.3,1015,761
2026-02-18,文华街道,墨香苑,248.4,108.7,7.3,339.7,704.2,581.8,122.3,1015,777
2026-02-19,文华街道,墨香苑,303.4,112.7,8.6,363.5,788.3,652.1,136.2,1015,864
2026-02-20,文华街道,墨香苑,252.3,116.5,6.4,369.8,745.0,615.8,129.2,1015,792
2026-02-21,文华街道,墨香苑,319.1,124.3,7.4,449.2,900.0,755.2,144.8,1015,863
2026-02-22,文华街道,墨香苑,301.4,132.5,8.7,492.2,934.8,779.2,155.6,1015,839
2026-02-23,文华街道,墨香苑,276.5,112.3,7.5,405.5,801.8,629.7,172.2,1015,816
2026-02-24,文华街道,墨香苑,289.7,102.1,6.3,352.6,750.7,607.8,142.9,1015,805
2026-02-25,文华街道,墨香苑,270.8,117.6,5.2,410.7,804.3,686.3,118.0,1015,838
2026-02-26,文华街道,墨香苑,270.3,113.4,7.4,371.9,763.0,631.8,131.2,1015,797
2026-02-27,文华街道,墨香苑,242.6,112.2,7.6,345.8,708.2,593.5,114.7,1015,811
2026-02-28,文华街道,墨香苑,306.4,148.6,7.2,374.7,836.8,697.5,139.3,1015,825
2026-03-01,文华街道,墨香苑,319.9,134.1,5.9,434.4,894.3,774.9,119.4,1015,843
2026-03-02,文华街道,墨香苑,247.3,104.3,7.3,392.0,750.8,626.9,124.0,1015,815
2026-03-03,文华街道,墨香苑,240.6,104.2,7.2,336.6,688.6,587.5,101.0,1015,786
2026-03-04,文华街道,墨香苑,284.4,125.8,7.2,339.9,757.2,650.2,107.0,1015,825
2026-03-05,文华街道,墨香苑,253.1,126.3,6.3,352.7,738.4,630.5,108.0,1015,809
2026-03-06,文华街道,墨香苑,245.1,101.4,5.6,341.5,693.6,598.6,95.0,1015,793
2026-03-07,文华街道,墨香苑,271.6,136.1,6.0,426.5,840.2,727.6,112.6,1015,825
2026-03-08,文华街道,墨香苑,346.1,137.5,8.0,430.2,921.8,809.2,112.5,1015,859
2026-03-09,文华街道,墨香苑,236.8,106.8,5.1,353.0,701.7,592.8,108.9,1015,777
2026-03-10,文华街道,墨香苑,240.4,120.4,8.4,400.0,769.2,644.1,125.1,1015,813
2026-03-11,文华街道,墨香苑,252.8,117.5,6.2,327.1,703.7,617.2,86.5,1015,807
2026-03-12,文华街道,墨香苑,234.1,107.4,6.2,359.8,707.5,606.8,100.8,1015,799
2026-03-13,文华街道,墨香苑,250.9,117.1,5.9,411.0,784.9,661.9,123.0,1015,847
2026-03-14,文华街道,墨香苑,331.6,151.4,8.4,396.7,888.1,750.2,137.9,1015,846
2026-03-15,文华街道,墨香苑,317.3,140.0,8.4,476.4,942.2,813.6,128.6,1015,865
2026-03-16,文华街道,墨香苑,297.8,110.1,5.1,359.6,772.6,663.6,109.0,1015,812
2026-03-17,文华街道,墨香苑,262.2,123.0,5.4,405.7,796.4,672.1,124.4,1015,845
2026-03-18,文华街道,墨香苑,289.8,121.6,5.5,356.3,773.1,652.6,120.6,1015,797
2026-03-19,文华街道,墨香苑,292.9,104.6,8.5,375.1,781.1,696.8,84.3,1015,866
2026-03-20,文华街道,墨香苑,258.3,104.3,5.9,366.2,734.8,636.8,98.0,1015,784
2026-03-21,文华街道,墨香苑,321.4,137.2,8.2,519.5,986.3,819.7,166.6,1015,929
2026-03-22,文华街道,墨香苑,286.9,122.2,6.9,424.6,840.6,713.7,126.9,1015,824
2026-03-23,文华街道,墨香苑,274.7,110.7,5.9,371.1,762.4,648.4,114.0,1015,817
2026-03-24,文华街道,墨香苑,249.3,119.8,5.5,356.3,730.9,615.3,115.6,1015,813
2026-03-25,文华街道,墨香苑,262.8,96.4,4.9,317.2,681.3,588.0,93.2,1015,771
2026-03-26,文华街道,墨香苑,286.3,127.7,7.5,354.5,776.1,655.7,120.3,1015,828
2026-03-27,文华街道,墨香苑,289.2,107.0,8.1,332.9,737.2,610.1,127.0,1015,830
2026-03-28,文华街道,墨香苑,310.1,137.7,6.0,453.4,907.2,781.8,125.3,1015,853
2026-03-29,文华街道,墨香苑,358.3,143.9,6.3,427.8,936.3,801.3,134.9,1015,885
2026-03-30,文华街道,墨香苑,288.2,120.1,7.7,415.6,831.7,726.4,105.3,1015,854
2026-03-31,文华街道,墨香苑,241.7,111.8,8.1,387.4,749.0,623.0,126.1,1015,807
2026-04-01,文华街道,墨香苑,224.0,102.8,5.6,328.2,660.6,564.0,96.6,1015,728
2026-04-02,文华街道,墨香苑,254.0,109.8,5.7,399.2,768.7,657.7,111.0,1015,794
2026-04-03,文华街道,墨香苑,263.9,96.9,6.8,320.1,687.7,579.6,108.2,1015,741
2026-04-04,文华街道,墨香苑,335.7,136.0,6.2,451.4,929.3,811.8,117.5,1015,859
2026-04-05,文华街道,墨香苑,284.7,162.4,4.9,421.1,873.1,747.7,125.4,1015,802
2026-04-06,文华街道,墨香苑,259.2,122.2,7.7,385.5,774.7,656.1,118.6,1015,866
2026-04-07,文华街道,墨香苑,254.1,110.5,7.4,373.0,745.0,623.9,121.1,1015,809
2026-04-08,文华街道,墨香苑,278.0,127.4,6.3,387.6,799.3,688.3,110.9,1015,820
2026-04-09,文华街道,墨香苑,264.9,101.1,6.2,310.2,682.5,565.1,117.4,1015,742
2026-04-10,文华街道,墨香苑,262.1,105.9,6.0,339.1,713.0,590.7,122.4,1015,788
2026-04-11,文华街道,墨香苑,317.1,150.8,6.8,449.8,924.6,817.6,107.0,1015,887
2026-04-12,文华街道,墨香苑,307.0,147.5,10.2,460.4,925.1,797.8,127.3,1015,880
2026-04-13,文华街道,墨香苑,266.1,99.4,8.3,385.6,759.5,647.1,112.5,1015,808
2026-04-14,文华街道,墨香苑,251.0,116.3,6.5,370.0,743.8,624.6,119.3,1015,811
2026-04-15,文华街道,墨香苑,272.5,106.6,4.3,354.5,738.0,614.6,123.4,1015,795
2026-04-16,文华街道,墨香苑,258.3,116.6,7.4,338.6,720.9,644.9,75.9,1015,836
2026-04-17,文华街道,墨香苑,289.4,111.1,8.3,353.5,762.4,637.3,125.1,1015,822
2026-04-18,文华街道,墨香苑,336.0,151.0,7.9,462.8,957.6,768.3,189.3,1015,884
2026-04-19,文华街道,墨香苑,305.7,133.2,5.2,410.9,855.0,734.1,120.9,1015,854
2026-04-20,文华街道,墨香苑,210.5,101.1,5.8,327.7,645.1,547.3,97.8,1015,742
2026-04-21,文华街道,墨香苑,251.6,112.4,5.7,416.9,786.6,635.9,150.7,1015,857
2026-04-22,文华街道,墨香苑,246.5,113.1,5.3,366.5,731.4,628.1,103.2,1015,796
2026-04-23,文华街道,墨香苑,272.1,110.3,4.9,366.2,753.5,634.0,119.5,1015,826
2026-04-24,文华街道,墨香苑,256.2,108.6,5.4,392.9,763.0,629.6,133.4,1015,813
2026-04-25,文华街道,墨香苑,344.1,154.5,7.5,492.8,998.9,854.2,144.7,1015,933
2026-04-26,文华街道,墨香苑,295.9,154.1,7.7,463.6,921.4,813.5,107.9,1015,894
2026-04-27,文华街道,墨香苑,291.6,115.7,5.8,406.3,819.3,722.7,96.6,1015,863
2026-04-28,文华街道,墨香苑,255.5,102.6,4.6,346.2,708.9,620.8,88.1,1015,748
2026-04-29,文华街道,墨香苑,240.0,128.3,5.8,385.5,759.5,659.0,100.5,1015,799
2026-04-30,文华街道,墨香苑,269.6,123.6,8.2,352.7,754.1,621.4,132.7,1015,823
2026-05-01,文华街道,墨香苑,227.7,103.3,6.6,384.7,722.3,627.8,94.5,1015,773
2026-05-02,文华街道,墨香苑,320.1,148.3,7.7,437.5,913.5,826.9,86.6,1015,854
2026-05-03,文华街道,墨香苑,313.3,135.0,6.8,435.4,890.4,777.4,113.0,1015,862
2026-05-04,文华街道,墨香苑,277.6,136.8,7.1,369.1,790.6,663.6,127.1,1015,841
2026-05-05,文华街道,墨香苑,269.9,112.0,5.2,351.3,738.5,626.6,111.9,1015,816
2026-05-06,文华街道,墨香苑,245.0,119.7,6.9,366.6,738.2,634.9,103.3,1015,837
2026-05-07,文华街道,墨香苑,255.6,121.3,7.6,333.2,717.7,609.4,108.2,1015,792
2026-05-08,文华街道,墨香苑,240.9,109.8,7.6,302.4,660.7,565.8,94.9,1015,748
2026-05-09,文华街道,墨香苑,290.5,142.0,7.6,416.9,857.1,730.4,126.7,1015,870
2026-05-10,文华街道,墨香苑,330.9,135.5,6.0,397.8,870.3,760.7,109.6,1015,828
2026-05-11,文华街道,墨香苑,261.5,115.7,6.1,422.9,806.2,698.8,107.4,1015,856
2026-05-12,文华街道,墨香苑,267.2,118.9,6.5,389.9,782.4,645.8,136.6,1015,854
2026-05-13,文华街道,墨香苑,289.5,109.6,7.5,373.1,779.7,660.1,119.6,1015,847
2026-05-14,文华街道,墨香苑,264.6,129.8,7.4,383.0,784.8,675.4,109.3,1015,861
2026-05-15,文华街道,墨香苑,245.4,109.6,5.6,363.8,724.4,627.6,96.8,1015,822
2026-05-16,文华街道,墨香苑,298.2,139.1,7.3,477.8,922.4,826.4,96.0,1015,883
2026-05-17,文华街道,墨香苑,303.7,139.5,6.9,406.3,856.4,736.5,119.9,1015,828
2026-05-18,文华街道,墨香苑,262.6,107.7,7.7,377.7,755.6,673.5,82.1,1015,811
2026-05-19,文华街道,墨香苑,266.2,115.9,7.3,351.3,740.6,641.0,99.7,1015,779
2026-05-20,文华街道,墨香苑,296.8,108.5,5.4,356.0,766.7,658.1,108.6,1015,809
2026-05-21,文华街道,墨香苑,251.6,114.2,7.0,414.2,787.0,669.1,117.9,1015,853
2026-05-22,文华街道,墨香苑,282.3,119.0,7.9,358.2,767.3,669.5,97.8,1015,864
2026-05-23,文华街道,墨香苑,333.5,155.6,6.3,500.3,995.8,837.4,158.4,1015,895
2026-05-24,文华街道,墨香苑,321.9,143.0,6.1,436.9,907.9,802.4,105.5,1015,864
2026-05-25,文华街道,墨香苑,235.0,115.0,7.3,384.8,742.0,642.4,99.7,1015,802
2026-05-26,文华街道,墨香苑,284.9,118.2,4.9,404.8,812.7,706.5,106.2,1015,839
2026-05-27,文华街道,墨香苑,233.6,133.2,6.7,329.7,703.2,593.3,109.9,1015,780
2026-05-28,文华街道,墨香苑,269.1,116.5,5.7,373.3,764.6,648.0,116.7,1015,814
2026-05-29,文华街道,墨香苑,271.6,111.5,7.5,389.6,780.2,662.1,118.0,1015,846
2026-05-30,文华街道,墨香苑,339.0,157.2,7.9,453.2,957.3,826.3,131.0,1015,887
2026-05-31,文华街道,墨香苑,327.2,140.8,4.4,469.5,941.9,792.4,149.5,1015,871
2026-06-01,文华街道,墨香苑,297.7,115.2,7.2,378.7,798.8,680.4,118.4,1015,840
2026-06-02,文华街道,墨香苑,255.0,107.0,8.3,379.8,750.2,658.4,91.8,1015,822
2026-06-03,文华街道,墨香苑,282.0,108.3,6.7,385.5,782.4,691.0,91.4,1015,831
2026-06-04,文华街道,墨香苑,295.1,119.5,6.0,383.6,804.3,717.0,87.3,1015,900
2026-06-05,文华街道,墨香苑,224.6,108.4,5.9,323.9,662.8,566.2,96.6,1015,731
2026-06-06,文华街道,墨香苑,342.3,145.1,5.2,453.2,945.8,804.9,140.9,1015,902
2026-06-07,文华街道,墨香苑,323.5,147.8,7.1,467.6,946.0,840.0,106.0,1015,869
2026-06-08,文华街道,墨香苑,257.5,115.6,6.8,354.7,734.6,626.6,108.0,1015,782
2026-06-09,文华街道,墨香苑,270.1,119.6,9.8,351.3,750.8,647.4,103.3,1015,825
2026-06-10,文华街道,墨香苑,255.8,99.4,6.5,372.8,734.5,680.3,54.2,1015,781
2026-06-11,文华街道,墨香苑,264.9,100.9,7.5,382.8,756.0,656.8,99.2,1015,849
2026-06-12,文华街道,墨香苑,264.3,105.7,6.8,389.5,766.3,658.7,107.6,1015,806
2026-06-13,文华街道,墨香苑,338.9,149.9,6.9,459.0,954.6,875.6,79.0,1015,912
2026-06-14,文华街道,墨香苑,323.5,128.2,8.4,436.5,896.7,803.3,93.4,1015,860
2026-06-15,文华街道,墨香苑,243.7,124.1,5.8,326.4,700.1,621.5,78.6,1015,797
2026-06-16,文华街道,墨香苑,283.0,111.3,6.1,395.9,796.4,676.5,119.9,1015,845
2026-06-17,文华街道,墨香苑,270.3,122.7,9.0,343.0,745.0,664.4,80.6,1015,817
2026-06-18,文华街道,墨香苑,270.0,110.2,6.7,364.0,751.0,642.9,108.0,1015,803
2026-06-19,文华街道,墨香苑,279.8,106.5,6.4,343.9,736.6,639.5,97.1,1015,822
2026-06-20,文华街道,墨香苑,339.0,139.1,6.5,440.6,925.1,818.0,107.1,1015,864
2026-06-21,文华街道,墨香苑,291.3,132.7,6.0,438.1,868.1,791.0,77.1,1015,822
2026-06-22,文华街道,墨香苑,266.5,114.8,5.5,376.1,762.9,661.6,101.3,1015,827
2026-06-23,文华街道,墨香苑,263.0,122.9,9.1,350.0,744.9,623.1,121.8,1015,798
2026-06-24,文华街道,墨香苑,298.9,132.2,5.7,372.6,809.4,690.1,119.3,1015,835
2026-06-25,文华街道,墨香苑,280.8,114.4,7.4,403.0,805.6,711.8,93.9,1015,847
2026-06-26,文华街道,墨香苑,291.7,113.3,7.9,405.9,818.8,697.2,121.7,1015,859
2026-06-27,文华街道,墨香苑,337.6,151.8,4.9,508.0,1002.3,897.6,104.7,1015,918
2026-06-28,文华街道,墨香苑,316.9,158.4,8.5,453.4,937.2,842.1,95.1,1015,911
2026-06-29,文华街道,墨香苑,240.7,122.2,5.9,339.0,707.9,628.0,79.9,1015,833
2026-06-30,文华街道,墨香苑,284.4,116.1,7.3,379.0,786.9,688.3,98.5,1015,817
2026-07-01,文华街道,墨香苑,257.8,110.2,7.0,363.7,738.7,661.2,77.6,1015,796
2026-07-02,文华街道,墨香苑,287.2,99.4,7.2,394.1,788.0,682.1,105.9,1015,813
2026-07-03,文华街道,墨香苑,298.9,127.5,6.6,407.1,840.1,745.2,94.9,1015,883
2026-07-04,文华街道,墨香苑,307.6,127.8,7.2,413.9,856.4,771.6,84.9,1015,874
2026-07-05,文华街道,墨香苑,309.5,141.3,6.5,462.1,919.3,809.1,110.2,1015,800
2026-07-06,文华街道,墨香苑,266.3,114.1,7.3,373.9,761.6,686.2,75.5,1015,838
2026-07-07,文华街道,墨香苑,265.8,128.7,6.5,379.4,780.3,691.8,88.6,1015,842
2026-07-08,文华街道,墨香苑,296.9,106.2,7.0,356.9,766.9,658.8,108.1,1015,815
2026-07-09,文华街道,墨香苑,260.0,120.6,7.8,383.4,771.8,645.8,126.0,1015,840
2026-07-10,文华街道,墨香苑,266.1,109.9,4.7,376.9,757.6,668.6,89.0,1015,797
2026-07-11,文华街道,墨香苑,385.2,157.4,7.9,507.8,1058.4,962.1,96.3,1015,919
2026-07-12,文华街道,墨香苑,294.3,146.8,6.0,438.0,885.0,772.3,112.7,1015,823
2026-07-13,文华街道,墨香苑,246.3,119.6,6.2,414.2,786.3,697.4,88.9,1015,831
2026-07-14,文华街道,墨香苑,288.9,116.8,5.1,363.7,774.5,694.8,79.7,1015,812
2026-07-15,文华街道,墨香苑,254.3,100.2,5.3,341.6,701.4,635.5,65.9,1015,798
2026-07-16,文华街道,墨香苑,285.6,112.2,7.2,386.3,791.3,676.2,115.1,1015,804
2026-07-17,文华街道,墨香苑,267.4,106.2,7.1,397.1,777.8,666.3,111.5,1015,798
2026-07-18,文华街道,墨香苑,313.8,133.2,6.3,433.6,887.0,764.9,122.0,1015,863
2026-07-19,文华街道,墨香苑,342.5,141.2,8.3,439.0,931.1,827.1,103.9,1015,879
2026-07-20,文华街道,墨香苑,267.8,122.1,8.1,372.7,770.7,659.0,111.7,1015,814
2026-07-21,文华街道,墨香苑,264.2,119.1,10.5,409.8,803.5,715.3,88.2,1015,865
2026-07-22,文华街道,墨香苑,251.1,113.0,5.8,392.2,762.1,675.1,87.0,1015,850
2026-07-23,文华街道,墨香苑,259.4,101.5,7.5,334.4,702.9,611.5,91.4,1015,826
2026-07-24,文华街道,墨香苑,237.7,111.4,7.5,320.8,677.5,585.0,92.4,1015,783
2026-07-25,文华街道,墨香苑,291.4,132.9,7.4,374.2,805.8,708.0,97.8,1015,821
2026-07-26,文华街道,墨香苑,288.7,136.6,7.4,434.1,866.9,779.0,87.9,1015,844
2026-07-27,文华街道,墨香苑,251.2,120.5,7.7,392.1,771.5,661.2,110.4,1015,820
2026-07-28,文华街道,墨香苑,257.9,138.4,5.9,341.4,743.6,651.6,92.0,1015,857
2026-07-29,文华街道,墨香苑,258.4,103.4,9.1,402.6,773.6,697.2,76.4,1015,802
2026-07-30,文华街道,墨香苑,280.3,115.2,7.8,362.7,766.0,692.8,73.2,1015,826
2026-07-31,文华街道,墨香苑,253.5,109.1,6.7,355.7,725.0,656.2,68.8,1015,809
2026-08-01,文华街道,墨香苑,333.4,157.1,7.0,510.8,1008.2,913.3,94.9,1015,864
2026-08-02,文华街道,墨香苑,346.1,133.1,6.8,471.1,957.1,878.0,79.1,1015,944
2026-08-03,文华街道,墨香苑,259.0,91.8,7.0,390.4,748.2,649.4,98.8,1015,761
2026-08-04,文华街道,墨香苑,262.1,125.5,5.6,374.6,767.8,668.8,99.0,1015,839
2026-08-05,文华街道,墨香苑,239.7,127.7,5.4,373.5,746.3,675.6,70.7,1015,826
2026-08-06,文华街道,墨香苑,309.6,123.4,6.4,387.7,827.2,740.8,86.4,1015,831
2026-08-07,文华街道,墨香苑,269.2,112.1,6.8,361.9,750.0,666.7,83.3,1015,829
2026-08-08,文华街道,墨香苑,324.8,148.7,6.5,452.2,932.2,804.4,127.7,1015,913
2026-08-09,文华街道,墨香苑,358.5,146.3,6.7,424.0,935.5,821.8,113.8,1015,907
2026-08-10,文华街道,墨香苑,241.5,113.2,6.1,331.5,692.4,622.8,69.6,1015,807
2026-08-11,文华街道,墨香苑,257.8,122.2,6.9,401.6,788.4,678.3,110.2,1015,838
2026-08-12,文华街道,墨香苑,277.6,111.2,7.9,340.0,736.7,641.0,95.7,1015,835
2026-08-13,文华街道,墨香苑,237.6,107.3,7.0,346.0,697.9,607.2,90.7,1015,776
2026-08-14,文华街道,墨香苑,232.1,111.9,7.1,342.3,693.4,606.3,87.1,1015,780
2026-08-15,文华街道,墨香苑,305.2,133.4,8.5,442.9,890.0,817.8,72.2,1015,849
2026-08-16,文华街道,墨香苑,372.9,143.1,6.3,494.4,1016.7,879.2,137.5,1015,907
2026-08-17,文华街道,墨香苑,247.6,126.9,7.3,362.5,744.2,685.0,59.2,1015,853
2026-08-18,文华街道,墨香苑,291.2,108.2,7.1,358.7,765.2,695.0,70.2,1015,841
2026-08-19,文华街道,墨香苑,256.4,109.5,8.1,392.5,766.6,681.9,84.7,1015,873
2026-08-20,文华街道,墨香苑,257.8,118.8,6.6,324.6,707.7,641.3,66.4,1015,803
2026-08-21,文华街道,墨香苑,246.3,119.7,7.1,398.4,771.5,722.0,49.4,1015,834
2026-08-22,文华街道,墨香苑,289.4,145.7,5.5,485.4,925.9,846.1,79.8,1015,872
2026-08-23,文华街道,墨香苑,317.7,139.0,6.4,485.1,948.2,838.1,110.1,1015,898
2026-08-24,文华街道,墨香苑,262.8,117.0,6.8,386.5,773.1,675.6,97.5,1015,851
2026-08-25,文华街道,墨香苑,267.3,124.1,6.8,395.7,793.9,689.5,104.4,1015,849
2026-08-26,文华街道,墨香苑,264.0,108.2,8.0,363.3,743.4,652.5,90.9,1015,804
2026-08-27,文华街道,墨香苑,244.1,123.6,7.3,363.2,738.1,635.1,103.1,1015,810
2026-08-28,文华街道,墨香苑,278.0,120.4,7.3,367.0,772.7,688.0,84.8,1015,825
2026-08-29,文华街道,墨香苑,363.1,158.1,9.1,469.8,1000.1,885.8,114.3,1015,899
2026-08-30,文华街道,墨香苑,340.6,118.2,8.5,420.6,887.9,781.0,106.9,1015,852
2026-08-31,文华街道,墨香苑,276.0,140.0,6.3,364.0,786.3,723.2,63.1,1015,826
2026-09-01,文华街道,墨香苑,251.6,107.4,5.3,356.4,720.7,635.0,85.7,1015,802
2026-09-02,文华街道,墨香苑,255.1,126.1,5.2,406.8,793.2,715.2,78.0,1015,805
2026-09-03,文华街道,墨香苑,289.6,133.2,7.2,361.7,791.6,697.8,93.9,1015,838
2026-09-04,文华街道,墨香苑,292.1,110.7,6.8,344.5,754.1,663.2,90.9,1015,815
2026-09-05,文华街道,墨香苑,319.0,139.5,5.7,455.5,919.6,813.6,106.0,1015,884
2026-09-06,文华街道,墨香苑,332.8,104.6,6.1,395.5,838.9,783.1,55.8,1015,857
2026-09-07,文华街道,墨香苑,258.3,123.1,8.2,419.3,809.0,740.9,68.1,1015,859
2026-09-08,文华街道,墨香苑,232.0,113.9,8.4,343.1,697.3,618.0,79.3,1015,765
2026-09-09,文华街道,墨香苑,296.7,114.8,7.1,432.4,851.1,751.2,99.9,1015,905
2026-09-10,文华街道,墨香苑,248.8,106.8,6.1,378.7,740.5,660.7,79.8,1015,856
2026-09-11,文华街道,墨香苑,315.7,112.3,6.5,367.0,801.5,721.0,80.5,1015,851
2026-09-12,文华街道,墨香苑,328.5,174.2,6.6,504.8,1014.1,938.0,76.1,1015,917
2026-09-13,文华街道,墨香苑,320.4,108.9,7.6,407.4,844.3,786.6,57.6,1015,841
2026-09-14,文华街道,墨香苑,292.6,128.5,6.9,376.1,804.1,726.7,77.4,1015,855
2026-09-15,文华街道,墨香苑,252.1,109.2,5.7,323.5,690.4,616.0,74.4,1015,798
2026-09-16,文华街道,墨香苑,231.2,106.1,3.9,335.9,677.1,589.5,87.6,1015,736
2026-09-17,文华街道,墨香苑,248.2,121.2,5.5,359.9,734.8,655.0,79.8,1015,796
2026-09-18,文华街道,墨香苑,274.3,116.7,6.2,418.5,815.7,734.0,81.7,1015,807
2026-09-19,文华街道,墨香苑,298.8,163.0,5.7,431.8,899.2,830.7,68.5,1015,831
2026-01-01,高新街道,科创家园,115.1,50.9,2.8,147.2,316.0,255.1,60.9,553,343
2026-01-02,高新街道,科创家园,101.0,51.2,2.5,162.0,316.7,251.1,65.6,553,325
2026-01-03,高新街道,科创家园,117.8,68.1,2.9,161.2,350.0,280.6,69.4,553,357
2026-01-04,高新街道,科创家园,124.9,62.3,2.0,178.0,367.2,299.2,68.0,553,359
2026-01-05,高新街道,科创家园,126.6,47.5,3.0,183.6,360.7,281.2,79.5,553,346
2026-01-06,高新街道,科创家园,101.0,55.7,2.4,155.5,314.6,247.0,67.6,553,340
2026-01-07,高新街道,科创家园,103.8,47.5,3.5,171.8,326.6,257.8,68.8,553,333
2026-01-08,高新街道,科创家园,98.8,56.2,2.6,155.9,313.5,245.1,68.4,553,324
2026-01-09,高新街道,科创家园,116.0,47.2,3.9,174.8,341.9,272.7,69.2,553,368
2026-01-10,高新街道,科创家园,146.1,70.3,3.2,210.3,429.9,346.2,83.7,553,385
2026-01-11,高新街道,科创家园,128.7,55.2,2.9,178.3,365.1,294.5,70.6,553,354
2026-01-12,高新街道,科创家园,109.8,48.3,2.5,150.0,310.6,246.3,64.3,553,339
2026-01-13,高新街道,科创家园,99.5,46.6,2.4,131.3,279.8,211.2,68.6,553,330
2026-01-14,高新街道,科创家园,114.5,44.0,3.4,137.7,299.6,247.4,52.3,553,328
2026-01-15,高新街道,科创家园,117.4,43.1,2.8,145.2,308.6,243.2,65.4,553,314
2026-01-16,高新街道,科创家园,118.0,50.2,2.8,157.8,328.9,258.0,70.9,553,340
2026-01-17,高新街道,科创家园,116.2,52.1,2.4,173.3,344.0,286.0,58.0,553,353
2026-01-18,高新街道,科创家园,134.1,58.9,2.6,197.2,392.8,307.1,85.7,553,359
2026-01-19,高新街道,科创家园,120.5,48.7,3.5,163.8,336.5,267.4,69.1,553,358
2026-01-20,高新街道,科创家园,109.3,48.6,2.7,147.1,307.6,245.9,61.7,553,344
2026-01-21,高新街道,科创家园,103.6,48.9,2.9,141.6,297.0,221.7,75.3,553,320
2026-01-22,高新街道,科创家园,99.3,38.9,2.1,160.8,301.1,232.6,68.4,553,329
2026-01-23,高新街道,科创家园,109.7,43.1,2.7,160.6,316.1,258.7,57.4,553,344
2026-01-24,高新街道,科创家园,146.8,69.8,2.8,227.2,446.6,362.6,84.0,553,371
2026-01-25,高新街道,科创家园,129.2,58.4,2.7,174.3,364.6,277.4,87.3,553,347
2026-01-26,高新街道,科创家园,97.2,51.8,2.9,155.2,307.1,253.3,53.9,553,323
2026-01-27,高新街道,科创家园,99.4,38.3,2.6,144.6,284.9,224.6,60.2,553,309
2026-01-28,高新街道,科创家园,110.4,43.0,3.1,154.6,311.1,250.3,60.9,553,330
2026-01-29,高新街道,科创家园,116.5,48.0,2.4,155.1,322.0,248.2,73.9,553,341
2026-01-30,高新街道,科创家园,95.8,46.4,2.9,162.8,307.9,244.8,63.1,553,318
2026-01-31,高新街道,科创家园,141.0,59.4,2.0,164.9,367.3,297.1,70.2,553,339
2026-02-01,高新街道,科创家园,119.3,59.6,3.4,163.3,345.6,276.0,69.6,553,374
2026-02-02,高新街道,科创家园,105.5,44.3,2.4,133.0,285.3,230.8,54.5,553,347
2026-02-03,高新街道,科创家园,99.9,50.8,2.7,153.6,307.1,242.5,64.6,553,336
2026-02-04,高新街道,科创家园,119.3,46.8,3.1,162.6,331.7,261.5,70.2,553,345
2026-02-05,高新街道,科创家园,110.3,48.7,2.6,169.2,330.8,265.6,65.1,553,360
2026-02-06,高新街道,科创家园,113.5,51.9,2.4,133.1,301.0,237.9,63.0,553,321
2026-02-07,高新街道,科创家园,138.9,59.7,2.6,185.8,387.0,325.5,61.5,553,368
2026-02-08,高新街道,科创家园,133.3,56.9,2.4,201.3,394.0,322.9,71.0,553,353
2026-02-09,高新街道,科创家园,111.8,41.0,2.5,138.8,294.1,237.1,57.0,553,338
2026-02-10,高新街道,科创家园,109.1,52.0,2.2,145.0,308.2,245.9,62.3,553,338
2026-02-11,高新街道,科创家园,99.7,51.9,3.4,155.6,310.5,249.4,61.2,553,337
2026-02-12,高新街道,科创家园,109.4,45.9,3.3,149.7,308.3,236.9,71.4,553,335
2026-02-13,高新街道,科创家园,112.2,52.0,3.5,163.9,331.6,276.3,55.2,553,345
2026-02-14,高新街道,科创家园,120.1,46.2,2.9,176.5,345.6,278.6,67.0,553,349
2026-02-15,高新街道,科创家园,137.8,70.6,2.8,184.1,395.3,316.8,78.5,553,377
2026-02-16,高新街道,科创家园,118.0,45.9,2.3,169.7,335.9,259.6,76.3,553,344
2026-02-17,高新街道,科创家园,107.9,50.4,3.3,161.6,323.2,248.7,74.5,553,349
2026-02-18,高新街道,科创家园,115.9,66.9,2.2,144.5,329.5,260.4,69.1,553,356
2026-02-19,高新街道,科创家园,111.4,42.6,2.7,153.6,310.2,252.3,57.9,553,332
2026-02-20,高新街道,科创家园,99.1,48.5,3.3,140.4,291.4,228.9,62.4,553,336
2026-02-21,高新街道,科创家园,129.2,65.4,3.1,191.8,389.5,305.4,84.1,553,380
2026-02-22,高新街道,科创家园,140.7,51.0,3.3,182.5,377.5,314.8,62.7,553,376
2026-02-23,高新街道,科创家园,119.4,45.7,2.2,163.7,330.9,261.9,69.0,553,333
2026-02-24,高新街道,科创家园,120.7,55.4,2.4,142.8,321.4,259.9,61.5,553,345
2026-02-25,高新街道,科创家园,103.9,42.0,2.9,151.2,299.9,243.2,56.8,553,328
2026-02-26,高新街道,科创家园,106.3,44.2,2.9,122.6,276.0,218.8,57.2,553,309
2026-02-27,高新街道,科创家园,102.9,48.5,2.7,144.6,298.7,238.0,60.8,553,321
2026-02-28,高新街道,科创家园,116.4,58.8,2.5,185.1,362.8,293.0,69.7,553,334
2026-03-01,高新街道,科创家园,140.8,58.3,2.9,201.7,403.7,336.2,67.4,553,375
2026-03-02,高新街道,科创家园,109.9,49.2,2.8,158.9,320.9,246.4,74.5,553,354
2026-03-03,高新街道,科创家园,111.4,39.9,2.2,159.5,313.1,245.0,68.1,553,336
2026-03-04,高新街道,科创家园,103.8,50.1,2.3,150.9,307.0,251.4,55.6,553,338
2026-03-05,高新街道,科创家园,99.3,49.1,2.8,143.5,294.7,230.6,64.1,553,330
2026-03-06,高新街道,科创家园,101.2,42.2,2.8,148.3,294.6,243.2,51.4,553,317
2026-03-07,高新街道,科创家园,111.5,56.3,3.7,183.7,355.2,298.9,56.3,553,362
2026-03-08,高新街道,科创家园,139.7,55.9,2.8,181.0,379.5,297.3,82.1,553,368
2026-03-09,高新街道,科创家园,99.7,46.7,2.4,164.1,312.8,255.1,57.7,553,334
2026-03-10,高新街道,科创家园,106.4,50.3,2.6,155.9,315.2,259.1,56.1,553,331
2026-03-11,高新街道,科创家园,114.8,50.7,2.7,142.4,310.6,258.6,52.0,553,325
2026-03-12,高新街道,科创家园,100.4,48.1,2.3,145.1,295.8,239.7,56.1,553,329
2026-03-13,高新街道,科创家园,103.2,42.6,3.0,137.5,286.3,229.1,57.2,553,310
2026-03-14,高新街道,科创家园,127.6,55.9,3.1,179.8,366.4,297.1,69.3,553,346
2026-03-15,高新街道,科创家园,127.6,54.4,3.2,179.2,364.4,311.8,52.6,553,368
2026-03-16,高新街道,科创家园,117.7,45.4,3.2,159.7,326.0,266.2,59.7,553,348
2026-03-17,高新街道,科创家园,108.6,43.8,2.8,162.0,317.1,252.1,65.0,553,330
2026-03-18,高新街道,科创家园,108.4,44.8,2.5,137.1,292.7,241.0,51.7,553,334
2026-03-19,高新街道,科创家园,109.6,44.9,2.8,167.8,325.1,263.5,61.6,553,344
2026-03-20,高新街道,科创家园,120.5,57.9,2.5,147.7,328.5,270.1,58.4,553,333
2026-03-21,高新街道,科创家园,134.0,56.2,2.9,173.0,366.0,304.0,62.0,553,346
2026-03-22,高新街道,科创家园,132.0,56.9,2.9,173.3,365.1,293.5,71.6,553,328
2026-03-23,高新街道,科创家园,101.2,41.2,2.0,136.2,280.6,214.5,66.1,553,321
2026-03-24,高新街道,科创家园,112.9,55.2,3.0,148.7,319.7,258.0,61.7,553,334
2026-03-25,高新街道,科创家园,86.7,40.0,2.8,139.6,269.1,225.6,43.5,553,307
2026-03-26,高新街道,科创家园,95.3,40.7,3.2,143.2,282.5,222.0,60.5,553,321
2026-03-27,高新街道,科创家园,104.8,45.3,2.9,145.3,298.3,250.0,48.4,553,318
2026-03-28,高新街道,科创家园,127.5,63.2,2.9,182.8,376.4,314.6,61.8,553,370
2026-03-29,高新街道,科创家园,134.4,58.9,2.4,174.6,370.3,307.6,62.8,553,376
2026-03-30,高新街道,科创家园,107.0,54.3,2.7,153.8,317.8,254.8,63.0,553,346
2026-03-31,高新街道,科创家园,105.4,48.4,2.6,151.8,308.2,246.8,61.4,553,349
2026-04-01,高新街道,科创家园,113.2,46.4,2.9,151.0,313.4,256.1,57.3,553,332
2026-04-02,高新街道,科创家园,103.4,48.9,2.5,152.5,307.3,258.7,48.6,553,329
2026-04-03,高新街道,科创家园,111.2,42.7,3.1,148.6,305.6,262.4,43.2,553,317
2026-04-04,高新街道,科创家园,130.1,54.6,2.9,183.7,371.3,311.7,59.6,553,359
2026-04-05,高新街道,科创家园,124.6,60.2,3.1,175.2,363.0,302.0,61.0,553,338
2026-04-06,高新街道,科创家园,103.1,40.4,2.4,162.3,308.3,265.9,42.3,553,324
2026-04-07,高新街道,科创家园,103.9,44.5,2.8,136.2,287.3,232.7,54.6,553,308
2026-04-08,高新街道,科创家园,109.5,46.1,2.8,144.2,302.6,241.6,61.0,553,331
2026-04-09,高新街道,科创家园,102.4,47.3,2.5,156.0,308.2,254.0,54.2,553,334
2026-04-10,高新街道,科创家园,99.2,44.3,2.5,146.7,292.7,243.6,49.1,553,342
2026-04-11,高新街道,科创家园,144.7,58.7,3.3,199.0,405.6,332.1,73.5,553,377
2026-04-12,高新街道,科创家园,134.4,61.4,2.6,185.2,383.6,317.6,66.0,553,380
2026-04-13,高新街道,科创家园,101.9,43.3,2.4,140.1,287.8,228.0,59.8,553,317
2026-04-14,高新街道,科创家园,93.5,41.2,2.5,146.2,283.5,240.5,43.0,553,315
2026-04-15,高新街道,科创家园,111.0,47.3,3.6,132.9,294.7,244.0,50.8,553,349
2026-04-16,高新街道,科创家园,122.1,41.8,2.6,141.4,307.9,251.8,56.1,553,341
2026-04-17,高新街道,科创家园,111.0,50.9,2.4,154.6,318.9,250.1,68.8,553,330
2026-04-18,高新街道,科创家园,146.3,58.8,3.5,178.5,387.1,319.4,67.7,553,371
2026-04-19,高新街道,科创家园,147.1,55.4,2.9,199.2,404.6,340.0,64.6,553,378
2026-04-20,高新街道,科创家园,117.1,42.4,2.6,136.6,298.8,246.4,52.4,553,336
2026-04-21,高新街道,科创家园,134.2,52.1,2.9,156.7,345.9,286.3,59.6,553,343
2026-04-22,高新街道,科创家园,109.3,40.2,2.8,152.1,304.4,246.8,57.6,553,336
2026-04-23,高新街道,科创家园,101.5,47.5,2.7,148.2,299.9,254.3,45.5,553,332
2026-04-24,高新街道,科创家园,102.3,45.5,3.0,143.0,293.8,233.2,60.7,553,331
2026-04-25,高新街道,科创家园,134.0,73.4,3.1,177.7,388.2,320.1,68.1,553,370
2026-04-26,高新街道,科创家园,121.2,58.2,2.3,175.5,357.2,290.6,66.6,553,346
2026-04-27,高新街道,科创家园,108.3,39.8,2.5,138.7,289.2,242.1,47.1,553,325
2026-04-28,高新街道,科创家园,114.9,38.9,3.0,150.4,307.2,252.5,54.7,553,317
2026-04-29,高新街道,科创家园,119.8,57.2,2.6,152.2,331.8,272.7,59.0,553,335
2026-04-30,高新街道,科创家园,103.3,44.8,2.0,145.2,295.4,238.2,57.1,553,314
2026-05-01,高新街道,科创家园,99.6,46.9,3.3,149.3,299.2,249.0,50.2,553,324
2026-05-02,高新街道,科创家园,124.9,58.8,2.3,182.3,368.4,314.3,54.1,553,348
2026-05-03,高新街道,科创家园,135.4,58.4,2.6,174.1,370.5,314.2,56.3,553,361
2026-05-04,高新街道,科创家园,121.1,48.5,2.7,156.0,328.3,271.0,57.3,553,356
2026-05-05,高新街道,科创家园,115.6,56.9,2.4,158.6,333.5,273.2,60.3,553,339
2026-05-06,高新街道,科创家园,99.0,47.1,3.6,150.5,300.2,251.2,49.0,553,329
2026-05-07,高新街道,科创家园,99.2,46.5,2.9,143.3,292.0,237.4,54.6,553,332
2026-05-08,高新街道,科创家园,105.3,44.7,2.4,156.3,308.6,237.2,71.5,553,339
2026-05-09,高新街道,科创家园,146.9,59.4,2.8,196.6,405.7,337.4,68.3,553,377
2026-05-10,高新街道,科创家园,137.5,56.8,2.5,153.6,350.3,293.0,57.3,553,333
2026-05-11,高新街道,科创家园,103.6,38.3,2.4,142.7,287.0,236.4,50.6,553,325
2026-05-12,高新街道,科创家园,105.9,52.2,2.4,140.6,301.2,248.0,53.1,553,330
2026-05-13,高新街道,科创家园,95.9,49.3,2.6,155.2,303.0,241.2,61.8,553,326
2026-05-14,高新街道,科创家园,100.3,49.8,2.6,148.6,301.3,257.2,44.2,553,320
2026-05-15,高新街道,科创家园,114.5,54.6,2.8,162.0,333.9,282.4,51.5,553,349
2026-05-16,高新街道,科创家园,133.7,53.3,3.3,184.5,374.9,313.4,61.5,553,379
2026-05-17,高新街道,科创家园,149.4,60.0,1.9,204.6,415.9,340.6,75.3,553,383
2026-05-18,高新街道,科创家园,112.9,47.3,2.6,144.4,307.3,257.8,49.5,553,343
2026-05-19,高新街道,科创家园,111.0,50.7,2.2,138.5,302.4,246.3,56.1,553,340
2026-05-20,高新街道,科创家园,102.6,40.0,3.0,135.8,281.4,230.8,50.6,553,317
2026-05-21,高新街道,科创家园,103.0,56.8,2.9,155.9,318.6,272.6,46.0,553,343
2026-05-22,高新街道,科创家园,112.9,44.7,2.6,155.0,315.2,260.4,54.9,553,342
2026-05-23,高新街道,科创家园,138.3,57.3,2.7,179.2,377.5,320.7,56.8,553,372
2026-05-24,高新街道,科创家园,128.1,57.8,2.8,182.1,370.7,315.0,55.7,553,352
2026-05-25,高新街道,科创家园,106.5,47.1,3.2,157.2,314.1,254.6,59.4,553,339
2026-05-26,高新街道,科创家园,116.9,45.4,2.7,155.5,320.4,261.7,58.7,553,332
2026-05-27,高新街道,科创家园,100.4,45.9,2.9,159.8,308.9,256.7,52.2,553,328
2026-05-28,高新街道,科创家园,114.5,54.9,2.6,148.7,320.7,256.8,63.9,553,364
2026-05-29,高新街道,科创家园,108.6,46.2,2.5,158.3,315.7,253.6,62.0,553,329
2026-05-30,高新街道,科创家园,162.8,59.0,2.6,195.5,419.9,352.4,67.6,553,367
2026-05-31,高新街道,科创家园,136.3,66.5,3.6,188.6,395.1,336.7,58.4,553,367
2026-06-01,高新街道,科创家园,105.3,51.4,2.9,180.6,340.2,281.0,59.2,553,342
2026-06-02,高新街道,科创家园,98.3,38.1,1.8,143.6,281.9,243.6,38.3,553,317
2026-06-03,高新街道,科创家园,124.2,49.6,2.8,178.1,354.6,289.4,65.2,553,362
2026-06-04,高新街道,科创家园,95.8,43.6,2.7,139.2,281.3,244.3,37.0,553,319
2026-06-05,高新街道,科创家园,107.9,49.6,2.4,157.1,317.0,268.1,48.9,553,367
2026-06-06,高新街道,科创家园,133.3,57.2,2.9,178.3,371.7,313.8,57.9,553,351
2026-06-07,高新街道,科创家园,129.4,59.4,2.1,188.0,379.0,320.5,58.5,553,357
2026-06-08,高新街道,科创家园,95.9,44.8,2.7,152.2,295.5,242.9,52.6,553,329
2026-06-09,高新街道,科创家园,117.2,46.0,2.7,135.9,301.9,246.4,55.5,553,342
2026-06-10,高新街道,科创家园,114.9,45.2,4.0,155.5,319.6,262.5,57.1,553,339
2026-06-11,高新街道,科创家园,105.7,51.2,2.5,147.7,307.0,250.1,56.9,553,356
2026-06-12,高新街道,科创家园,117.5,42.7,2.1,144.7,307.0,262.5,44.5,553,331
2026-06-13,高新街道,科创家园,143.0,63.4,2.8,229.2,438.5,395.3,43.1,553,376
2026-06-14,高新街道,科创家园,144.1,53.7,2.6,188.2,388.5,333.2,55.2,553,369
2026-06-15,高新街道,科创家园,99.8,43.1,2.0,136.6,281.4,240.8,40.7,553,313
2026-06-16,高新街道,科创家园,108.0,45.1,2.6,139.6,295.2,250.1,45.1,553,310
2026-06-17,高新街道,科创家园,106.0,43.1,2.7,138.1,289.8,237.1,52.8,553,324
2026-06-18,高新街道,科创家园,99.8,48.4,2.2,138.4,288.9,244.3,44.6,553,344
2026-06-19,高新街道,科创家园,127.7,59.6,3.3,173.6,364.3,301.2,63.1,553,381
2026-06-20,高新街道,科创家园,133.2,62.3,3.1,196.3,394.9,341.9,53.0,553,352
2026-06-21,高新街道,科创家园,142.1,74.6,3.4,197.7,417.8,356.3,61.5,553,391
2026-06-22,高新街道,科创家园,97.3,44.8,2.1,156.6,300.8,245.5,55.2,553,322
2026-06-23,高新街道,科创家园,100.3,44.2,1.9,166.6,313.0,262.8,50.2,553,336
2026-06-24,高新街道,科创家园,109.0,45.2,2.5,143.8,300.5,244.0,56.5,553,313
2026-06-25,高新街道,科创家园,98.3,50.0,2.9,162.7,313.9,268.3,45.6,553,337
2026-06-26,高新街道,科创家园,105.8,41.9,1.8,147.1,296.6,241.8,54.9,553,323
2026-06-27,高新街道,科创家园,136.9,59.9,2.9,187.8,387.5,335.4,52.0,553,360
2026-06-28,高新街道,科创家园,133.8,50.8,2.5,192.9,380.0,332.1,47.9,553,347
2026-06-29,高新街道,科创家园,122.0,50.3,2.4,144.0,318.7,260.0,58.7,553,331
2026-06-30,高新街道,科创家园,107.6,45.9,3.2,145.2,301.9,251.9,50.0,553,357
2026-07-01,高新街道,科创家园,106.7,41.9,2.8,155.4,306.8,255.1,51.6,553,334
2026-07-02,高新街道,科创家园,118.6,46.9,3.7,158.3,327.4,273.8,53.6,553,363
2026-07-03,高新街道,科创家园,108.6,44.0,2.5,145.7,300.9,256.1,44.7,553,327
2026-07-04,高新街道,科创家园,130.0,61.2,3.1,195.7,390.0,331.9,58.1,553,381
2026-07-05,高新街道,科创家园,128.7,49.3,2.5,161.3,341.8,299.9,41.9,553,338
2026-07-06,高新街道,科创家园,115.1,46.5,2.8,137.3,301.7,254.0,47.6,553,326
2026-07-07,高新街道,科创家园,122.4,45.8,2.7,164.4,335.3,288.8,46.5,553,363
2026-07-08,高新街道,科创家园,117.5,52.7,2.8,172.5,345.5,289.4,56.1,553,378
2026-07-09,高新街道,科创家园,106.4,43.3,3.2,150.3,303.3,264.8,38.5,553,337
2026-07-10,高新街道,科创家园,94.3,40.3,1.8,141.8,278.2,235.0,43.2,553,297
2026-07-11,高新街道,科创家园,158.2,60.0,3.9,225.2,447.3,380.4,66.9,553,395
2026-07-12,高新街道,科创家园,111.9,57.4,2.4,183.5,355.2,301.9,53.3,553,346
2026-07-13,高新街道,科创家园,99.9,40.8,2.4,139.1,282.1,236.4,45.7,553,323
2026-07-14,高新街道,科创家园,101.1,51.5,2.6,166.0,321.2,272.4,48.9,553,337
2026-07-15,高新街道,科创家园,104.7,49.6,2.7,159.7,316.6,269.9,46.7,553,337
2026-07-16,高新街道,科创家园,107.2,47.4,2.8,141.6,299.0,262.2,36.8,553,323
2026-07-17,高新街道,科创家园,100.6,42.7,2.6,140.2,286.0,240.5,45.6,553,326
2026-07-18,高新街道,科创家园,135.3,57.3,2.9,185.6,381.2,330.9,50.3,553,364
2026-07-19,高新街道,科创家园,134.0,51.6,3.2,178.2,366.9,320.8,46.2,553,356
2026-07-20,高新街道,科创家园,94.3,42.7,3.2,137.2,277.4,230.7,46.7,553,317
2026-07-21,高新街道,科创家园,102.4,51.1,2.6,151.4,307.4,248.5,58.9,553,342
2026-07-22,高新街道,科创家园,102.7,44.4,2.1,182.0,331.2,288.1,43.2,553,346
2026-07-23,高新街道,科创家园,110.0,45.6,2.8,156.6,315.1,262.4,52.8,553,355
2026-07-24,高新街道,科创家园,107.8,43.5,2.3,137.0,290.6,250.7,40.0,553,349
2026-07-25,高新街道,科创家园,124.7,52.8,2.9,180.9,361.3,309.0,52.3,553,363
2026-07-26,高新街道,科创家园,133.4,54.9,2.7,165.0,356.0,304.8,51.2,553,357
2026-07-27,高新街道,科创家园,106.7,55.0,2.8,150.2,314.7,266.6,48.1,553,337
2026-07-28,高新街道,科创家园,120.5,43.5,3.2,158.4,325.5,279.0,46.5,553,371
2026-07-29,高新街道,科创家园,127.3,47.4,2.5,165.4,342.6,278.7,63.9,553,364
2026-07-30,高新街道,科创家园,102.1,45.2,2.2,157.5,306.9,255.4,51.5,553,333
2026-07-31,高新街道,科创家园,106.6,49.2,2.7,166.7,325.2,282.9,42.4,553,334
2026-08-01,高新街道,科创家园,138.2,55.6,4.2,225.7,423.7,358.9,64.9,553,378
2026-08-02,高新街道,科创家园,132.7,58.3,2.5,177.8,371.3,321.9,49.4,553,371
2026-08-03,高新街道,科创家园,107.8,44.1,2.8,138.2,292.9,261.2,31.7,553,336
2026-08-04,高新街道,科创家园,109.3,38.8,2.1,125.8,275.9,233.1,42.9,553,316
2026-08-05,高新街道,科创家园,111.6,45.2,2.5,150.7,310.1,261.3,48.8,553,329
2026-08-06,高新街道,科创家园,116.1,54.4,3.4,163.0,337.0,286.6,50.3,553,376
2026-08-07,高新街道,科创家园,106.7,46.3,2.6,137.7,293.3,252.7,40.6,553,328
2026-08-08,高新街道,科创家园,125.1,58.2,2.4,202.6,388.3,351.1,37.2,553,374
2026-08-09,高新街道,科创家园,127.4,57.1,3.3,200.7,388.5,338.0,50.4,553,364
2026-08-10,高新街道,科创家园,98.1,44.3,2.2,126.3,270.9,236.7,34.2,553,310
2026-08-11,高新街道,科创家园,107.6,50.7,2.8,161.0,322.1,269.1,53.0,553,361
2026-08-12,高新街道,科创家园,111.9,46.5,2.8,145.5,306.7,261.5,45.1,553,349
2026-08-13,高新街道,科创家园,100.2,47.4,2.4,143.2,293.2,254.3,38.9,553,325
2026-08-14,高新街道,科创家园,105.5,48.3,3.0,164.1,321.0,282.3,38.6,553,320
2026-08-15,高新街道,科创家园,134.9,60.6,2.5,185.9,383.9,329.8,54.1,553,349
2026-08-16,高新街道,科创家园,142.4,66.8,4.3,192.2,405.7,373.1,32.6,553,366
2026-08-17,高新街道,科创家园,103.5,43.6,1.9,132.0,281.1,247.7,33.4,553,323
2026-08-18,高新街道,科创家园,103.4,54.6,2.3,157.2,317.5,275.1,42.4,553,344
2026-08-19,高新街道,科创家园,114.2,50.3,3.0,157.5,324.9,276.6,48.4,553,338
2026-08-20,高新街道,科创家园,106.6,49.3,2.7,163.1,321.7,268.9,52.9,553,355
2026-08-21,高新街道,科创家园,117.8,42.2,2.7,140.6,303.2,257.7,45.5,553,334
2026-08-22,高新街道,科创家园,129.8,51.0,3.4,183.0,367.2,324.1,43.1,553,352
2026-08-23,高新街道,科创家园,129.0,57.9,3.1,176.0,366.1,319.6,46.5,553,378
2026-08-24,高新街道,科创家园,96.5,44.0,2.8,152.0,295.3,244.8,50.6,553,323
2026-08-25,高新街道,科创家园,108.5,46.9,2.8,154.9,313.1,279.1,34.1,553,336
2026-08-26,高新街道,科创家园,115.9,55.5,2.8,152.3,326.4,285.7,40.7,553,351
2026-08-27,高新街道,科创家园,100.2,44.5,2.3,153.4,300.4,255.5,44.9,553,334
2026-08-28,高新街道,科创家园,94.5,49.7,2.7,142.0,288.9,249.9,39.0,553,307
2026-08-29,高新街道,科创家园,135.7,55.7,2.7,185.6,379.8,326.1,53.7,553,369
2026-08-30,高新街道,科创家园,124.4,51.5,2.6,160.7,339.2,286.2,53.0,553,342
2026-08-31,高新街道,科创家园,126.3,56.9,3.3,169.6,356.0,310.8,45.2,553,371
2026-09-01,高新街道,科创家园,107.4,47.4,2.4,149.5,306.8,267.1,39.7,553,322
2026-09-02,高新街道,科创家园,109.3,47.2,2.5,143.7,302.7,259.3,43.4,553,326
2026-09-03,高新街道,科创家园,93.6,38.7,2.5,147.0,281.7,245.7,36.0,553,306
2026-09-04,高新街道,科创家园,100.6,43.2,3.5,148.2,295.6,259.4,36.1,553,328
2026-09-05,高新街道,科创家园,112.8,52.8,2.4,171.6,339.6,300.5,39.2,553,329
2026-09-06,高新街道,科创家园,123.0,55.1,2.9,186.2,367.3,324.4,42.9,553,374
2026-09-07,高新街道,科创家园,103.7,48.2,2.9,153.1,308.0,266.0,42.0,553,339
2026-09-08,高新街道,科创家园,93.0,45.3,2.1,127.6,267.9,236.3,31.6,553,301
2026-09-09,高新街道,科创家园,104.1,54.5,2.8,143.2,304.7,264.1,40.6,553,336
2026-09-10,高新街道,科创家园,104.1,57.2,2.9,160.1,324.4,273.5,50.9,553,344
2026-09-11,高新街道,科创家园,98.4,45.1,3.3,174.8,321.6,281.0,40.7,553,355
2026-09-12,高新街道,科创家园,124.2,55.9,2.7,172.2,355.0,304.9,50.1,553,334
2026-09-13,高新街道,科创家园,130.0,55.2,2.1,191.9,379.2,321.4,57.7,553,358
2026-09-14,高新街道,科创家园,102.5,43.6,2.4,150.2,298.7,264.3,34.4,553,324
2026-09-15,高新街道,科创家园,121.0,49.0,4.3,175.3,349.7,307.2,42.5,553,355
2026-09-16,高新街道,科创家园,96.3,47.6,3.5,180.3,327.6,280.8,46.8,553,339
2026-09-17,高新街道,科创家园,113.5,56.1,2.4,180.5,352.4,305.5,46.9,553,342
2026-09-18,高新街道,科创家园,99.5,41.6,2.7,129.2,273.0,235.7,37.3,553,317
2026-09-19,高新街道,科创家园,150.8,63.8,3.7,187.1,405.4,358.3,47.2,553,375
2026-01-01,高新街道,智慧城小区,278.1,126.3,7.5,358.3,770.2,571.1,199.1,1407,875
2026-01-02,高新街道,智慧城小区,298.8,142.1,7.4,433.7,882.0,641.5,240.4,1407,958
2026-01-03,高新街道,智慧城小区,427.1,170.3,13.3,535.8,1146.5,845.6,300.8,1407,1084
2026-01-04,高新街道,智慧城小区,385.1,170.0,6.9,512.9,1074.9,821.8,253.1,1407,999
2026-01-05,高新街道,智慧城小区,306.2,134.3,7.4,378.8,826.8,635.0,191.8,1407,934
2026-01-06,高新街道,智慧城小区,331.3,138.2,7.8,445.9,923.2,691.8,231.4,1407,969
2026-01-07,高新街道,智慧城小区,323.8,140.8,10.1,472.7,947.3,678.9,268.4,1407,1035
2026-01-08,高新街道,智慧城小区,327.6,136.7,9.1,411.1,884.5,645.8,238.7,1407,986
2026-01-09,高新街道,智慧城小区,333.2,117.4,7.9,419.6,878.0,649.0,229.1,1407,1003
2026-01-10,高新街道,智慧城小区,404.0,149.4,8.7,529.7,1091.7,840.1,251.6,1407,1023
2026-01-11,高新街道,智慧城小区,428.5,206.2,9.1,560.2,1204.0,958.5,245.4,1407,1089
2026-01-12,高新街道,智慧城小区,266.4,137.6,8.1,438.2,850.4,621.3,229.1,1407,983
2026-01-13,高新街道,智慧城小区,280.8,155.2,7.4,382.5,825.9,583.8,242.1,1407,962
2026-01-14,高新街道,智慧城小区,325.7,131.0,7.3,445.4,909.4,664.5,244.9,1407,1007
2026-01-15,高新街道,智慧城小区,291.9,115.3,8.4,439.6,855.2,621.3,233.9,1407,916
2026-01-16,高新街道,智慧城小区,292.9,131.1,7.8,434.5,866.3,620.6,245.7,1407,939
2026-01-17,高新街道,智慧城小区,408.1,160.3,6.9,630.8,1206.2,909.8,296.3,1407,1105
2026-01-18,高新街道,智慧城小区,396.2,170.9,8.9,530.4,1106.4,836.0,270.4,1407,1048
2026-01-19,高新街道,智慧城小区,287.1,115.8,7.3,459.8,870.0,655.5,214.5,1407,947
2026-01-20,高新街道,智慧城小区,296.5,121.1,9.2,437.3,864.1,627.5,236.6,1407,911
2026-01-21,高新街道,智慧城小区,293.9,122.6,7.6,454.2,878.3,625.0,253.4,1407,961
2026-01-22,高新街道,智慧城小区,265.5,125.7,8.2,393.2,792.6,580.9,211.7,1407,947
2026-01-23,高新街道,智慧城小区,305.6,128.0,6.3,436.2,876.1,663.7,212.5,1407,944
2026-01-24,高新街道,智慧城小区,320.4,179.4,8.0,555.2,1063.1,782.0,281.0,1407,1004
2026-01-25,高新街道,智慧城小区,386.3,156.7,9.7,566.4,1119.2,847.8,271.3,1407,1086
2026-01-26,高新街道,智慧城小区,326.0,147.3,6.9,477.2,957.4,695.1,262.3,1407,1000
2026-01-27,高新街道,智慧城小区,344.2,150.1,8.0,476.6,978.9,718.9,260.1,1407,1015
2026-01-28,高新街道,智慧城小区,322.0,147.3,7.3,489.8,966.5,729.1,237.4,1407,994
2026-01-29,高新街道,智慧城小区,302.9,129.0,8.1,408.0,848.1,597.2,250.9,1407,970
2026-01-30,高新街道,智慧城小区,275.6,117.4,7.5,436.2,836.8,646.9,189.8,1407,912
2026-01-31,高新街道,智慧城小区,385.5,186.9,8.4,577.6,1158.4,875.6,282.8,1407,1101
2026-02-01,高新街道,智慧城小区,402.3,154.4,6.1,481.5,1044.3,810.5,233.8,1407,970
2026-02-02,高新街道,智慧城小区,266.6,132.9,6.8,440.8,847.0,631.9,215.1,1407,942
2026-02-03,高新街道,智慧城小区,352.1,151.8,9.4,430.4,943.7,684.1,259.6,1407,1067
2026-02-04,高新街道,智慧城小区,328.7,145.8,7.8,514.4,996.7,732.8,263.9,1407,1047
2026-02-05,高新街道,智慧城小区,343.3,115.3,7.2,393.2,859.0,635.5,223.5,1407,919
2026-02-06,高新街道,智慧城小区,287.2,140.4,5.6,449.9,883.1,646.0,237.1,1407,927
2026-02-07,高新街道,智慧城小区,394.2,175.0,10.5,495.4,1075.1,834.0,241.1,1407,1063
2026-02-08,高新街道,智慧城小区,390.6,154.8,9.0,476.3,1030.7,792.9,237.8,1407,1010
2026-02-09,高新街道,智慧城小区,337.3,141.3,8.4,458.2,945.2,674.6,270.6,1407,967
2026-02-10,高新街道,智慧城小区,308.1,136.1,7.8,434.2,886.2,653.2,233.0,1407,997
2026-02-11,高新街道,智慧城小区,294.7,133.0,7.9,404.8,840.5,624.5,216.0,1407,961
2026-02-12,高新街道,智慧城小区,308.0,126.2,8.9,453.2,896.3,673.8,222.6,1407,951
2026-02-13,高新街道,智慧城小区,346.9,129.0,7.0,467.5,950.4,689.3,261.1,1407,994
2026-02-14,高新街道,智慧城小区,349.4,172.5,7.3,513.3,1042.4,763.7,278.7,1407,1009
2026-02-15,高新街道,智慧城小区,381.0,156.8,7.0,588.0,1132.8,841.4,291.5,1407,1090
2026-02-16,高新街道,智慧城小区,303.8,140.7,11.8,452.5,908.8,688.9,220.0,1407,1024
2026-02-17,高新街道,智慧城小区,320.4,141.5,7.1,421.4,890.4,653.6,236.8,1407,970
2026-02-18,高新街道,智慧城小区,279.6,152.2,7.1,414.6,853.6,630.7,222.9,1407,941
2026-02-19,高新街道,智慧城小区,317.9,130.6,9.2,451.5,909.2,671.4,237.8,1407,968
2026-02-20,高新街道,智慧城小区,322.1,130.3,6.3,451.2,909.8,673.9,235.9,1407,943
2026-02-21,高新街道,智慧城小区,341.2,168.5,10.3,558.0,1078.0,801.1,276.9,1407,1078
2026-02-22,高新街道,智慧城小区,377.3,161.7,8.3,587.2,1134.5,870.1,264.4,1407,1004
2026-02-23,高新街道,智慧城小区,337.5,130.8,7.5,412.5,888.3,682.0,206.4,1407,1005
2026-02-24,高新街道,智慧城小区,298.4,118.6,7.4,416.4,840.8,606.5,234.3,1407,934
2026-02-25,高新街道,智慧城小区,306.2,158.6,5.9,462.2,932.9,675.2,257.7,1407,1036
2026-02-26,高新街道,智慧城小区,336.7,128.5,6.4,437.4,909.1,656.9,252.2,1407,944
2026-02-27,高新街道,智慧城小区,296.3,127.8,7.0,461.7,892.7,658.6,234.1,1407,978
2026-02-28,高新街道,智慧城小区,370.5,161.5,8.7,501.2,1042.0,783.7,258.3,1407,997
2026-03-01,高新街道,智慧城小区,367.9,183.5,8.5,514.5,1074.4,821.4,252.9,1407,1062
2026-03-02,高新街道,智慧城小区,300.3,144.3,7.4,444.5,896.5,658.1,238.5,1407,970
2026-03-03,高新街道,智慧城小区,336.9,134.6,7.2,415.7,894.4,660.7,233.7,1407,973
2026-03-04,高新街道,智慧城小区,304.6,144.0,6.4,453.5,908.6,684.7,223.8,1407,1033
2026-03-05,高新街道,智慧城小区,282.6,130.0,7.4,416.5,836.5,634.6,201.9,1407,907
2026-03-06,高新街道,智慧城小区,304.4,146.2,5.6,436.1,892.2,657.0,235.2,1407,986
2026-03-07,高新街道,智慧城小区,407.3,180.0,9.3,614.3,1210.8,929.6,281.2,1407,1101
2026-03-08,高新街道,智慧城小区,329.4,167.2,8.1,502.0,1006.8,764.2,242.5,1407,985
2026-03-09,高新街道,智慧城小区,318.2,142.9,6.7,397.5,865.2,643.2,222.0,1407,982
2026-03-10,高新街道,智慧城小区,269.8,145.6,5.2,424.4,845.0,623.2,221.8,1407,917
2026-03-11,高新街道,智慧城小区,330.6,158.1,10.6,449.0,948.3,730.4,217.8,1407,1016
2026-03-12,高新街道,智慧城小区,312.4,141.1,7.5,475.6,936.6,713.7,222.9,1407,1028
2026-03-13,高新街道,智慧城小区,342.0,151.9,5.8,437.6,937.3,674.6,262.6,1407,1035
2026-03-14,高新街道,智慧城小区,344.1,169.9,9.2,554.0,1077.3,854.1,223.2,1407,1037
2026-03-15,高新街道,智慧城小区,385.3,183.6,8.9,560.6,1138.4,868.9,269.5,1407,1092
2026-03-16,高新街道,智慧城小区,307.5,131.2,8.6,417.9,865.1,646.3,218.7,1407,959
2026-03-17,高新街道,智慧城小区,320.9,143.5,7.8,429.0,901.2,704.9,196.3,1407,949
2026-03-18,高新街道,智慧城小区,308.7,132.8,9.1,416.9,867.5,642.6,224.8,1407,952
2026-03-19,高新街道,智慧城小区,300.7,132.3,8.4,432.8,874.2,652.9,221.3,1407,904
2026-03-20,高新街道,智慧城小区,334.9,150.2,6.1,425.1,916.3,703.8,212.4,1407,1009
2026-03-21,高新街道,智慧城小区,385.5,168.2,8.8,527.4,1089.9,810.0,279.8,1407,1098
2026-03-22,高新街道,智慧城小区,327.1,156.1,6.3,533.7,1023.2,790.8,232.5,1407,954
2026-03-23,高新街道,智慧城小区,334.1,142.9,7.0,486.3,970.4,732.4,237.9,1407,1022
2026-03-24,高新街道,智慧城小区,357.2,144.0,8.9,490.2,1000.2,762.1,238.1,1407,1062
2026-03-25,高新街道,智慧城小区,326.4,130.8,6.2,432.9,896.4,694.6,201.8,1407,1030
2026-03-26,高新街道,智慧城小区,363.5,156.8,10.0,447.3,977.5,726.6,250.9,1407,1037
2026-03-27,高新街道,智慧城小区,263.7,119.2,6.9,423.2,813.0,590.8,222.2,1407,931
2026-03-28,高新街道,智慧城小区,386.5,154.9,8.1,491.4,1040.9,799.9,241.1,1407,1015
2026-03-29,高新街道,智慧城小区,400.5,152.6,8.6,559.7,1121.5,881.0,240.5,1407,1045
2026-03-30,高新街道,智慧城小区,303.7,145.7,10.7,487.5,947.6,679.6,268.0,1407,1023
2026-03-31,高新街道,智慧城小区,332.9,126.7,7.3,424.7,891.6,648.3,243.3,1407,966
2026-04-01,高新街道,智慧城小区,303.0,121.5,7.3,404.9,836.7,647.6,189.1,1407,912
2026-04-02,高新街道,智慧城小区,340.5,147.9,6.9,476.7,972.0,752.9,219.2,1407,976
2026-04-03,高新街道,智慧城小区,331.3,126.8,6.4,443.5,907.9,698.6,209.3,1407,984
2026-04-04,高新街道,智慧城小区,398.6,183.2,9.3,631.8,1222.9,935.3,287.6,1407,1134
2026-04-05,高新街道,智慧城小区,391.7,158.6,8.8,533.4,1092.5,828.0,264.6,1407,979
2026-04-06,高新街道,智慧城小区,295.5,114.6,6.6,433.6,850.3,665.1,185.1,1407,960
2026-04-07,高新街道,智慧城小区,297.9,144.7,7.4,390.2,840.0,631.0,209.1,1407,928
2026-04-08,高新街道,智慧城小区,330.1,129.4,7.7,466.5,933.7,734.5,199.2,1407,944
2026-04-09,高新街道,智慧城小区,292.5,129.0,11.1,397.6,830.2,613.9,216.3,1407,932
2026-04-10,高新街道,智慧城小区,304.0,136.4,6.7,422.2,869.4,643.6,225.8,1407,937
2026-04-11,高新街道,智慧城小区,393.2,196.3,7.6,518.1,1115.0,904.0,211.0,1407,1048
2026-04-12,高新街道,智慧城小区,337.8,166.7,8.5,524.0,1037.0,795.7,241.3,1407,1024
2026-04-13,高新街道,智慧城小区,291.9,141.4,8.6,403.6,845.4,649.4,196.0,1407,987
2026-04-14,高新街道,智慧城小区,276.2,131.5,8.0,435.7,851.3,672.6,178.7,1407,924
2026-04-15,高新街道,智慧城小区,307.3,130.2,7.8,431.1,876.4,678.2,198.2,1407,954
2026-04-16,高新街道,智慧城小区,275.5,143.9,8.0,376.9,804.4,607.0,197.4,1407,962
2026-04-17,高新街道,智慧城小区,294.6,125.6,7.0,414.5,841.8,654.9,186.9,1407,974
2026-04-18,高新街道,智慧城小区,421.1,212.0,9.3,599.6,1241.9,945.6,296.3,1407,1119
2026-04-19,高新街道,智慧城小区,380.8,176.0,8.3,549.7,1114.7,847.1,267.7,1407,1040
2026-04-20,高新街道,智慧城小区,301.1,127.9,9.1,426.0,864.1,664.8,199.2,1407,964
2026-04-21,高新街道,智慧城小区,330.8,115.8,8.1,404.8,859.6,661.6,198.0,1407,970
2026-04-22,高新街道,智慧城小区,284.1,139.5,8.0,430.5,862.1,664.5,197.6,1407,970
2026-04-23,高新街道,智慧城小区,337.6,134.2,9.2,441.4,922.3,702.7,219.6,1407,983
2026-04-24,高新街道,智慧城小区,297.3,124.0,7.7,414.9,843.9,664.2,179.7,1407,967
2026-04-25,高新街道,智慧城小区,356.6,170.3,9.7,546.1,1082.7,867.3,215.4,1407,1010
2026-04-26,高新街道,智慧城小区,382.3,197.2,10.8,563.4,1153.7,917.0,236.7,1407,1043
2026-04-27,高新街道,智慧城小区,301.5,141.4,10.1,476.0,929.0,728.0,201.0,1407,1013
2026-04-28,高新街道,智慧城小区,340.3,154.7,8.8,483.4,987.2,752.8,234.4,1407,1040
2026-04-29,高新街道,智慧城小区,359.5,139.2,8.7,500.7,1008.1,781.1,227.1,1407,1031
2026-04-30,高新街道,智慧城小区,279.1,120.6,6.9,396.3,802.8,611.3,191.6,1407,921
2026-05-01,高新街道,智慧城小区,333.8,123.7,7.3,437.9,902.7,714.9,187.7,1407,967
2026-05-02,高新街道,智慧城小区,391.2,191.4,6.8,598.7,1188.2,950.7,237.5,1407,1098
2026-05-03,高新街道,智慧城小区,420.6,184.6,6.7,538.1,1149.9,875.5,274.4,1407,1068
2026-05-04,高新街道,智慧城小区,327.9,118.3,9.7,492.6,948.6,746.0,202.6,1407,1008
2026-05-05,高新街道,智慧城小区,326.2,155.6,8.2,440.0,930.0,722.1,207.9,1407,989
2026-05-06,高新街道,智慧城小区,313.3,119.0,8.5,472.6,913.4,712.8,200.6,1407,979
2026-05-07,高新街道,智慧城小区,325.0,144.3,9.7,483.0,962.2,761.9,200.2,1407,1019
2026-05-08,高新街道,智慧城小区,292.2,129.6,6.6,395.3,823.8,659.2,164.5,1407,951
2026-05-09,高新街道,智慧城小区,398.1,176.6,6.8,536.0,1117.5,887.3,230.3,1407,1066
2026-05-10,高新街道,智慧城小区,354.3,157.1,7.9,579.5,1098.9,857.4,241.5,1407,1051
2026-05-11,高新街道,智慧城小区,324.6,143.1,8.8,455.0,931.6,725.0,206.6,1407,1022
2026-05-12,高新街道,智慧城小区,282.8,137.1,8.9,393.5,822.3,626.8,195.5,1407,916
2026-05-13,高新街道,智慧城小区,327.1,128.0,5.1,432.4,892.6,662.6,230.0,1407,1018
2026-05-14,高新街道,智慧城小区,310.2,122.0,7.5,482.6,922.2,705.7,216.5,1407,930
2026-05-15,高新街道,智慧城小区,309.9,143.9,8.5,412.7,874.9,678.6,196.3,1407,974
2026-05-16,高新街道,智慧城小区,369.4,190.2,9.0,525.8,1094.5,851.6,242.8,1407,1021
2026-05-17,高新街道,智慧城小区,352.6,194.4,8.3,477.7,1033.0,834.6,198.4,1407,1057
2026-05-18,高新街道,智慧城小区,298.9,160.2,8.3,482.4,949.7,707.3,242.4,1407,1027
2026-05-19,高新街道,智慧城小区,326.5,139.7,6.8,460.2,933.2,717.6,215.7,1407,1001
2026-05-20,高新街道,智慧城小区,329.6,147.9,5.5,428.2,911.2,675.1,236.2,1407,1018
2026-05-21,高新街道,智慧城小区,304.5,172.9,7.7,426.4,911.5,696.7,214.7,1407,1007
2026-05-22,高新街道,智慧城小区,279.9,142.5,8.1,435.8,866.4,667.2,199.1,1407,939
2026-05-23,高新街道,智慧城小区,369.3,182.3,7.2,538.1,1096.9,886.9,210.1,1407,1070
2026-05-24,高新街道,智慧城小区,344.7,155.4,8.3,520.3,1028.8,807.3,221.5,1407,1043
2026-05-25,高新街道,智慧城小区,309.4,145.5,10.5,461.6,926.9,735.8,191.1,1407,1034
2026-05-26,高新街道,智慧城小区,319.5,157.3,7.4,443.9,928.2,711.2,217.0,1407,1015
2026-05-27,高新街道,智慧城小区,316.6,118.1,7.5,465.9,908.1,715.3,192.7,1407,983
2026-05-28,高新街道,智慧城小区,328.1,139.0,9.9,444.9,921.9,700.1,221.8,1407,1009
2026-05-29,高新街道,智慧城小区,311.9,144.4,6.2,459.8,922.4,709.0,213.4,1407,970
2026-05-30,高新街道,智慧城小区,455.8,165.8,7.1,561.8,1190.5,936.7,253.9,1407,1073
2026-05-31,高新街道,智慧城小区,386.9,163.6,6.9,517.7,1075.2,851.4,223.8,1407,1086
2026-06-01,高新街道,智慧城小区,353.9,119.5,8.2,420.9,902.5,700.1,202.3,1407,977
2026-06-02,高新街道,智慧城小区,326.2,145.6,7.5,470.0,949.4,747.4,201.9,1407,958
2026-06-03,高新街道,智慧城小区,331.9,157.1,7.4,444.2,940.7,749.7,191.0,1407,1040
2026-06-04,高新街道,智慧城小区,291.8,112.6,6.6,396.8,807.8,664.4,143.3,1407,936
2026-06-05,高新街道,智慧城小区,328.6,128.4,7.1,477.3,941.4,726.0,215.4,1407,994
2026-06-06,高新街道,智慧城小区,368.4,195.7,11.7,516.5,1092.2,902.2,190.1,1407,1105
2026-06-07,高新街道,智慧城小区,382.9,172.3,9.1,588.6,1152.8,939.3,213.5,1407,1061
2026-06-08,高新街道,智慧城小区,282.5,129.5,9.3,350.7,772.1,620.1,151.9,1407,918
2026-06-09,高新街道,智慧城小区,270.3,138.9,6.8,358.7,774.7,598.3,176.4,1407,917
2026-06-10,高新街道,智慧城小区,306.4,155.9,10.8,478.7,951.8,742.8,209.0,1407,1067
2026-06-11,高新街道,智慧城小区,332.9,147.1,7.6,392.7,880.3,720.1,160.2,1407,954
2026-06-12,高新街道,智慧城小区,292.8,128.4,7.1,394.4,822.8,629.7,193.1,1407,883
2026-06-13,高新街道,智慧城小区,378.7,173.3,11.6,571.6,1135.2,930.6,204.6,1407,1064
2026-06-14,高新街道,智慧城小区,397.3,163.5,7.8,543.0,1111.5,876.2,235.3,1407,1050
2026-06-15,高新街道,智慧城小区,316.9,152.3,8.1,466.3,943.7,765.0,178.7,1407,1015
2026-06-16,高新街道,智慧城小区,237.7,127.2,6.3,363.8,735.0,579.1,155.9,1407,892
2026-06-17,高新街道,智慧城小区,333.8,152.0,8.7,434.8,929.4,714.3,215.2,1407,1021
2026-06-18,高新街道,智慧城小区,319.7,141.5,9.1,432.8,903.0,720.0,183.1,1407,1006
2026-06-19,高新街道,智慧城小区,321.6,159.0,6.6,439.9,927.2,744.5,182.8,1407,1005
2026-06-20,高新街道,智慧城小区,421.5,158.8,14.0,530.6,1125.0,880.9,244.1,1407,1067
2026-06-21,高新街道,智慧城小区,388.2,159.0,9.9,517.2,1074.3,861.3,212.9,1407,1052
2026-06-22,高新街道,智慧城小区,326.0,144.5,5.5,441.3,917.3,689.3,228.0,1407,934
2026-06-23,高新街道,智慧城小区,291.7,147.3,8.5,467.7,915.2,684.3,231.0,1407,980
2026-06-24,高新街道,智慧城小区,284.6,125.4,9.0,447.6,866.6,674.2,192.4,1407,973
2026-06-25,高新街道,智慧城小区,306.3,153.5,6.9,508.9,975.7,766.1,209.6,1407,1035
2026-06-26,高新街道,智慧城小区,313.6,170.4,11.0,471.9,966.9,766.8,200.0,1407,1022
2026-06-27,高新街道,智慧城小区,354.3,178.3,7.2,581.7,1121.5,915.7,205.8,1407,1039
2026-06-28,高新街道,智慧城小区,395.0,185.1,8.9,536.4,1125.4,916.2,209.1,1407,1062
2026-06-29,高新街道,智慧城小区,334.3,178.4,8.1,468.3,989.0,747.8,241.3,1407,1022
2026-06-30,高新街道,智慧城小区,304.7,140.4,9.1,445.1,899.3,709.7,189.6,1407,1009
2026-07-01,高新街道,智慧城小区,323.9,151.7,7.6,407.5,890.7,719.1,171.6,1407,988
2026-07-02,高新街道,智慧城小区,267.3,131.7,7.8,454.0,860.9,678.6,182.3,1407,949
2026-07-03,高新街道,智慧城小区,338.3,132.1,8.6,489.3,968.3,748.1,220.2,1407,988
2026-07-04,高新街道,智慧城小区,420.6,166.9,10.5,573.1,1171.1,903.5,267.5,1407,1066
2026-07-05,高新街道,智慧城小区,443.8,177.9,7.0,537.6,1166.4,976.2,190.2,1407,1079
2026-07-06,高新街道,智慧城小区,322.3,165.9,7.8,474.7,970.7,787.6,183.1,1407,1026
2026-07-07,高新街道,智慧城小区,295.0,157.2,6.5,433.6,892.2,714.6,177.6,1407,928
2026-07-08,高新街道,智慧城小区,277.8,142.6,6.6,458.9,885.9,684.2,201.7,1407,945
2026-07-09,高新街道,智慧城小区,324.4,121.7,8.2,454.5,908.7,712.0,196.7,1407,989
2026-07-10,高新街道,智慧城小区,287.6,139.3,9.3,410.0,846.2,688.5,157.7,1407,944
2026-07-11,高新街道,智慧城小区,360.5,173.0,7.1,571.1,1111.7,870.3,241.4,1407,1041
2026-07-12,高新街道,智慧城小区,349.1,153.4,10.7,543.7,1056.9,854.9,202.0,1407,1097
2026-07-13,高新街道,智慧城小区,316.9,134.9,8.4,448.1,908.2,696.3,211.9,1407,976
2026-07-14,高新街道,智慧城小区,332.8,145.2,9.4,484.2,971.7,775.5,196.2,1407,1041
2026-07-15,高新街道,智慧城小区,322.0,130.9,7.2,405.7,865.8,672.6,193.2,1407,980
2026-07-16,高新街道,智慧城小区,312.1,124.1,9.5,409.1,854.9,633.6,221.3,1407,968
2026-07-17,高新街道,智慧城小区,365.4,146.5,6.5,480.3,998.6,808.4,190.2,1407,1002
2026-07-18,高新街道,智慧城小区,374.7,169.0,7.6,438.6,989.9,827.2,162.7,1407,980
2026-07-19,高新街道,智慧城小区,415.5,164.7,7.7,514.6,1102.5,881.7,220.8,1407,1030
2026-07-20,高新街道,智慧城小区,300.9,141.0,7.3,379.8,828.9,662.3,166.7,1407,986
2026-07-21,高新街道,智慧城小区,326.4,136.2,8.0,476.5,947.1,762.5,184.6,1407,1008
2026-07-22,高新街道,智慧城小区,298.8,144.7,8.2,487.5,939.1,734.1,205.0,1407,1020
2026-07-23,高新街道,智慧城小区,279.6,127.1,7.9,383.8,798.4,620.0,178.4,1407,950
2026-07-24,高新街道,智慧城小区,321.2,142.3,6.4,451.8,921.7,723.6,198.1,1407,1010
2026-07-25,高新街道,智慧城小区,388.8,164.4,7.8,509.1,1070.2,862.1,208.0,1407,1047
2026-07-26,高新街道,智慧城小区,372.6,186.7,9.5,535.2,1103.9,908.1,195.8,1407,1003
2026-07-27,高新街道,智慧城小区,296.8,134.3,8.5,451.0,890.6,710.3,180.3,1407,979
2026-07-28,高新街道,智慧城小区,328.4,147.3,6.2,533.8,1015.7,819.9,195.7,1407,1036
2026-07-29,高新街道,智慧城小区,315.9,136.8,7.8,422.6,883.1,693.8,189.3,1407,1012
2026-07-30,高新街道,智慧城小区,341.6,134.4,8.8,488.4,973.2,728.4,244.8,1407,1033
2026-07-31,高新街道,智慧城小区,340.3,124.9,8.7,460.4,934.3,729.3,205.0,1407,1001
2026-08-01,高新街道,智慧城小区,387.8,169.8,11.7,547.1,1116.4,947.5,168.9,1407,1080
2026-08-02,高新街道,智慧城小区,411.1,184.5,8.3,528.8,1132.8,935.0,197.8,1407,1047
2026-08-03,高新街道,智慧城小区,294.3,128.8,6.5,368.4,797.9,634.4,163.5,1407,914
2026-08-04,高新街道,智慧城小区,328.0,129.5,8.5,445.6,911.6,735.3,176.3,1407,1001
2026-08-05,高新街道,智慧城小区,324.0,149.3,7.7,435.7,916.7,750.2,166.4,1407,945
2026-08-06,高新街道,智慧城小区,293.1,134.0,10.2,395.0,832.3,679.9,152.3,1407,943
2026-08-07,高新街道,智慧城小区,312.3,150.9,10.6,451.4,925.3,770.1,155.1,1407,978
2026-08-08,高新街道,智慧城小区,362.9,147.1,7.5,545.0,1062.5,888.1,174.4,1407,1018
2026-08-09,高新街道,智慧城小区,470.4,180.0,8.2,626.9,1285.4,1052.4,233.1,1407,1130
2026-08-10,高新街道,智慧城小区,335.5,147.0,6.9,420.4,909.8,751.2,158.7,1407,1005
2026-08-11,高新街道,智慧城小区,318.2,135.5,6.1,387.7,847.5,679.6,167.8,1407,978
2026-08-12,高新街道,智慧城小区,302.6,128.4,6.7,407.9,845.6,690.1,155.5,1407,959
2026-08-13,高新街道,智慧城小区,324.8,145.5,8.2,461.3,939.8,771.7,168.0,1407,977
2026-08-14,高新街道,智慧城小区,351.0,157.8,7.3,477.3,993.3,797.7,195.6,1407,1044
2026-08-15,高新街道,智慧城小区,395.6,172.8,7.3,576.3,1152.0,900.7,251.3,1407,1116
2026-08-16,高新街道,智慧城小区,439.4,175.2,7.1,511.7,1133.4,918.1,215.3,1407,1134
2026-08-17,高新街道,智慧城小区,303.9,128.7,7.5,395.3,835.4,655.3,180.1,1407,930
2026-08-18,高新街道,智慧城小区,295.1,138.7,7.0,428.4,869.2,700.2,169.0,1407,927
2026-08-19,高新街道,智慧城小区,293.7,137.0,6.9,460.6,898.3,689.2,209.1,1407,900
2026-08-20,高新街道,智慧城小区,309.1,139.2,7.0,404.6,859.9,668.1,191.9,1407,958
2026-08-21,高新街道,智慧城小区,310.9,144.5,7.8,442.7,905.9,737.4,168.5,1407,992
2026-08-22,高新街道,智慧城小区,355.8,157.8,8.2,472.7,994.5,807.2,187.3,1407,1022
2026-08-23,高新街道,智慧城小区,365.2,193.9,8.5,505.4,1073.0,892.6,180.4,1407,1058
2026-08-24,高新街道,智慧城小区,316.4,142.4,7.8,419.4,886.0,736.4,149.6,1407,1044
2026-08-25,高新街道,智慧城小区,340.2,143.5,9.4,429.6,922.7,746.2,176.5,1407,1022
2026-08-26,高新街道,智慧城小区,293.4,127.6,6.9,424.4,852.3,712.1,140.1,1407,954
2026-08-27,高新街道,智慧城小区,302.2,140.7,6.7,466.5,916.2,731.7,184.4,1407,992
2026-08-28,高新街道,智慧城小区,303.5,141.5,6.9,444.6,896.5,731.4,165.1,1407,986
2026-08-29,高新街道,智慧城小区,399.3,151.9,8.5,545.3,1105.0,897.4,207.6,1407,1168
2026-08-30,高新街道,智慧城小区,349.3,148.1,9.3,517.0,1023.7,820.8,202.9,1407,1002
2026-08-31,高新街道,智慧城小区,334.3,135.0,10.0,457.3,936.7,770.2,166.5,1407,988
2026-09-01,高新街道,智慧城小区,325.3,139.8,8.2,477.8,951.2,759.6,191.6,1407,1015
2026-09-02,高新街道,智慧城小区,324.7,139.1,6.6,380.3,850.6,658.8,191.8,1407,974
2026-09-03,高新街道,智慧城小区,343.8,146.4,7.0,379.9,877.0,739.6,137.5,1407,981
2026-09-04,高新街道,智慧城小区,324.8,126.6,8.1,449.4,908.9,731.0,177.8,1407,988
2026-09-05,高新街道,智慧城小区,395.7,172.5,9.6,515.8,1093.5,921.2,172.4,1407,1047
2026-09-06,高新街道,智慧城小区,380.7,154.0,6.7,524.5,1065.8,820.0,245.8,1407,1049
2026-09-07,高新街道,智慧城小区,277.0,120.8,9.4,441.8,849.1,688.2,160.8,1407,993
2026-09-08,高新街道,智慧城小区,298.5,126.8,6.8,384.6,816.6,663.6,153.0,1407,933
2026-09-09,高新街道,智慧城小区,335.9,159.9,8.3,473.5,977.6,779.1,198.4,1407,1072
2026-09-10,高新街道,智慧城小区,342.3,137.5,7.9,502.1,989.7,793.0,196.8,1407,1046
2026-09-11,高新街道,智慧城小区,331.2,132.1,8.2,464.7,936.2,712.9,223.2,1407,1002
2026-09-12,高新街道,智慧城小区,410.2,174.2,8.9,591.2,1184.5,950.5,234.0,1407,1095
2026-09-13,高新街道,智慧城小区,419.2,177.4,11.5,514.2,1122.3,972.3,150.0,1407,1085
2026-09-14,高新街道,智慧城小区,331.6,113.5,8.0,443.4,896.4,700.4,196.0,1407,996
2026-09-15,高新街道,智慧城小区,289.1,129.3,7.1,473.7,899.2,742.8,156.4,1407,1007
2026-09-16,高新街道,智慧城小区,310.8,123.9,10.5,448.5,893.7,732.3,161.4,1407,963
2026-09-17,高新街道,智慧城小区,356.1,147.0,8.1,509.0,1020.2,843.5,176.7,1407,1047
2026-09-18,高新街道,智慧城小区,345.0,124.4,5.9,457.6,932.9,758.5,174.3,1407,958
2026-09-19,高新街道,智慧城小区,442.4,155.5,8.6,609.8,1216.3,987.0,229.3,1407,1078
2026-01-01,高新街道,未来之光,261.5,98.4,6.0,351.7,717.6,583.0,134.6,940,708
2026-01-02,高新街道,未来之光,227.7,116.0,6.2,323.2,673.0,550.4,122.6,940,751
2026-01-03,高新街道,未来之光,315.3,127.1,5.5,373.1,821.0,670.1,150.9,940,766
2026-01-04,高新街道,未来之光,254.5,114.0,5.4,390.3,764.2,620.0,144.2,940,722
2026-01-05,高新街道,未来之光,186.3,90.0,4.7,269.1,550.1,432.9,117.2,940,644
2026-01-06,高新街道,未来之光,235.0,105.1,5.7,307.6,653.4,545.9,107.5,940,737
2026-01-07,高新街道,未来之光,209.5,105.1,6.2,325.3,646.0,528.9,117.1,940,737
2026-01-08,高新街道,未来之光,240.6,105.8,5.8,333.6,685.8,574.6,111.1,940,769
2026-01-09,高新街道,未来之光,262.1,115.4,6.6,283.5,667.5,523.1,144.5,940,728
2026-01-10,高新街道,未来之光,320.4,133.0,6.0,443.4,902.8,702.9,199.9,940,790
2026-01-11,高新街道,未来之光,260.7,131.1,8.3,423.0,823.1,679.7,143.4,940,792
2026-01-12,高新街道,未来之光,229.9,111.8,5.2,306.8,653.8,534.3,119.5,940,714
2026-01-13,高新街道,未来之光,207.4,106.0,5.6,338.2,657.2,520.2,137.0,940,714
2026-01-14,高新街道,未来之光,255.9,107.0,5.9,349.8,718.6,547.6,171.0,940,738
2026-01-15,高新街道,未来之光,241.5,116.4,6.5,312.2,676.6,556.9,119.7,940,728
2026-01-16,高新街道,未来之光,227.7,100.3,6.6,354.8,689.3,567.3,122.0,940,710
2026-01-17,高新街道,未来之光,300.7,145.7,6.7,406.5,859.5,698.4,161.1,940,809
2026-01-18,高新街道,未来之光,263.2,108.3,7.2,421.4,800.1,677.5,122.6,940,744
2026-01-19,高新街道,未来之光,219.4,93.7,4.7,299.8,617.7,498.4,119.3,940,686
2026-01-20,高新街道,未来之光,226.7,84.5,7.2,305.9,624.3,505.2,119.1,940,696
2026-01-21,高新街道,未来之光,235.7,91.9,5.1,309.5,642.3,524.0,118.3,940,719
2026-01-22,高新街道,未来之光,246.6,97.8,6.1,336.3,686.9,549.9,136.9,940,751
2026-01-23,高新街道,未来之光,238.9,94.2,5.4,340.3,678.8,538.9,139.9,940,713
2026-01-24,高新街道,未来之光,319.3,114.9,6.6,399.6,840.4,689.7,150.8,940,796
2026-01-25,高新街道,未来之光,266.7,116.1,5.4,381.6,769.8,608.6,161.2,940,738
2026-01-26,高新街道,未来之光,227.8,93.0,5.0,265.1,590.9,498.8,92.1,940,665
2026-01-27,高新街道,未来之光,226.3,108.3,4.4,324.8,663.9,540.4,123.6,940,673
2026-01-28,高新街道,未来之光,194.7,92.9,5.6,267.7,560.8,449.0,111.8,940,654
2026-01-29,高新街道,未来之光,250.4,99.8,6.3,353.7,710.2,568.7,141.5,940,737
2026-01-30,高新街道,未来之光,238.1,102.7,6.2,317.7,664.6,542.0,122.6,940,739
2026-01-31,高新街道,未来之光,256.0,115.1,6.2,386.0,763.2,635.1,128.1,940,717
2026-02-01,高新街道,未来之光,270.0,121.9,5.8,409.0,806.7,681.0,125.7,940,766
2026-02-02,高新街道,未来之光,250.8,101.0,4.9,313.5,670.1,526.8,143.3,940,711
2026-02-03,高新街道,未来之光,252.6,91.0,4.6,309.4,657.6,503.2,154.4,940,715
2026-02-04,高新街道,未来之光,251.1,96.5,6.1,382.8,736.5,605.4,131.1,940,764
2026-02-05,高新街道,未来之光,233.7,89.1,6.7,341.0,670.5,536.3,134.2,940,720
2026-02-06,高新街道,未来之光,205.0,100.9,4.9,313.0,623.8,480.0,143.8,940,679
2026-02-07,高新街道,未来之光,290.0,125.9,6.1,403.7,825.7,672.2,153.5,940,765
2026-02-08,高新街道,未来之光,271.5,141.7,5.7,425.2,844.0,693.2,150.8,940,757
2026-02-09,高新街道,未来之光,263.2,100.7,5.3,324.1,693.3,549.9,143.5,940,739
2026-02-10,高新街道,未来之光,231.4,98.1,7.8,322.3,659.7,531.1,128.6,940,725
2026-02-11,高新街道,未来之光,249.1,116.0,7.9,340.0,713.0,566.3,146.7,940,740
2026-02-12,高新街道,未来之光,200.6,94.4,4.4,271.3,570.7,456.6,114.0,940,663
2026-02-13,高新街道,未来之光,232.7,111.0,6.5,355.8,706.0,569.4,136.6,940,738
2026-02-14,高新街道,未来之光,321.8,129.9,6.8,476.0,934.5,800.4,134.1,940,837
2026-02-15,高新街道,未来之光,292.9,131.8,5.7,384.3,814.7,652.8,161.9,940,804
2026-02-16,高新街道,未来之光,231.0,119.9,5.5,317.8,674.3,539.7,134.6,940,753
2026-02-17,高新街道,未来之光,238.2,104.3,7.5,333.1,683.1,553.2,129.8,940,736
2026-02-18,高新街道,未来之光,236.3,92.6,5.2,327.9,661.9,527.5,134.4,940,684
2026-02-19,高新街道,未来之光,229.5,101.2,5.4,318.5,654.5,551.3,103.2,940,723
2026-02-20,高新街道,未来之光,236.2,115.8,5.8,326.6,684.5,546.9,137.5,940,742
2026-02-21,高新街道,未来之光,279.0,123.3,7.6,402.7,812.7,683.0,129.7,940,764
2026-02-22,高新街道,未来之光,297.4,124.2,6.9,415.1,843.7,708.6,135.1,940,757
2026-02-23,高新街道,未来之光,243.3,109.9,6.9,325.1,685.3,540.3,145.0,940,718
2026-02-24,高新街道,未来之光,204.2,95.6,6.7,294.3,600.7,500.5,100.3,940,698
2026-02-25,高新街道,未来之光,223.4,83.3,5.8,294.7,607.2,473.0,134.2,940,668
2026-02-26,高新街道,未来之光,222.9,90.7,5.5,317.1,636.2,503.6,132.6,940,688
2026-02-27,高新街道,未来之光,240.1,95.6,6.4,347.8,689.9,563.3,126.7,940,743
2026-02-28,高新街道,未来之光,322.3,109.6,6.5,416.0,854.5,695.6,158.8,940,755
2026-03-01,高新街道,未来之光,273.7,122.7,7.0,389.7,793.1,647.5,145.6,940,762
2026-03-02,高新街道,未来之光,245.7,103.4,5.7,347.5,702.4,608.7,93.7,940,707
2026-03-03,高新街道,未来之光,224.1,98.8,5.4,310.5,638.8,499.4,139.4,940,731
2026-03-04,高新街道,未来之光,232.7,99.8,6.5,337.5,676.5,528.3,148.3,940,730
2026-03-05,高新街道,未来之光,273.8,137.0,6.1,367.7,784.6,632.3,152.4,940,805
2026-03-06,高新街道,未来之光,219.4,126.3,5.1,315.0,665.9,524.9,141.0,940,710
2026-03-07,高新街道,未来之光,272.3,135.3,4.8,401.2,813.6,648.0,165.6,940,781
2026-03-08,高新街道,未来之光,272.4,115.6,5.6,413.1,806.6,636.7,169.9,940,753
2026-03-09,高新街道,未来之光,221.5,102.6,5.5,346.0,675.7,574.2,101.5,940,729
2026-03-10,高新街道,未来之光,230.7,102.1,6.8,294.5,634.0,517.2,116.8,940,675
2026-03-11,高新街道,未来之光,218.8,99.1,5.0,315.1,638.1,520.7,117.4,940,686
2026-03-12,高新街道,未来之光,246.0,97.1,5.8,291.3,640.3,521.0,119.3,940,707
2026-03-13,高新街道,未来之光,239.3,89.0,6.0,278.7,613.0,502.6,110.4,940,706
2026-03-14,高新街道,未来之光,287.2,116.9,5.3,384.2,793.6,661.6,132.0,940,762
2026-03-15,高新街道,未来之光,293.4,117.0,8.3,413.4,832.0,687.3,144.7,940,783
2026-03-16,高新街道,未来之光,237.5,100.9,5.6,349.0,693.0,554.0,139.0,940,731
2026-03-17,高新街道,未来之光,228.1,92.8,5.5,323.1,649.5,546.6,102.8,940,662
2026-03-18,高新街道,未来之光,256.4,98.3,4.8,368.4,728.0,555.3,172.7,940,742
2026-03-19,高新街道,未来之光,248.7,105.6,6.4,323.8,684.5,533.2,151.3,940,731
2026-03-20,高新街道,未来之光,216.0,98.1,4.4,325.6,644.3,527.6,116.7,940,699
2026-03-21,高新街道,未来之光,293.9,117.4,5.2,392.4,808.8,629.2,179.6,940,777
2026-03-22,高新街道,未来之光,267.1,126.0,6.5,406.9,806.5,672.7,133.8,940,776
2026-03-23,高新街道,未来之光,244.8,105.8,6.2,359.5,716.3,567.9,148.4,940,724
2026-03-24,高新街道,未来之光,211.8,98.8,4.5,307.4,622.5,506.5,116.0,940,696
2026-03-25,高新街道,未来之光,219.3,106.1,6.0,339.2,670.6,549.2,121.4,940,752
2026-03-26,高新街道,未来之光,250.1,111.2,7.9,323.3,692.6,563.2,129.4,940,719
2026-03-27,高新街道,未来之光,214.6,102.6,6.3,324.3,647.8,520.3,127.5,940,692
2026-03-28,高新街道,未来之光,309.5,112.7,7.4,396.6,826.2,669.8,156.5,940,748
2026-03-29,高新街道,未来之光,258.8,122.0,5.1,416.4,802.4,649.5,152.9,940,733
2026-03-30,高新街道,未来之光,245.4,117.8,5.5,334.7,703.4,567.6,135.9,940,739
2026-03-31,高新街道,未来之光,247.4,102.9,8.2,335.2,693.6,544.8,148.9,940,722
2026-04-01,高新街道,未来之光,215.4,96.5,4.9,331.1,647.9,522.3,125.6,940,735
2026-04-02,高新街道,未来之光,240.5,97.7,7.6,285.1,630.9,514.0,116.9,940,756
2026-04-03,高新街道,未来之光,233.1,106.2,5.9,338.0,683.3,557.9,125.4,940,729
2026-04-04,高新街道,未来之光,267.2,108.0,5.2,403.9,784.3,640.7,143.5,940,728
2026-04-05,高新街道,未来之光,312.6,129.7,7.5,424.0,873.8,747.8,125.9,940,802
2026-04-06,高新街道,未来之光,232.2,88.2,6.2,282.9,609.5,518.6,90.9,940,697
2026-04-07,高新街道,未来之光,222.9,98.8,7.9,307.0,636.6,505.5,131.2,940,686
2026-04-08,高新街道,未来之光,242.5,103.0,6.9,307.1,659.4,547.1,112.3,940,727
2026-04-09,高新街道,未来之光,210.8,114.1,5.4,310.4,640.7,494.4,146.2,940,734
2026-04-10,高新街道,未来之光,228.1,107.3,6.5,347.9,689.9,596.3,93.5,940,722
2026-04-11,高新街道,未来之光,283.8,117.4,6.3,364.4,772.0,620.5,151.4,940,785
2026-04-12,高新街道,未来之光,272.1,121.2,5.9,421.7,821.0,693.3,127.7,940,761
2026-04-13,高新街道,未来之光,224.9,91.5,5.8,306.8,629.1,500.8,128.3,940,712
2026-04-14,高新街道,未来之光,258.8,103.6,5.8,329.2,697.4,551.3,146.1,940,737
2026-04-15,高新街道,未来之光,243.0,88.8,7.2,359.8,698.8,563.6,135.2,940,755
2026-04-16,高新街道,未来之光,206.4,97.0,5.5,293.8,602.7,498.2,104.5,940,645
2026-04-17,高新街道,未来之光,249.7,103.0,5.9,344.7,703.2,585.0,118.2,940,726
2026-04-18,高新街道,未来之光,272.0,124.7,6.8,404.4,807.9,663.0,144.9,940,739
2026-04-19,高新街道,未来之光,271.7,125.7,4.8,396.4,798.6,660.1,138.5,940,765
2026-04-20,高新街道,未来之光,219.7,98.1,5.9,288.8,612.4,531.0,81.4,940,680
2026-04-21,高新街道,未来之光,207.7,106.8,6.2,300.2,621.0,512.4,108.6,940,707
2026-04-22,高新街道,未来之光,204.7,105.1,6.4,311.4,627.6,505.8,121.7,940,706
2026-04-23,高新街道,未来之光,235.8,91.3,6.2,304.5,637.7,519.9,117.8,940,726
2026-04-24,高新街道,未来之光,204.8,96.7,5.5,313.3,620.3,513.7,106.6,940,692
2026-04-25,高新街道,未来之光,290.3,137.0,6.4,386.9,820.6,666.1,154.5,940,775
2026-04-26,高新街道,未来之光,272.4,124.5,5.1,381.5,783.5,629.6,153.9,940,726
2026-04-27,高新街道,未来之光,250.4,86.8,6.9,339.4,683.6,555.6,128.0,940,743
2026-04-28,高新街道,未来之光,227.0,95.2,4.9,305.4,632.5,509.9,122.5,940,708
2026-04-29,高新街道,未来之光,244.0,127.4,6.4,354.3,732.2,583.6,148.6,940,760
2026-04-30,高新街道,未来之光,230.1,95.3,5.3,330.4,661.1,526.7,134.4,940,716
2026-05-01,高新街道,未来之光,223.9,100.7,5.0,297.0,626.7,519.5,107.2,940,688
2026-05-02,高新街道,未来之光,257.6,128.4,3.8,380.6,770.5,647.9,122.5,940,700
2026-05-03,高新街道,未来之光,277.9,127.7,4.9,363.1,773.6,652.0,121.6,940,732
2026-05-04,高新街道,未来之光,233.3,105.1,5.5,339.3,683.1,561.2,121.9,940,753
2026-05-05,高新街道,未来之光,228.0,101.7,5.2,308.6,643.5,540.4,103.0,940,728
2026-05-06,高新街道,未来之光,221.9,113.2,7.0,323.0,665.2,560.5,104.6,940,772
2026-05-07,高新街道,未来之光,254.3,113.3,4.9,292.3,664.8,540.2,124.6,940,709
2026-05-08,高新街道,未来之光,255.5,95.3,6.6,319.1,676.5,564.9,111.7,940,741
2026-05-09,高新街道,未来之光,318.0,128.7,5.9,402.3,854.8,721.7,133.1,940,771
2026-05-10,高新街道,未来之光,305.7,135.4,5.8,399.4,846.2,703.4,142.8,940,740
2026-05-11,高新街道,未来之光,238.8,105.7,4.7,358.3,707.4,606.9,100.5,940,760
2026-05-12,高新街道,未来之光,254.0,109.6,5.2,349.1,717.9,605.5,112.4,940,761
2026-05-13,高新街道,未来之光,226.2,108.0,7.2,340.6,682.0,552.2,129.8,940,740
2026-05-14,高新街道,未来之光,267.3,104.2,6.5,370.0,748.0,618.6,129.4,940,751
2026-05-15,高新街道,未来之光,205.1,99.5,5.0,328.2,637.8,531.3,106.5,940,669
2026-05-16,高新街道,未来之光,261.5,118.2,5.7,429.0,814.4,705.7,108.7,940,756
2026-05-17,高新街道,未来之光,317.2,136.3,6.8,406.4,866.7,705.8,160.8,940,793
2026-05-18,高新街道,未来之光,243.6,99.4,4.4,318.4,665.7,568.7,97.0,940,719
2026-05-19,高新街道,未来之光,221.8,106.1,6.4,318.6,652.9,534.2,118.7,940,721
2026-05-20,高新街道,未来之光,226.1,108.8,6.8,302.1,643.9,525.0,118.9,940,696
2026-05-21,高新街道,未来之光,215.3,89.8,4.9,328.3,638.2,546.8,91.3,940,715
2026-05-22,高新街道,未来之光,215.3,90.9,5.0,338.6,649.8,530.5,119.3,940,708
2026-05-23,高新街道,未来之光,316.4,127.7,6.0,446.8,896.8,776.2,120.6,940,825
2026-05-24,高新街道,未来之光,323.9,128.4,8.8,379.2,840.4,696.4,144.0,940,784
2026-05-25,高新街道,未来之光,221.4,109.6,7.4,377.0,715.3,593.1,122.3,940,734
2026-05-26,高新街道,未来之光,221.3,99.8,5.2,306.3,632.6,524.1,108.5,940,672
2026-05-27,高新街道,未来之光,245.6,113.0,4.8,315.1,678.4,551.1,127.3,940,722
2026-05-28,高新街道,未来之光,262.0,92.7,6.2,343.8,704.6,558.3,146.2,940,777
2026-05-29,高新街道,未来之光,256.7,108.0,5.5,327.1,697.3,563.0,134.3,940,755
2026-05-30,高新街道,未来之光,279.6,127.9,4.8,375.8,788.2,657.2,131.0,940,760
2026-05-31,高新街道,未来之光,316.3,131.5,6.9,420.2,875.0,728.4,146.6,940,817
2026-06-01,高新街道,未来之光,256.0,93.1,5.3,339.0,693.4,586.3,107.0,940,741
2026-06-02,高新街道,未来之光,228.5,111.1,6.3,363.3,709.3,592.4,116.9,940,796
2026-06-03,高新街道,未来之光,218.9,119.2,7.6,344.2,689.8,591.5,98.3,940,753
2026-06-04,高新街道,未来之光,238.3,109.8,4.4,311.1,663.6,529.0,134.6,940,724
2026-06-05,高新街道,未来之光,253.2,118.3,6.6,367.6,745.7,630.9,114.8,940,771
2026-06-06,高新街道,未来之光,269.8,134.6,5.2,426.4,836.0,703.0,133.0,940,789
2026-06-07,高新街道,未来之光,273.2,121.5,6.6,425.6,827.0,686.7,140.3,940,786
2026-06-08,高新街道,未来之光,203.5,90.1,4.7,344.1,642.5,543.5,99.0,940,696
2026-06-09,高新街道,未来之光,248.2,108.6,4.4,296.1,657.3,558.9,98.3,940,700
2026-06-10,高新街道,未来之光,232.6,101.8,4.3,299.9,638.5,508.5,130.0,940,726
2026-06-11,高新街道,未来之光,211.5,94.3,7.0,311.9,624.6,519.0,105.6,940,746
2026-06-12,高新街道,未来之光,232.4,82.3,5.3,329.0,649.0,536.1,112.9,940,691
2026-06-13,高新街道,未来之光,268.9,120.4,5.0,392.0,786.3,667.8,118.5,940,762
2026-06-14,高新街道,未来之光,298.5,112.9,4.7,383.1,799.3,668.8,130.5,940,764
2026-06-15,高新街道,未来之光,230.2,92.9,5.0,317.3,645.4,534.7,110.7,940,726
2026-06-16,高新街道,未来之光,247.1,102.0,7.2,351.3,707.5,577.3,130.1,940,760
2026-06-17,高新街道,未来之光,188.2,93.5,5.8,259.5,547.1,438.7,108.4,940,637
2026-06-18,高新街道,未来之光,259.6,112.7,7.3,345.7,725.2,607.8,117.4,940,746
2026-06-19,高新街道,未来之光,241.7,90.5,5.6,334.2,672.0,560.8,111.3,940,719
2026-06-20,高新街道,未来之光,297.2,120.8,7.1,375.8,800.8,691.6,109.2,940,762
2026-06-21,高新街道,未来之光,264.9,122.9,7.5,376.3,771.7,657.0,114.7,940,773
2026-06-22,高新街道,未来之光,214.1,117.4,7.5,354.4,693.4,554.4,139.0,940,740
2026-06-23,高新街道,未来之光,268.9,104.0,7.7,330.2,710.7,587.1,123.6,940,775
2026-06-24,高新街道,未来之光,218.9,92.7,5.1,302.1,618.7,509.0,109.7,940,678
2026-06-25,高新街道,未来之光,252.3,93.9,6.6,332.8,685.6,559.3,126.3,940,730
2026-06-26,高新街道,未来之光,223.1,105.6,6.3,312.2,647.3,539.2,108.1,940,728
2026-06-27,高新街道,未来之光,299.6,135.7,7.5,411.7,854.5,695.7,158.8,940,778
2026-06-28,高新街道,未来之光,264.7,118.1,6.2,394.7,783.7,653.2,130.5,940,775
2026-06-29,高新街道,未来之光,206.1,102.8,4.9,298.2,611.9,506.6,105.3,940,690
2026-06-30,高新街道,未来之光,240.1,88.9,5.6,302.0,636.6,527.1,109.5,940,702
2026-07-01,高新街道,未来之光,229.4,110.8,5.2,309.9,655.3,546.7,108.6,940,718
2026-07-02,高新街道,未来之光,246.0,119.5,6.0,373.6,745.1,615.3,129.8,940,773
2026-07-03,高新街道,未来之光,219.3,92.1,7.0,358.2,676.6,567.6,109.1,940,747
2026-07-04,高新街道,未来之光,279.2,109.3,5.3,370.1,763.9,677.6,86.3,940,737
2026-07-05,高新街道,未来之光,280.2,130.8,7.2,410.0,828.2,704.3,123.9,940,760
2026-07-06,高新街道,未来之光,225.1,106.4,5.0,329.9,666.5,559.6,106.9,940,728
2026-07-07,高新街道,未来之光,219.3,99.0,5.3,313.2,636.7,517.1,119.6,940,730
2026-07-08,高新街道,未来之光,190.4,99.0,5.4,285.7,580.5,481.8,98.7,940,663
2026-07-09,高新街道,未来之光,220.7,93.9,7.6,325.9,648.0,550.2,97.8,940,714
2026-07-10,高新街道,未来之光,213.3,99.5,6.4,335.2,654.3,546.4,108.0,940,745
2026-07-11,高新街道,未来之光,297.1,131.0,6.2,402.6,837.0,739.2,97.8,940,763
2026-07-12,高新街道,未来之光,271.7,120.5,6.3,375.6,774.0,648.8,125.2,940,723
2026-07-13,高新街道,未来之光,247.1,91.5,5.6,331.4,675.5,573.5,102.0,940,707
2026-07-14,高新街道,未来之光,236.1,106.4,5.9,327.3,675.7,555.5,120.1,940,753
2026-07-15,高新街道,未来之光,197.5,92.9,5.8,311.5,607.7,529.9,77.8,940,708
2026-07-16,高新街道,未来之光,238.3,92.9,5.0,340.9,677.1,575.4,101.7,940,759
2026-07-17,高新街道,未来之光,251.3,103.7,5.8,304.8,665.6,534.7,130.9,940,721
2026-07-18,高新街道,未来之光,287.8,131.6,7.1,402.1,828.5,701.6,127.0,940,771
2026-07-19,高新街道,未来之光,300.9,114.6,5.9,425.8,847.2,722.4,124.8,940,764
2026-07-20,高新街道,未来之光,216.7,108.6,3.9,314.2,643.5,529.4,114.0,940,694
2026-07-21,高新街道,未来之光,227.8,109.9,5.9,347.6,691.2,566.8,124.4,940,727
2026-07-22,高新街道,未来之光,229.2,105.6,6.4,307.4,648.6,554.3,94.3,940,732
2026-07-23,高新街道,未来之光,225.9,95.9,5.3,351.3,678.4,566.9,111.4,940,724
2026-07-24,高新街道,未来之光,246.4,97.7,6.3,320.1,670.5,553.1,117.4,940,764
2026-07-25,高新街道,未来之光,299.4,139.6,4.8,389.1,832.9,711.6,121.3,940,773
2026-07-26,高新街道,未来之光,300.7,121.6,9.4,415.7,847.4,696.3,151.1,940,839
2026-07-27,高新街道,未来之光,225.6,98.2,4.9,305.5,634.3,508.9,125.4,940,699
2026-07-28,高新街道,未来之光,251.1,102.9,5.9,362.4,722.3,601.3,121.0,940,769
2026-07-29,高新街道,未来之光,239.5,95.6,4.4,282.4,621.8,535.8,86.0,940,700
2026-07-30,高新街道,未来之光,239.1,106.4,4.7,364.1,714.3,611.1,103.2,940,773
2026-07-31,高新街道,未来之光,222.9,86.2,6.0,290.1,605.2,502.9,102.3,940,688
2026-08-01,高新街道,未来之光,243.6,133.0,7.1,382.7,766.5,655.2,111.3,940,763
2026-08-02,高新街道,未来之光,300.6,146.8,6.8,402.2,856.2,730.9,125.3,940,794
2026-08-03,高新街道,未来之光,216.7,111.4,6.3,290.6,625.0,527.7,97.2,940,722
2026-08-04,高新街道,未来之光,220.3,99.7,9.0,333.5,662.4,546.1,116.3,940,756
2026-08-05,高新街道,未来之光,235.4,111.1,8.5,359.4,714.5,611.7,102.8,940,777
2026-08-06,高新街道,未来之光,255.6,100.5,5.5,335.3,696.8,612.7,84.1,940,717
2026-08-07,高新街道,未来之光,241.2,88.7,5.2,344.0,679.0,566.8,112.3,940,732
2026-08-08,高新街道,未来之光,296.3,131.7,7.3,376.2,811.6,703.3,108.3,940,792
2026-08-09,高新街道,未来之光,290.4,106.1,5.2,403.2,804.9,675.8,129.2,940,780
2026-08-10,高新街道,未来之光,222.3,105.6,5.5,343.0,676.4,578.3,98.1,940,723
2026-08-11,高新街道,未来之光,245.0,108.7,4.9,324.0,682.5,568.3,114.2,940,703
2026-08-12,高新街道,未来之光,228.3,112.9,7.2,319.7,668.1,555.1,113.0,940,752
2026-08-13,高新街道,未来之光,231.7,102.1,6.8,342.7,683.3,572.6,110.8,940,769
2026-08-14,高新街道,未来之光,258.0,119.9,5.3,309.3,692.4,559.7,132.7,940,726
2026-08-15,高新街道,未来之光,322.0,150.6,7.7,397.8,878.2,738.1,140.1,940,832
2026-08-16,高新街道,未来之光,271.8,116.2,5.6,409.8,803.4,668.1,135.3,940,762
2026-08-17,高新街道,未来之光,249.8,102.0,6.3,316.1,674.2,565.7,108.5,940,769
2026-08-18,高新街道,未来之光,256.1,106.0,5.7,312.6,680.5,541.0,139.4,940,753
2026-08-19,高新街道,未来之光,243.9,104.8,5.6,315.3,669.6,574.3,95.3,940,749
2026-08-20,高新街道,未来之光,224.3,115.5,5.7,279.3,624.8,525.6,99.2,940,719
2026-08-21,高新街道,未来之光,224.0,88.2,6.0,312.1,630.4,521.4,109.0,940,706
2026-08-22,高新街道,未来之光,287.9,125.2,6.1,406.3,825.4,693.5,132.0,940,786
2026-08-23,高新街道,未来之光,310.3,121.4,6.5,472.3,910.5,778.4,132.1,940,788
2026-08-24,高新街道,未来之光,218.0,97.2,5.8,341.5,662.5,553.8,108.7,940,735
2026-08-25,高新街道,未来之光,249.8,96.2,6.4,335.1,687.5,583.2,104.2,940,744
2026-08-26,高新街道,未来之光,218.8,92.0,6.1,335.7,652.5,547.4,105.1,940,724
2026-08-27,高新街道,未来之光,224.9,107.0,5.9,323.1,661.0,551.5,109.5,940,734
2026-08-28,高新街道,未来之光,219.7,105.8,5.2,341.7,672.5,573.2,99.3,940,753
2026-08-29,高新街道,未来之光,302.3,125.6,5.3,458.0,891.1,705.7,185.4,940,787
2026-08-30,高新街道,未来之光,277.9,105.4,6.6,365.6,755.5,656.9,98.6,940,767
2026-08-31,高新街道,未来之光,243.5,98.2,7.4,343.8,692.9,588.1,104.8,940,764
2026-09-01,高新街道,未来之光,230.2,97.9,4.7,346.7,679.5,573.2,106.3,940,711
2026-09-02,高新街道,未来之光,258.2,123.5,5.2,323.5,710.4,620.6,89.8,940,766
2026-09-03,高新街道,未来之光,234.6,96.3,6.0,333.8,670.6,559.6,111.0,940,746
2026-09-04,高新街道,未来之光,210.9,106.7,7.5,333.1,658.3,564.2,94.1,940,739
2026-09-05,高新街道,未来之光,293.1,116.8,5.9,392.8,808.7,704.9,103.8,940,770
2026-09-06,高新街道,未来之光,256.5,127.2,6.5,396.5,786.7,678.5,108.2,940,761
2026-09-07,高新街道,未来之光,238.2,99.7,5.6,336.2,679.7,583.7,96.0,940,732
2026-09-08,高新街道,未来之光,251.0,113.0,4.3,348.2,716.5,632.4,84.0,940,759
2026-09-09,高新街道,未来之光,236.2,96.1,5.5,316.8,654.6,561.8,92.8,940,740
2026-09-10,高新街道,未来之光,280.3,102.0,5.6,335.6,723.6,622.2,101.4,940,780
2026-09-11,高新街道,未来之光,220.0,106.5,5.1,339.9,671.4,552.9,118.4,940,709
2026-09-12,高新街道,未来之光,314.2,114.5,5.8,415.1,849.6,746.4,103.2,940,793
2026-09-13,高新街道,未来之光,285.9,127.2,6.5,413.9,833.6,715.1,118.4,940,825
2026-09-14,高新街道,未来之光,228.3,113.8,5.0,342.1,689.2,567.3,121.9,940,724
2026-09-15,高新街道,未来之光,235.0,106.0,6.2,327.0,674.1,583.0,91.1,940,723
2026-09-16,高新街道,未来之光,236.5,106.1,6.2,358.1,707.0,586.6,120.4,940,756
2026-09-17,高新街道,未来之光,230.2,89.1,7.2,323.5,650.0,569.8,80.2,940,717
2026-09-18,高新街道,未来之光,237.9,97.6,7.1,345.7,688.3,575.7,112.5,940,739
2026-09-19,高新街道,未来之光,269.4,122.1,6.9,408.0,806.3,699.9,106.4,940,765
2026-01-01,高新街道,星辰苑,229.1,100.8,6.2,318.4,654.5,502.0,152.5,1000,759
2026-01-02,高新街道,星辰苑,273.0,132.2,6.7,367.7,779.5,595.3,184.3,1000,786
2026-01-03,高新街道,星辰苑,302.1,139.9,7.0,383.3,832.3,657.6,174.6,1000,779
2026-01-04,高新街道,星辰苑,276.5,140.6,5.1,451.5,873.6,698.9,174.7,1000,766
2026-01-05,高新街道,星辰苑,233.0,96.1,5.3,327.7,662.1,523.6,138.5,1000,725
2026-01-06,高新街道,星辰苑,224.5,89.6,4.7,296.3,615.1,476.7,138.4,1000,711
2026-01-07,高新街道,星辰苑,249.1,105.2,6.5,362.7,723.4,586.7,136.7,1000,751
2026-01-08,高新街道,星辰苑,251.6,115.7,7.0,335.3,709.7,559.4,150.2,1000,788
2026-01-09,高新街道,星辰苑,217.2,93.6,5.2,300.4,616.4,481.9,134.5,1000,684
2026-01-10,高新街道,星辰苑,313.9,128.5,5.4,410.5,858.4,688.6,169.8,1000,763
2026-01-11,高新街道,星辰苑,277.2,154.0,7.0,384.1,822.4,666.9,155.5,1000,800
2026-01-12,高新街道,星辰苑,234.3,93.1,5.9,313.4,646.8,507.5,139.2,1000,732
2026-01-13,高新街道,星辰苑,233.5,102.7,6.8,320.4,663.5,514.0,149.5,1000,751
2026-01-14,高新街道,星辰苑,213.5,99.2,6.2,300.6,619.4,476.5,142.9,1000,701
2026-01-15,高新街道,星辰苑,218.5,105.3,7.1,298.1,629.0,498.2,130.9,1000,742
2026-01-16,高新街道,星辰苑,209.0,102.1,6.5,319.0,636.6,520.2,116.5,1000,721
2026-01-17,高新街道,星辰苑,317.8,174.3,8.2,442.8,943.2,753.2,190.0,1000,853
2026-01-18,高新街道,星辰苑,291.4,131.4,5.9,371.6,800.2,638.7,161.5,1000,780
2026-01-19,高新街道,星辰苑,225.7,109.0,7.2,365.3,707.2,569.1,138.1,1000,768
2026-01-20,高新街道,星辰苑,246.3,111.1,5.4,268.0,630.8,484.7,146.0,1000,769
2026-01-21,高新街道,星辰苑,238.6,111.3,7.1,333.1,690.2,529.4,160.8,1000,755
2026-01-22,高新街道,星辰苑,196.3,84.6,5.9,297.1,583.8,451.4,132.4,1000,673
2026-01-23,高新街道,星辰苑,219.9,108.5,5.8,343.9,678.1,523.1,155.1,1000,720
2026-01-24,高新街道,星辰苑,287.8,126.7,7.9,407.0,829.3,624.9,204.4,1000,805
2026-01-25,高新街道,星辰苑,279.9,107.6,6.0,402.0,795.5,637.8,157.7,1000,759
2026-01-26,高新街道,星辰苑,221.7,95.1,5.5,303.7,625.9,501.3,124.6,1000,715
2026-01-27,高新街道,星辰苑,225.9,98.0,6.2,335.1,665.1,493.6,171.5,1000,708
2026-01-28,高新街道,星辰苑,226.9,96.8,5.3,335.1,664.1,513.2,150.8,1000,692
2026-01-29,高新街道,星辰苑,240.1,111.3,5.4,317.2,674.0,531.8,142.2,1000,743
2026-01-30,高新街道,星辰苑,224.7,99.3,5.6,310.0,639.6,496.8,142.8,1000,704
2026-01-31,高新街道,星辰苑,298.9,132.5,8.0,408.2,847.7,697.4,150.3,1000,817
2026-02-01,高新街道,星辰苑,301.4,133.8,7.2,395.7,838.1,655.4,182.7,1000,799
2026-02-02,高新街道,星辰苑,239.9,94.2,4.3,328.6,667.0,508.3,158.7,1000,724
2026-02-03,高新街道,星辰苑,221.8,93.7,7.1,312.2,634.7,493.3,141.4,1000,690
2026-02-04,高新街道,星辰苑,228.8,99.8,7.0,348.8,684.3,546.0,138.3,1000,741
2026-02-05,高新街道,星辰苑,209.7,107.3,4.3,332.1,653.5,497.0,156.4,1000,704
2026-02-06,高新街道,星辰苑,232.0,114.9,6.1,307.8,660.8,525.0,135.8,1000,746
2026-02-07,高新街道,星辰苑,293.8,134.1,7.0,381.2,816.1,634.6,181.5,1000,743
2026-02-08,高新街道,星辰苑,263.6,121.9,7.5,427.3,820.3,634.7,185.6,1000,760
2026-02-09,高新街道,星辰苑,201.4,103.9,5.6,297.3,608.2,473.6,134.7,1000,675
2026-02-10,高新街道,星辰苑,214.0,118.8,7.4,308.0,648.3,505.5,142.8,1000,719
2026-02-11,高新街道,星辰苑,236.9,110.0,6.8,313.4,667.1,504.2,162.9,1000,747
2026-02-12,高新街道,星辰苑,242.6,100.2,6.7,285.5,635.0,514.6,120.4,1000,731
2026-02-13,高新街道,星辰苑,230.5,110.9,5.1,304.6,651.0,521.2,129.8,1000,717
2026-02-14,高新街道,星辰苑,269.2,126.5,6.4,414.5,816.5,647.2,169.3,1000,779
2026-02-15,高新街道,星辰苑,279.2,120.6,5.9,378.9,784.6,615.6,169.0,1000,764
2026-02-16,高新街道,星辰苑,226.8,97.5,5.7,345.0,675.0,535.5,139.5,1000,714
2026-02-17,高新街道,星辰苑,206.9,85.5,3.4,334.8,630.7,481.6,149.0,1000,670
2026-02-18,高新街道,星辰苑,239.7,110.3,5.7,360.1,715.8,570.8,145.0,1000,762
2026-02-19,高新街道,星辰苑,237.7,116.6,6.1,313.5,673.9,532.9,141.0,1000,741
2026-02-20,高新街道,星辰苑,240.1,105.5,5.2,342.6,693.5,550.2,143.3,1000,757
2026-02-21,高新街道,星辰苑,277.2,136.5,7.9,378.8,800.4,622.3,178.1,1000,784
2026-02-22,高新街道,星辰苑,296.3,127.0,5.9,407.5,836.7,668.8,167.9,1000,783
2026-02-23,高新街道,星辰苑,241.0,112.9,6.8,365.0,725.7,568.6,157.1,1000,790
2026-02-24,高新街道,星辰苑,221.0,100.4,6.9,334.2,662.6,518.2,144.4,1000,783
2026-02-25,高新街道,星辰苑,222.2,107.2,6.7,329.3,665.5,512.8,152.7,1000,728
2026-02-26,高新街道,星辰苑,225.0,109.2,6.5,343.3,684.0,551.6,132.5,1000,700
2026-02-27,高新街道,星辰苑,239.9,112.9,7.5,329.9,690.2,536.1,154.1,1000,769
2026-02-28,高新街道,星辰苑,321.0,135.2,6.6,386.5,849.3,650.5,198.8,1000,847
2026-03-01,高新街道,星辰苑,287.6,125.7,3.8,415.2,832.2,673.7,158.5,1000,779
2026-03-02,高新街道,星辰苑,238.6,106.0,6.2,344.9,695.7,554.6,141.1,1000,754
2026-03-03,高新街道,星辰苑,269.2,99.5,5.7,375.1,749.5,601.3,148.1,1000,753
2026-03-04,高新街道,星辰苑,249.4,106.3,7.2,358.8,721.7,570.8,150.8,1000,773
2026-03-05,高新街道,星辰苑,226.1,116.2,7.8,377.7,727.8,557.6,170.2,1000,750
2026-03-06,高新街道,星辰苑,238.5,94.9,8.3,353.4,695.1,556.2,138.9,1000,731
2026-03-07,高新街道,星辰苑,294.8,121.6,4.7,429.1,850.1,689.7,160.4,1000,825
2026-03-08,高新街道,星辰苑,298.3,135.4,7.3,384.0,825.1,661.8,163.3,1000,810
2026-03-09,高新街道,星辰苑,242.0,111.4,6.8,332.4,692.6,560.6,132.0,1000,733
2026-03-10,高新街道,星辰苑,225.5,100.0,5.9,320.3,651.7,519.4,132.3,1000,771
2026-03-11,高新街道,星辰苑,236.4,102.4,6.9,342.3,688.1,542.8,145.3,1000,735
2026-03-12,高新街道,星辰苑,234.5,102.7,8.6,303.1,648.8,514.2,134.6,1000,735
2026-03-13,高新街道,星辰苑,231.9,101.7,5.2,338.6,677.4,526.4,151.0,1000,713
2026-03-14,高新街道,星辰苑,325.5,111.7,7.3,394.2,838.8,681.4,157.3,1000,823
2026-03-15,高新街道,星辰苑,291.3,115.9,7.4,379.8,794.4,643.7,150.7,1000,793
2026-03-16,高新街道,星辰苑,224.4,113.5,8.0,286.7,632.6,510.7,121.9,1000,702
2026-03-17,高新街道,星辰苑,267.1,101.5,6.9,334.0,709.4,554.1,155.3,1000,729
2026-03-18,高新街道,星辰苑,212.5,116.1,5.7,330.3,664.6,513.2,151.4,1000,689
2026-03-19,高新街道,星辰苑,246.5,94.3,5.8,313.7,660.3,507.3,153.0,1000,735
2026-03-20,高新街道,星辰苑,252.4,113.6,5.9,361.8,733.6,593.3,140.4,1000,757
2026-03-21,高新街道,星辰苑,265.8,123.3,9.2,436.4,834.8,663.8,171.0,1000,813
2026-03-22,高新街道,星辰苑,265.4,121.4,6.1,447.0,839.8,685.9,153.9,1000,770
2026-03-23,高新街道,星辰苑,240.3,111.3,4.9,299.9,656.4,533.1,123.3,1000,748
2026-03-24,高新街道,星辰苑,220.9,88.4,6.8,325.8,642.0,518.2,123.8,1000,747
2026-03-25,高新街道,星辰苑,235.4,98.4,5.8,343.3,682.9,547.0,135.9,1000,737
2026-03-26,高新街道,星辰苑,243.9,108.6,5.0,330.2,687.7,542.4,145.2,1000,735
2026-03-27,高新街道,星辰苑,259.8,107.3,8.2,339.7,715.1,560.9,154.2,1000,745
2026-03-28,高新街道,星辰苑,294.7,131.2,5.5,405.2,836.5,671.6,165.0,1000,794
2026-03-29,高新街道,星辰苑,270.8,134.7,5.3,438.7,849.4,673.4,176.0,1000,826
2026-03-30,高新街道,星辰苑,233.6,79.0,5.5,323.6,641.8,504.8,136.9,1000,690
2026-03-31,高新街道,星辰苑,215.9,106.3,6.6,338.2,667.0,546.0,121.0,1000,696
2026-04-01,高新街道,星辰苑,239.5,99.7,4.4,327.6,671.2,568.0,103.2,1000,732
2026-04-02,高新街道,星辰苑,214.5,106.1,5.2,295.9,621.8,475.2,146.6,1000,732
2026-04-03,高新街道,星辰苑,227.3,94.4,6.9,333.4,662.0,540.1,122.0,1000,729
2026-04-04,高新街道,星辰苑,316.6,139.6,7.4,367.1,830.7,665.5,165.2,1000,740
2026-04-05,高新街道,星辰苑,282.5,120.5,8.1,417.8,828.9,665.7,163.1,1000,810
2026-04-06,高新街道,星辰苑,239.9,92.7,5.2,338.5,676.4,527.6,148.8,1000,776
2026-04-07,高新街道,星辰苑,259.4,103.4,5.6,365.1,733.6,589.9,143.7,1000,753
2026-04-08,高新街道,星辰苑,241.3,99.9,5.0,380.4,726.6,594.2,132.4,1000,741
2026-04-09,高新街道,星辰苑,220.9,112.3,5.0,376.2,714.4,564.7,149.7,1000,756
2026-04-10,高新街道,星辰苑,246.2,105.4,6.1,352.3,710.0,591.1,118.9,1000,764
2026-04-11,高新街道,星辰苑,288.0,150.5,6.2,409.2,853.9,694.9,159.0,1000,827
2026-04-12,高新街道,星辰苑,268.6,125.5,4.7,402.5,801.3,656.0,145.2,1000,810
2026-04-13,高新街道,星辰苑,230.8,101.3,7.4,385.1,724.4,571.4,153.0,1000,756
2026-04-14,高新街道,星辰苑,254.8,94.8,5.5,291.9,647.1,507.1,140.0,1000,778
2026-04-15,高新街道,星辰苑,230.6,123.0,7.3,307.3,668.1,538.5,129.6,1000,715
2026-04-16,高新街道,星辰苑,236.8,119.1,9.5,368.3,733.7,573.8,159.9,1000,786
2026-04-17,高新街道,星辰苑,241.4,111.8,5.4,379.2,737.8,606.1,131.7,1000,780
2026-04-18,高新街道,星辰苑,322.6,126.8,5.9,419.5,874.8,693.4,181.4,1000,819
2026-04-19,高新街道,星辰苑,279.3,120.7,7.0,430.7,837.7,666.9,170.8,1000,802
2026-04-20,高新街道,星辰苑,239.6,94.3,7.6,311.6,653.1,519.2,133.9,1000,698
2026-04-21,高新街道,星辰苑,238.7,135.9,5.6,357.1,737.2,591.7,145.5,1000,735
2026-04-22,高新街道,星辰苑,223.1,128.1,6.6,346.7,704.5,564.9,139.6,1000,783
2026-04-23,高新街道,星辰苑,224.6,86.7,7.9,333.9,653.2,533.3,119.9,1000,752
2026-04-24,高新街道,星辰苑,255.4,98.4,6.4,322.4,682.7,538.7,143.9,1000,731
2026-04-25,高新街道,星辰苑,324.4,125.8,6.6,429.4,886.2,699.7,186.4,1000,825
2026-04-26,高新街道,星辰苑,309.3,134.4,6.7,419.1,869.5,713.2,156.3,1000,857
2026-04-27,高新街道,星辰苑,248.4,105.3,6.0,320.6,680.3,523.3,157.0,1000,752
2026-04-28,高新街道,星辰苑,247.9,108.2,6.4,366.8,729.3,586.9,142.4,1000,753
2026-04-29,高新街道,星辰苑,219.6,116.1,5.8,344.5,686.1,556.0,130.0,1000,762
2026-04-30,高新街道,星辰苑,223.4,127.7,6.9,325.1,683.2,531.0,152.2,1000,810
2026-05-01,高新街道,星辰苑,212.8,103.7,6.6,382.0,705.1,594.6,110.5,1000,766
2026-05-02,高新街道,星辰苑,289.6,120.8,4.1,380.9,795.4,645.3,150.1,1000,721
2026-05-03,高新街道,星辰苑,277.0,121.3,6.0,418.1,822.5,679.9,142.5,1000,791
2026-05-04,高新街道,星辰苑,222.9,99.9,5.6,301.3,629.7,516.9,112.8,1000,686
2026-05-05,高新街道,星辰苑,247.6,110.0,7.1,384.4,749.2,623.4,125.7,1000,791
2026-05-06,高新街道,星辰苑,233.9,92.0,4.3,308.0,638.2,505.4,132.8,1000,719
2026-05-07,高新街道,星辰苑,244.4,110.5,6.5,345.0,706.4,575.1,131.3,1000,797
2026-05-08,高新街道,星辰苑,226.3,100.1,5.9,348.7,681.0,540.4,140.6,1000,760
2026-05-09,高新街道,星辰苑,271.1,121.3,7.2,410.1,809.7,640.7,169.0,1000,796
2026-05-10,高新街道,星辰苑,311.2,136.9,6.4,381.6,836.1,709.6,126.5,1000,798
2026-05-11,高新街道,星辰苑,227.0,104.0,4.7,313.4,649.2,522.4,126.8,1000,734
2026-05-12,高新街道,星辰苑,227.1,98.3,6.1,325.5,657.0,518.0,139.0,1000,743
2026-05-13,高新街道,星辰苑,218.3,118.2,5.2,284.3,626.0,505.0,121.0,1000,717
2026-05-14,高新街道,星辰苑,236.7,101.3,6.3,326.1,670.5,544.9,125.5,1000,729
2026-05-15,高新街道,星辰苑,219.9,98.8,5.5,319.1,643.4,516.4,127.1,1000,785
2026-05-16,高新街道,星辰苑,305.5,125.2,6.1,396.1,832.8,674.6,158.2,1000,783
2026-05-17,高新街道,星辰苑,327.3,120.8,8.4,411.1,867.6,693.8,173.8,1000,827
2026-05-18,高新街道,星辰苑,253.2,106.5,5.8,369.3,734.8,582.8,152.1,1000,765
2026-05-19,高新街道,星辰苑,265.0,94.1,5.6,358.0,722.6,574.8,147.8,1000,748
2026-05-20,高新街道,星辰苑,229.7,111.6,6.0,400.7,748.0,610.4,137.5,1000,777
2026-05-21,高新街道,星辰苑,244.2,105.5,6.7,320.6,676.9,555.8,121.0,1000,750
2026-05-22,高新街道,星辰苑,230.3,93.2,5.7,339.5,668.7,555.8,112.9,1000,711
2026-05-23,高新街道,星辰苑,268.3,125.2,5.1,415.4,814.1,641.3,172.8,1000,795
2026-05-24,高新街道,星辰苑,326.0,132.6,7.5,462.7,928.9,753.3,175.6,1000,823
2026-05-25,高新街道,星辰苑,253.2,102.7,6.6,355.3,717.8,567.1,150.7,1000,793
2026-05-26,高新街道,星辰苑,253.1,102.6,7.2,314.7,677.6,529.4,148.2,1000,717
2026-05-27,高新街道,星辰苑,237.4,101.3,5.3,300.4,644.3,510.4,133.9,1000,700
2026-05-28,高新街道,星辰苑,236.0,99.4,5.6,346.5,687.5,568.5,119.0,1000,745
2026-05-29,高新街道,星辰苑,255.2,104.7,7.1,367.2,734.2,573.5,160.7,1000,753
2026-05-30,高新街道,星辰苑,287.9,129.8,5.8,393.7,817.2,682.2,134.9,1000,784
2026-05-31,高新街道,星辰苑,317.5,153.8,6.2,502.6,980.1,792.4,187.7,1000,877
2026-06-01,高新街道,星辰苑,216.4,115.6,7.4,316.4,655.8,528.7,127.1,1000,755
2026-06-02,高新街道,星辰苑,237.0,97.5,7.0,325.7,667.2,556.5,110.6,1000,713
2026-06-03,高新街道,星辰苑,248.4,110.3,5.3,349.2,713.3,591.9,121.4,1000,790
2026-06-04,高新街道,星辰苑,233.2,123.8,6.6,367.0,730.6,619.4,111.3,1000,776
2026-06-05,高新街道,星辰苑,217.4,117.2,4.4,366.4,705.3,579.7,125.7,1000,766
2026-06-06,高新街道,星辰苑,307.6,144.9,6.6,435.8,894.9,740.0,155.0,1000,828
2026-06-07,高新街道,星辰苑,327.7,124.5,6.3,460.8,919.3,765.1,154.2,1000,859
2026-06-08,高新街道,星辰苑,267.6,103.8,6.2,305.1,682.7,570.5,112.2,1000,731
2026-06-09,高新街道,星辰苑,226.4,101.0,7.3,342.4,677.2,564.1,113.0,1000,740
2026-06-10,高新街道,星辰苑,256.7,101.2,6.4,348.1,712.4,567.8,144.6,1000,737
2026-06-11,高新街道,星辰苑,240.5,107.6,8.0,388.2,744.3,559.3,185.0,1000,791
2026-06-12,高新街道,星辰苑,263.0,121.7,7.8,351.0,743.5,611.1,132.4,1000,775
2026-06-13,高新街道,星辰苑,294.8,127.5,5.5,422.3,850.1,690.0,160.0,1000,795
2026-06-14,高新街道,星辰苑,299.3,131.0,7.3,435.5,873.1,695.7,177.4,1000,806
2026-06-15,高新街道,星辰苑,240.2,105.1,6.1,307.8,659.1,562.3,96.9,1000,738
2026-06-16,高新街道,星辰苑,219.2,102.6,5.5,332.8,660.2,522.7,137.5,1000,753
2026-06-17,高新街道,星辰苑,243.1,96.4,5.4,333.6,678.5,565.5,113.0,1000,721
2026-06-18,高新街道,星辰苑,227.2,88.2,6.1,271.2,592.8,479.0,113.8,1000,726
2026-06-19,高新街道,星辰苑,272.0,128.7,7.1,334.6,742.3,615.4,126.9,1000,772
2026-06-20,高新街道,星辰苑,251.8,143.2,6.7,354.7,756.4,653.6,102.8,1000,767
2026-06-21,高新街道,星辰苑,286.4,124.6,8.8,482.7,902.5,722.6,179.9,1000,820
2026-06-22,高新街道,星辰苑,253.0,100.3,4.3,285.6,643.1,524.6,118.6,1000,749
2026-06-23,高新街道,星辰苑,249.8,116.5,7.2,381.4,754.9,612.8,142.2,1000,780
2026-06-24,高新街道,星辰苑,243.0,104.4,4.8,367.4,719.5,587.4,132.1,1000,761
2026-06-25,高新街道,星辰苑,229.2,93.1,5.8,343.5,671.6,541.4,130.2,1000,740
2026-06-26,高新街道,星辰苑,245.4,97.1,7.7,357.0,707.2,566.0,141.2,1000,784
2026-06-27,高新街道,星辰苑,288.6,128.2,7.8,479.5,904.0,759.9,144.1,1000,830
2026-06-28,高新街道,星辰苑,319.2,120.1,6.6,395.4,841.2,695.0,146.2,1000,784
2026-06-29,高新街道,星辰苑,226.8,96.5,6.4,329.5,659.2,539.2,120.1,1000,725
2026-06-30,高新街道,星辰苑,230.1,107.1,6.6,300.4,644.2,534.0,110.2,1000,728
2026-07-01,高新街道,星辰苑,247.4,118.9,4.0,316.7,686.9,566.8,120.1,1000,732
2026-07-02,高新街道,星辰苑,256.0,106.5,5.6,320.0,688.0,567.1,121.0,1000,756
2026-07-03,高新街道,星辰苑,227.0,106.0,5.7,317.6,656.4,523.8,132.6,1000,734
2026-07-04,高新街道,星辰苑,279.3,119.0,6.9,441.0,846.2,688.2,158.0,1000,785
2026-07-05,高新街道,星辰苑,322.2,137.2,8.4,430.3,898.2,727.8,170.4,1000,840
2026-07-06,高新街道,星辰苑,243.9,110.4,6.1,351.7,712.1,588.7,123.4,1000,760
2026-07-07,高新街道,星辰苑,226.5,100.2,6.9,322.6,656.1,529.8,126.4,1000,737
2026-07-08,高新街道,星辰苑,238.1,118.8,6.8,343.8,707.5,588.1,119.4,1000,764
2026-07-09,高新街道,星辰苑,221.6,99.5,6.5,310.6,638.2,522.0,116.2,1000,759
2026-07-10,高新街道,星辰苑,283.4,109.9,7.0,319.0,719.3,579.8,139.6,1000,744
2026-07-11,高新街道,星辰苑,271.7,126.2,4.9,399.0,801.7,671.8,129.9,1000,753
2026-07-12,高新街道,星辰苑,275.8,119.8,6.0,400.1,801.7,673.5,128.3,1000,788
2026-07-13,高新街道,星辰苑,260.7,117.7,6.1,326.2,710.7,588.9,121.8,1000,740
2026-07-14,高新街道,星辰苑,252.1,105.4,5.8,351.6,714.9,579.0,135.9,1000,765
2026-07-15,高新街道,星辰苑,238.1,98.6,5.3,332.5,674.4,553.5,120.9,1000,739
2026-07-16,高新街道,星辰苑,250.1,99.6,7.7,343.0,700.4,566.7,133.7,1000,734
2026-07-17,高新街道,星辰苑,242.5,129.7,6.5,367.7,746.4,600.6,145.8,1000,791
2026-07-18,高新街道,星辰苑,295.5,121.7,6.9,448.0,872.0,725.5,146.5,1000,814
2026-07-19,高新街道,星辰苑,325.1,132.5,6.4,493.1,957.0,775.1,181.8,1000,852
2026-07-20,高新街道,星辰苑,249.0,115.6,6.7,351.8,723.1,604.8,118.3,1000,790
2026-07-21,高新街道,星辰苑,277.9,108.3,5.2,391.8,783.2,643.3,139.9,1000,789
2026-07-22,高新街道,星辰苑,273.7,110.4,5.4,319.4,708.8,602.0,106.9,1000,768
2026-07-23,高新街道,星辰苑,235.2,101.1,6.0,358.2,700.4,557.3,143.1,1000,756
2026-07-24,高新街道,星辰苑,228.2,110.6,5.8,335.9,680.5,550.9,129.6,1000,734
2026-07-25,高新街道,星辰苑,340.7,149.8,6.0,471.4,967.9,831.8,136.1,1000,891
2026-07-26,高新街道,星辰苑,299.4,136.3,7.3,483.1,926.1,771.0,155.1,1000,833
2026-07-27,高新街道,星辰苑,265.4,107.4,7.1,341.1,721.0,611.1,109.9,1000,794
2026-07-28,高新街道,星辰苑,267.4,115.3,6.8,362.0,751.5,613.1,138.5,1000,809
2026-07-29,高新街道,星辰苑,238.4,93.4,5.7,300.2,637.6,497.7,139.9,1000,718
2026-07-30,高新街道,星辰苑,255.7,115.8,5.4,346.5,723.4,583.5,140.0,1000,756
2026-07-31,高新街道,星辰苑,256.8,105.6,7.4,358.7,728.4,578.2,150.2,1000,758
2026-08-01,高新街道,星辰苑,285.5,114.8,5.3,440.0,845.5,712.1,133.4,1000,801
2026-08-02,高新街道,星辰苑,286.7,110.2,5.4,407.9,810.1,700.8,109.3,1000,776
2026-08-03,高新街道,星辰苑,248.7,97.8,4.8,317.9,669.1,546.3,122.8,1000,701
2026-08-04,高新街道,星辰苑,241.7,110.7,7.1,320.6,680.1,560.7,119.4,1000,771
2026-08-05,高新街道,星辰苑,242.7,109.0,5.8,344.3,701.9,570.9,131.0,1000,784
2026-08-06,高新街道,星辰苑,237.2,109.9,5.6,343.5,696.1,568.7,127.4,1000,721
2026-08-07,高新街道,星辰苑,243.4,107.5,5.8,347.7,704.4,575.5,128.9,1000,742
2026-08-08,高新街道,星辰苑,311.9,139.1,7.3,440.1,898.5,732.0,166.5,1000,800
2026-08-09,高新街道,星辰苑,274.6,128.4,6.8,380.1,790.0,656.6,133.4,1000,758
2026-08-10,高新街道,星辰苑,227.0,88.2,5.4,330.8,651.4,526.6,124.8,1000,733
2026-08-11,高新街道,星辰苑,230.0,100.2,5.5,351.6,687.3,566.4,120.9,1000,749
2026-08-12,高新街道,星辰苑,267.9,123.8,6.5,376.7,774.9,639.9,135.0,1000,854
2026-08-13,高新街道,星辰苑,227.2,101.8,6.2,344.2,679.4,580.2,99.2,1000,789
2026-08-14,高新街道,星辰苑,217.9,107.8,6.8,361.3,693.8,554.1,139.7,1000,762
2026-08-15,高新街道,星辰苑,320.6,147.1,6.1,484.2,958.0,800.2,157.8,1000,854
2026-08-16,高新街道,星辰苑,341.8,140.7,7.3,438.2,927.9,777.4,150.5,1000,856
2026-08-17,高新街道,星辰苑,256.9,95.6,6.1,368.3,726.9,589.6,137.3,1000,777
2026-08-18,高新街道,星辰苑,228.2,100.5,5.9,382.2,716.8,610.9,105.9,1000,781
2026-08-19,高新街道,星辰苑,243.8,115.6,5.5,351.8,716.7,584.1,132.7,1000,791
2026-08-20,高新街道,星辰苑,246.2,99.2,5.0,359.1,709.5,571.4,138.0,1000,802
2026-08-21,高新街道,星辰苑,245.5,119.6,5.9,372.3,743.3,607.7,135.6,1000,778
2026-08-22,高新街道,星辰苑,267.6,112.4,5.1,405.3,790.4,648.7,141.7,1000,764
2026-08-23,高新街道,星辰苑,308.8,114.4,7.1,391.4,821.6,684.5,137.1,1000,813
2026-08-24,高新街道,星辰苑,233.6,85.9,4.7,295.2,619.4,505.1,114.3,1000,702
2026-08-25,高新街道,星辰苑,253.3,104.7,7.0,347.1,712.1,586.4,125.7,1000,754
2026-08-26,高新街道,星辰苑,258.9,114.1,6.7,352.2,731.9,592.0,139.9,1000,739
2026-08-27,高新街道,星辰苑,246.8,123.3,5.7,351.1,727.0,606.4,120.5,1000,769
2026-08-28,高新街道,星辰苑,255.5,105.3,5.5,323.7,690.1,548.7,141.4,1000,716
2026-08-29,高新街道,星辰苑,268.4,125.2,7.1,423.3,823.9,670.2,153.7,1000,796
2026-08-30,高新街道,星辰苑,259.4,153.9,5.8,427.5,846.6,733.5,113.1,1000,818
2026-08-31,高新街道,星辰苑,245.8,107.8,5.0,402.6,761.2,630.1,131.2,1000,766
2026-09-01,高新街道,星辰苑,272.7,98.0,7.0,332.1,709.8,599.0,110.7,1000,763
2026-09-02,高新街道,星辰苑,215.3,96.6,7.9,343.1,662.8,556.5,106.4,1000,774
2026-09-03,高新街道,星辰苑,253.0,109.4,8.2,408.9,779.5,676.8,102.7,1000,801
2026-09-04,高新街道,星辰苑,275.0,124.5,6.6,349.2,755.4,624.8,130.6,1000,808
2026-09-05,高新街道,星辰苑,318.6,124.4,5.2,424.3,872.5,720.0,152.4,1000,772
2026-09-06,高新街道,星辰苑,330.0,114.6,6.6,395.6,846.7,707.6,139.2,1000,792
2026-09-07,高新街道,星辰苑,230.6,93.7,6.3,322.2,652.8,534.5,118.3,1000,718
2026-09-08,高新街道,星辰苑,256.6,109.3,5.3,305.3,676.5,559.2,117.3,1000,736
2026-09-09,高新街道,星辰苑,269.0,121.2,6.3,375.9,772.4,616.6,155.8,1000,796
2026-09-10,高新街道,星辰苑,237.7,98.3,6.5,353.2,695.7,591.8,103.8,1000,759
2026-09-11,高新街道,星辰苑,237.8,112.3,4.9,317.1,672.2,554.5,117.7,1000,753
2026-09-12,高新街道,星辰苑,302.6,119.3,7.4,455.9,885.3,730.1,155.2,1000,807
2026-09-13,高新街道,星辰苑,294.3,126.7,7.3,436.3,864.6,736.4,128.2,1000,845
2026-09-14,高新街道,星辰苑,261.9,119.1,5.8,400.2,787.0,642.3,144.7,1000,804
2026-09-15,高新街道,星辰苑,244.7,112.4,6.9,401.7,765.7,635.1,130.6,1000,792
2026-09-16,高新街道,星辰苑,254.6,96.0,4.4,325.6,680.6,561.1,119.6,1000,768
2026-09-17,高新街道,星辰苑,246.1,103.3,8.2,353.6,711.2,604.3,106.9,1000,813
2026-09-18,高新街道,星辰苑,278.4,121.4,5.0,335.9,740.7,611.5,129.2,1000,805
2026-09-19,高新街道,星辰苑,288.4,128.6,7.8,465.6,890.3,769.6,120.7,1000,821
2026-01-01,高新街道,云谷社区,217.2,107.6,6.7,314.1,645.6,473.8,171.8,844,690
2026-01-02,高新街道,云谷社区,259.3,91.6,5.7,354.5,711.0,515.1,195.9,844,735
2026-01-03,高新街道,云谷社区,274.6,122.4,5.0,384.0,786.0,587.4,198.6,844,738
2026-01-04,高新街道,云谷社区,259.2,113.8,5.1,401.9,780.0,587.1,192.9,844,738
2026-01-05,高新街道,云谷社区,223.1,94.3,7.0,318.3,642.8,460.4,182.3,844,713
2026-01-06,高新街道,云谷社区,224.7,102.9,6.7,306.5,640.8,462.6,178.1,844,688
2026-01-07,高新街道,云谷社区,229.8,93.6,7.1,320.4,650.9,475.1,175.8,844,711
2026-01-08,高新街道,云谷社区,235.4,92.8,5.7,370.5,704.4,523.8,180.6,844,718
2026-01-09,高新街道,云谷社区,222.9,83.5,5.3,318.9,630.5,480.8,149.7,844,712
2026-01-10,高新街道,云谷社区,284.2,110.6,6.2,382.5,783.5,580.0,203.5,844,744
2026-01-11,高新街道,云谷社区,304.8,119.7,6.8,377.1,808.5,590.3,218.2,844,792
2026-01-12,高新街道,云谷社区,242.2,106.0,6.9,345.9,701.0,506.2,194.8,844,741
2026-01-13,高新街道,云谷社区,211.4,97.0,5.8,339.9,654.1,477.0,177.1,844,731
2026-01-14,高新街道,云谷社区,189.0,92.3,4.9,282.5,568.8,414.2,154.6,844,663
2026-01-15,高新街道,云谷社区,246.0,100.6,6.9,312.9,666.4,476.2,190.2,844,711
2026-01-16,高新街道,云谷社区,235.2,104.1,5.6,346.0,690.9,512.6,178.2,844,742
2026-01-17,高新街道,云谷社区,275.5,108.4,6.0,388.3,778.2,593.2,185.0,844,759
2026-01-18,高新街道,云谷社区,304.5,114.7,4.8,363.9,787.8,591.1,196.7,844,753
2026-01-19,高新街道,云谷社区,217.6,93.8,6.3,348.0,665.6,481.0,184.6,844,735
2026-01-20,高新街道,云谷社区,202.4,97.8,5.4,285.2,590.9,417.2,173.6,844,663
2026-01-21,高新街道,云谷社区,226.1,87.5,5.1,359.8,678.4,507.0,171.4,844,711
2026-01-22,高新街道,云谷社区,213.9,96.7,6.2,319.5,636.3,463.2,173.1,844,684
2026-01-23,高新街道,云谷社区,248.7,100.0,5.8,345.2,699.7,505.1,194.6,844,740
2026-01-24,高新街道,云谷社区,262.8,114.2,5.2,355.4,737.6,564.5,173.1,844,711
2026-01-25,高新街道,云谷社区,318.6,117.4,6.2,402.3,844.5,646.0,198.4,844,763
2026-01-26,高新街道,云谷社区,238.8,95.2,5.3,336.8,676.1,507.1,168.9,844,742
2026-01-27,高新街道,云谷社区,200.2,99.8,4.4,282.2,586.6,442.5,144.2,844,671
2026-01-28,高新街道,云谷社区,220.7,109.6,4.8,292.8,627.9,473.8,154.2,844,702
2026-01-29,高新街道,云谷社区,238.0,97.5,5.6,308.0,649.1,495.5,153.6,844,714
2026-01-30,高新街道,云谷社区,236.0,111.1,6.4,308.0,661.6,489.4,172.2,844,729
2026-01-31,高新街道,云谷社区,284.5,123.5,6.0,406.4,820.4,609.9,210.5,844,739
2026-02-01,高新街道,云谷社区,263.6,121.4,6.4,382.4,773.9,555.1,218.7,844,739
2026-02-02,高新街道,云谷社区,233.1,90.0,5.5,332.7,661.4,473.1,188.3,844,723
2026-02-03,高新街道,云谷社区,229.8,88.0,4.5,286.6,609.0,468.1,140.8,844,685
2026-02-04,高新街道,云谷社区,224.8,104.0,5.8,324.3,658.9,494.1,164.8,844,716
2026-02-05,高新街道,云谷社区,243.0,107.4,7.0,298.9,656.2,481.3,174.9,844,686
2026-02-06,高新街道,云谷社区,239.6,98.3,5.2,322.9,665.9,483.9,182.0,844,702
2026-02-07,高新街道,云谷社区,267.0,111.2,5.7,317.2,701.2,517.3,183.9,844,720
2026-02-08,高新街道,云谷社区,253.0,107.7,6.1,406.4,773.2,568.2,205.0,844,753
2026-02-09,高新街道,云谷社区,222.7,87.2,6.7,314.2,630.9,456.1,174.8,844,706
2026-02-10,高新街道,云谷社区,210.4,108.8,6.8,327.7,653.6,481.0,172.6,844,722
2026-02-11,高新街道,云谷社区,237.3,92.3,5.6,317.3,652.5,487.6,164.9,844,704
2026-02-12,高新街道,云谷社区,270.0,102.7,6.4,317.3,696.4,514.1,182.3,844,740
2026-02-13,高新街道,云谷社区,270.1,85.6,7.7,333.8,697.3,528.2,169.1,844,699
2026-02-14,高新街道,云谷社区,283.0,127.6,5.4,417.0,833.0,608.7,224.3,844,813
2026-02-15,高新街道,云谷社区,330.6,119.9,4.1,417.5,872.1,654.1,218.0,844,776
2026-02-16,高新街道,云谷社区,242.1,99.9,5.2,354.1,701.2,511.2,190.0,844,758
2026-02-17,高新街道,云谷社区,237.0,117.6,4.9,304.1,663.5,487.0,176.5,844,750
2026-02-18,高新街道,云谷社区,220.8,90.5,4.8,327.7,643.8,485.3,158.4,844,701
2026-02-19,高新街道,云谷社区,230.2,105.5,5.4,327.9,668.9,494.1,174.8,844,686
2026-02-20,高新街道,云谷社区,234.9,95.5,7.9,331.8,670.1,483.1,187.0,844,727
2026-02-21,高新街道,云谷社区,263.7,110.8,5.6,381.9,762.0,564.2,197.9,844,755
2026-02-22,高新街道,云谷社区,276.3,117.5,5.3,376.6,775.6,571.2,204.4,844,786
2026-02-23,高新街道,云谷社区,239.8,109.2,5.5,353.4,707.9,536.2,171.7,844,719
2026-02-24,高新街道,云谷社区,224.2,97.0,5.6,327.6,654.4,476.2,178.2,844,685
2026-02-25,高新街道,云谷社区,250.0,103.0,6.2,297.6,656.7,486.6,170.2,844,720
2026-02-26,高新街道,云谷社区,208.2,89.9,7.4,291.7,597.2,481.3,115.9,844,672
2026-02-27,高新街道,云谷社区,209.8,102.3,5.0,318.0,635.2,474.4,160.7,844,698
2026-02-28,高新街道,云谷社区,274.0,127.7,6.3,415.6,823.6,627.8,195.8,844,803
2026-03-01,高新街道,云谷社区,238.8,119.6,5.9,385.1,749.5,601.2,148.3,844,755
2026-03-02,高新街道,云谷社区,249.2,98.2,5.3,349.7,702.4,513.5,189.0,844,684
2026-03-03,高新街道,云谷社区,217.3,108.8,4.9,338.8,669.9,487.9,182.0,844,732
2026-03-04,高新街道,云谷社区,201.7,100.9,6.2,341.5,650.4,506.7,143.7,844,719
2026-03-05,高新街道,云谷社区,240.0,100.4,5.1,329.4,674.9,520.0,154.9,844,756
2026-03-06,高新街道,云谷社区,206.7,100.0,5.0,314.2,626.0,471.0,154.9,844,683
2026-03-07,高新街道,云谷社区,269.5,106.1,7.1,380.7,763.3,565.8,197.5,844,767
2026-03-08,高新街道,云谷社区,282.1,122.7,6.4,371.5,782.8,588.2,194.6,844,742
2026-03-09,高新街道,云谷社区,255.6,104.5,5.0,332.9,698.0,518.6,179.4,844,728
2026-03-10,高新街道,云谷社区,191.1,92.9,5.4,294.9,584.2,432.9,151.3,844,667
2026-03-11,高新街道,云谷社区,204.1,90.8,5.1,310.8,610.7,464.0,146.7,844,693
2026-03-12,高新街道,云谷社区,181.9,93.7,4.5,264.5,544.6,397.3,147.3,844,663
2026-03-13,高新街道,云谷社区,240.6,108.1,6.3,296.1,651.1,491.7,159.4,844,756
2026-03-14,高新街道,云谷社区,325.0,123.0,5.3,444.1,897.4,692.7,204.7,844,791
2026-03-15,高新街道,云谷社区,276.5,128.5,5.3,404.0,814.3,622.9,191.5,844,781
2026-03-16,高新街道,云谷社区,256.6,91.5,6.2,357.0,711.3,524.7,186.6,844,776
2026-03-17,高新街道,云谷社区,229.4,89.3,6.0,291.2,615.9,452.9,163.0,844,689
2026-03-18,高新街道,云谷社区,244.2,104.0,5.9,335.3,689.4,506.2,183.2,844,741
2026-03-19,高新街道,云谷社区,224.8,107.4,5.9,310.2,648.5,473.2,175.3,844,679
2026-03-20,高新街道,云谷社区,243.4,109.9,6.9,365.8,726.0,524.3,201.7,844,739
2026-03-21,高新街道,云谷社区,269.9,108.7,4.9,404.8,788.4,580.1,208.3,844,727
2026-03-22,高新街道,云谷社区,253.3,122.8,7.3,422.4,805.8,594.5,211.3,844,759
2026-03-23,高新街道,云谷社区,244.6,103.6,5.4,329.2,682.7,520.7,162.0,844,715
2026-03-24,高新街道,云谷社区,205.1,94.5,4.5,285.4,589.5,448.0,141.6,844,683
2026-03-25,高新街道,云谷社区,251.7,106.6,6.1,378.5,742.9,547.0,195.9,844,742
2026-03-26,高新街道,云谷社区,223.3,91.3,6.9,319.4,641.0,470.6,170.4,844,723
2026-03-27,高新街道,云谷社区,245.2,91.9,6.8,337.6,681.5,515.5,166.0,844,711
2026-03-28,高新街道,云谷社区,291.9,136.9,6.6,377.0,812.4,587.9,224.5,844,746
2026-03-29,高新街道,云谷社区,277.6,120.8,6.0,422.3,826.8,610.6,216.2,844,774
2026-03-30,高新街道,云谷社区,237.9,96.8,6.6,369.5,710.8,551.8,158.9,844,743
2026-03-31,高新街道,云谷社区,224.4,103.9,6.9,329.5,664.6,506.4,158.2,844,722
2026-04-01,高新街道,云谷社区,263.1,91.8,4.9,319.9,679.7,507.7,172.0,844,704
2026-04-02,高新街道,云谷社区,255.0,95.0,5.3,319.4,674.8,502.9,171.9,844,748
2026-04-03,高新街道,云谷社区,229.4,104.4,5.0,315.5,654.2,499.2,155.1,844,733
2026-04-04,高新街道,云谷社区,285.0,114.3,6.5,423.5,829.3,611.6,217.7,844,768
2026-04-05,高新街道,云谷社区,286.9,121.7,4.9,381.0,794.5,589.8,204.7,844,756
2026-04-06,高新街道,云谷社区,227.7,113.8,5.6,291.0,638.1,472.4,165.7,844,717
2026-04-07,高新街道,云谷社区,242.7,103.5,5.9,357.0,709.1,532.2,176.9,844,766
2026-04-08,高新街道,云谷社区,209.9,95.1,5.9,296.8,607.8,451.7,156.0,844,683
2026-04-09,高新街道,云谷社区,220.8,100.5,6.2,303.0,630.5,468.8,161.7,844,723
2026-04-10,高新街道,云谷社区,208.3,92.1,6.8,281.8,589.0,444.3,144.7,844,694
2026-04-11,高新街道,云谷社区,301.2,143.6,5.7,407.8,858.3,645.9,212.4,844,763
2026-04-12,高新街道,云谷社区,284.7,107.9,6.0,404.6,803.3,609.8,193.5,844,761
2026-04-13,高新街道,云谷社区,211.5,103.4,7.2,325.6,647.6,474.9,172.7,844,733
2026-04-14,高新街道,云谷社区,224.7,103.4,5.4,300.2,633.8,463.5,170.3,844,686
2026-04-15,高新街道,云谷社区,222.6,96.5,7.4,292.8,619.3,442.3,177.1,844,725
2026-04-16,高新街道,云谷社区,227.6,97.8,6.1,332.7,664.1,477.4,186.7,844,728
2026-04-17,高新街道,云谷社区,226.9,100.3,6.1,307.2,640.5,468.4,172.1,844,707
2026-04-18,高新街道,云谷社区,290.8,125.8,6.1,393.0,815.7,625.7,190.0,844,788
2026-04-19,高新街道,云谷社区,285.8,113.4,6.0,386.8,791.9,589.2,202.8,844,756
2026-04-20,高新街道,云谷社区,247.1,111.5,5.5,361.7,725.7,566.7,159.0,844,740
2026-04-21,高新街道,云谷社区,214.5,97.7,4.4,319.7,636.3,478.3,158.0,844,721
2026-04-22,高新街道,云谷社区,209.7,105.5,6.2,354.6,675.9,499.2,176.8,844,712
2026-04-23,高新街道,云谷社区,247.0,103.8,5.4,321.3,677.6,527.7,149.9,844,726
2026-04-24,高新街道,云谷社区,283.1,117.8,7.1,382.0,790.0,600.7,189.3,844,825
2026-04-25,高新街道,云谷社区,285.5,116.3,6.7,420.4,828.9,629.3,199.6,844,783
2026-04-26,高新街道,云谷社区,301.0,123.8,5.8,382.9,813.4,616.7,196.6,844,772
2026-04-27,高新街道,云谷社区,240.6,109.6,5.8,334.1,690.2,513.7,176.5,844,761
2026-04-28,高新街道,云谷社区,224.6,112.2,5.7,324.9,667.5,489.3,178.2,844,724
2026-04-29,高新街道,云谷社区,255.8,94.2,6.1,299.4,655.5,488.7,166.7,844,731
2026-04-30,高新街道,云谷社区,210.3,90.9,6.5,292.8,600.5,462.9,137.6,844,719
2026-05-01,高新街道,云谷社区,226.5,95.0,5.0,312.9,639.3,485.1,154.2,844,716
2026-05-02,高新街道,云谷社区,287.2,120.2,6.7,403.7,817.8,634.7,183.1,844,761
2026-05-03,高新街道,云谷社区,290.3,112.4,6.4,386.3,795.4,601.4,194.0,844,745
2026-05-04,高新街道,云谷社区,256.0,108.5,6.0,365.5,736.0,548.7,187.3,844,737
2026-05-05,高新街道,云谷社区,217.2,109.5,6.4,283.4,616.5,446.1,170.4,844,698
2026-05-06,高新街道,云谷社区,221.2,104.3,6.4,316.9,648.8,484.0,164.8,844,693
2026-05-07,高新街道,云谷社区,241.4,122.3,4.8,358.4,726.9,542.4,184.5,844,724
2026-05-08,高新街道,云谷社区,241.7,117.0,6.3,323.3,688.3,521.9,166.4,844,747
2026-05-09,高新街道,云谷社区,293.3,108.7,6.3,414.9,823.1,637.0,186.1,844,797
2026-05-10,高新街道,云谷社区,301.2,100.7,6.1,393.8,801.8,613.3,188.4,844,756
2026-05-11,高新街道,云谷社区,238.6,102.7,5.9,363.2,710.3,562.2,148.1,844,726
2026-05-12,高新街道,云谷社区,237.7,101.5,5.4,318.2,662.8,486.3,176.4,844,710
2026-05-13,高新街道,云谷社区,226.6,105.4,5.9,342.1,680.0,523.7,156.2,844,739
2026-05-14,高新街道,云谷社区,231.9,101.8,6.9,289.4,630.0,471.3,158.7,844,696
2026-05-15,高新街道,云谷社区,225.3,89.2,4.9,329.8,649.2,488.5,160.7,844,721
2026-05-16,高新街道,云谷社区,299.9,145.6,5.9,353.7,805.2,609.4,195.8,844,748
2026-05-17,高新街道,云谷社区,243.0,119.2,4.7,364.0,730.8,564.9,165.9,844,716
2026-05-18,高新街道,云谷社区,249.2,97.0,5.8,311.9,664.0,482.8,181.2,844,728
2026-05-19,高新街道,云谷社区,236.5,88.1,5.4,325.1,655.2,485.1,170.1,844,705
2026-05-20,高新街道,云谷社区,235.1,98.7,6.8,315.3,655.9,505.2,150.7,844,738
2026-05-21,高新街道,云谷社区,248.8,110.0,6.7,340.5,706.0,521.3,184.6,844,761
2026-05-22,高新街道,云谷社区,234.3,95.8,5.0,328.9,664.0,483.4,180.7,844,733
2026-05-23,高新街道,云谷社区,277.1,122.0,6.5,410.9,816.5,605.3,211.2,844,765
2026-05-24,高新街道,云谷社区,287.3,146.5,5.8,371.6,811.2,610.8,200.4,844,791
2026-05-25,高新街道,云谷社区,253.5,105.8,8.4,327.9,695.5,534.7,160.8,844,737
2026-05-26,高新街道,云谷社区,235.0,105.4,6.5,336.1,683.0,527.7,155.3,844,713
2026-05-27,高新街道,云谷社区,224.1,98.5,5.6,346.0,674.1,468.9,205.2,844,725
2026-05-28,高新街道,云谷社区,209.2,113.0,5.2,318.8,646.2,489.5,156.7,844,714
2026-05-29,高新街道,云谷社区,223.8,101.4,4.5,288.5,618.2,489.8,128.4,844,711
2026-05-30,高新街道,云谷社区,280.8,112.7,6.5,344.2,744.2,563.5,180.7,844,757
2026-05-31,高新街道,云谷社区,292.0,123.6,5.6,398.0,819.3,626.4,192.9,844,778
2026-06-01,高新街道,云谷社区,243.0,109.8,4.4,319.7,676.9,528.6,148.3,844,716
2026-06-02,高新街道,云谷社区,232.6,100.8,5.8,292.2,631.3,467.9,163.4,844,693
2026-06-03,高新街道,云谷社区,224.4,92.7,6.5,307.3,630.9,481.1,149.8,844,698
2026-06-04,高新街道,云谷社区,234.8,104.1,6.2,314.3,659.3,503.0,156.3,844,737
2026-06-05,高新街道,云谷社区,246.8,102.5,6.2,331.5,687.0,526.2,160.8,844,753
2026-06-06,高新街道,云谷社区,297.0,139.7,5.3,403.1,845.1,649.6,195.6,844,743
2026-06-07,高新街道,云谷社区,242.2,136.1,6.0,375.7,760.0,605.7,154.3,844,749
2026-06-08,高新街道,云谷社区,275.9,96.9,6.1,351.1,730.0,554.5,175.5,844,722
2026-06-09,高新街道,云谷社区,236.8,105.0,4.4,340.0,686.1,536.5,149.6,844,759
2026-06-10,高新街道,云谷社区,267.3,111.1,7.0,337.1,722.6,548.7,173.9,844,750
2026-06-11,高新街道,云谷社区,250.5,109.1,6.2,299.9,665.7,520.5,145.2,844,731
2026-06-12,高新街道,云谷社区,247.3,106.4,6.4,360.5,720.6,560.9,159.7,844,741
2026-06-13,高新街道,云谷社区,275.7,132.4,6.5,391.1,805.7,614.1,191.6,844,785
2026-06-14,高新街道,云谷社区,273.0,125.7,6.3,350.0,755.1,583.3,171.8,844,759
2026-06-15,高新街道,云谷社区,225.7,92.5,5.7,315.3,639.2,489.3,150.0,844,723
2026-06-16,高新街道,云谷社区,207.5,88.6,5.7,331.7,633.5,495.2,138.3,844,687
2026-06-17,高新街道,云谷社区,219.2,92.3,6.1,307.9,625.5,480.3,145.2,844,703
2026-06-18,高新街道,云谷社区,257.5,103.0,6.1,306.7,673.2,493.7,179.5,844,746
2026-06-19,高新街道,云谷社区,218.3,93.4,5.9,304.2,621.8,448.8,173.1,844,684
2026-06-20,高新街道,云谷社区,287.0,118.1,4.8,448.4,858.2,676.7,181.5,844,795
2026-06-21,高新街道,云谷社区,272.6,105.1,6.0,372.8,756.4,570.2,186.2,844,735
2026-06-22,高新街道,云谷社区,257.1,107.0,5.3,318.0,687.4,533.0,154.4,844,752
2026-06-23,高新街道,云谷社区,246.5,110.9,7.9,357.3,722.6,541.4,181.2,844,782
2026-06-24,高新街道,云谷社区,233.9,107.5,6.5,327.6,675.5,503.4,172.1,844,750
2026-06-25,高新街道,云谷社区,237.9,120.1,5.7,387.1,750.7,572.1,178.6,844,772
2026-06-26,高新街道,云谷社区,252.6,114.3,6.5,304.1,677.4,503.6,173.9,844,721
2026-06-27,高新街道,云谷社区,270.2,131.6,5.5,370.2,777.5,600.4,177.1,844,773
2026-06-28,高新街道,云谷社区,291.6,126.5,5.6,459.0,882.6,654.5,228.1,844,817
2026-06-29,高新街道,云谷社区,220.0,98.0,6.2,302.9,627.1,460.2,166.9,844,701
2026-06-30,高新街道,云谷社区,215.1,91.5,5.1,299.5,611.2,480.7,130.5,844,714
2026-07-01,高新街道,云谷社区,225.4,91.5,4.8,341.4,663.1,515.4,147.7,844,710
2026-07-02,高新街道,云谷社区,225.0,96.6,8.3,340.4,670.3,531.2,139.1,844,768
2026-07-03,高新街道,云谷社区,245.1,111.8,4.4,336.7,698.0,515.8,182.2,844,763
2026-07-04,高新街道,云谷社区,302.0,110.4,6.0,435.2,853.6,676.7,176.9,844,762
2026-07-05,高新街道,云谷社区,299.2,127.3,6.0,385.4,818.0,617.6,200.4,844,785
2026-07-06,高新街道,云谷社区,215.2,112.1,5.1,303.1,635.5,487.5,147.9,844,733
2026-07-07,高新街道,云谷社区,224.7,90.4,6.1,348.6,669.7,504.3,165.4,844,713
2026-07-08,高新街道,云谷社区,211.8,99.6,4.2,292.1,607.6,465.2,142.4,844,699
2026-07-09,高新街道,云谷社区,269.2,93.5,6.7,321.5,690.9,507.2,183.8,844,739
2026-07-10,高新街道,云谷社区,282.3,112.1,6.5,350.1,751.1,555.7,195.3,844,775
2026-07-11,高新街道,云谷社区,301.6,144.7,5.8,410.4,862.6,666.8,195.8,844,787
2026-07-12,高新街道,云谷社区,341.7,140.9,7.3,439.4,929.2,719.3,209.9,844,804
2026-07-13,高新街道,云谷社区,230.5,117.1,4.3,379.7,731.6,575.4,156.2,844,797
2026-07-14,高新街道,云谷社区,196.8,101.0,6.0,323.7,627.4,485.4,142.0,844,722
2026-07-15,高新街道,云谷社区,227.5,93.6,6.4,319.3,646.8,486.8,160.1,844,713
2026-07-16,高新街道,云谷社区,242.8,117.9,6.8,315.5,683.0,500.4,182.6,844,740
2026-07-17,高新街道,云谷社区,224.7,104.2,7.0,353.3,689.2,544.0,145.2,844,701
2026-07-18,高新街道,云谷社区,295.3,127.0,5.6,398.3,826.2,659.8,166.4,844,775
2026-07-19,高新街道,云谷社区,330.6,117.2,6.0,421.3,875.1,707.1,168.0,844,794
2026-07-20,高新街道,云谷社区,246.1,109.3,4.8,345.1,705.3,548.1,157.2,844,733
2026-07-21,高新街道,云谷社区,212.9,101.7,6.3,317.4,638.4,499.9,138.5,844,743
2026-07-22,高新街道,云谷社区,243.2,105.7,6.2,339.2,694.4,541.8,152.6,844,754
2026-07-23,高新街道,云谷社区,233.0,113.7,6.4,356.4,709.5,525.4,184.1,844,725
2026-07-24,高新街道,云谷社区,263.5,95.9,5.2,321.9,686.4,506.9,179.6,844,727
2026-07-25,高新街道,云谷社区,289.6,126.4,4.6,393.4,814.0,661.0,153.0,844,761
2026-07-26,高新街道,云谷社区,324.7,124.5,6.0,478.5,933.8,715.0,218.8,844,795
2026-07-27,高新街道,云谷社区,244.0,97.9,5.9,361.2,708.9,532.3,176.6,844,702
2026-07-28,高新街道,云谷社区,217.2,105.1,5.4,306.6,634.3,468.4,165.9,844,731
2026-07-29,高新街道,云谷社区,218.5,93.7,6.1,299.6,617.8,480.0,137.9,844,736
2026-07-30,高新街道,云谷社区,256.5,102.6,6.4,321.4,686.9,527.4,159.5,844,770
2026-07-31,高新街道,云谷社区,218.9,107.1,4.3,305.1,635.4,486.8,148.6,844,728
2026-08-01,高新街道,云谷社区,306.3,131.7,6.3,399.9,844.1,642.8,201.4,844,770
2026-08-02,高新街道,云谷社区,269.6,139.9,6.1,435.8,851.3,664.4,186.9,844,817
2026-08-03,高新街道,云谷社区,267.1,95.2,7.1,340.2,709.6,551.9,157.7,844,759
2026-08-04,高新街道,云谷社区,264.3,107.2,7.3,355.4,734.3,558.3,176.0,844,792
2026-08-05,高新街道,云谷社区,236.3,96.6,5.9,344.1,682.9,519.6,163.3,844,725
2026-08-06,高新街道,云谷社区,253.3,123.4,7.3,390.1,774.1,596.5,177.6,844,791
2026-08-07,高新街道,云谷社区,226.3,96.6,5.7,305.8,634.3,510.1,124.2,844,696
2026-08-08,高新街道,云谷社区,279.5,131.0,5.6,383.1,799.1,616.0,183.1,844,755
2026-08-09,高新街道,云谷社区,275.0,125.4,7.3,365.2,773.0,593.7,179.3,844,758
2026-08-10,高新街道,云谷社区,229.6,119.3,5.8,361.6,716.3,550.1,166.1,844,770
2026-08-11,高新街道,云谷社区,265.0,104.3,7.0,344.0,720.3,550.8,169.5,844,752
2026-08-12,高新街道,云谷社区,232.9,92.2,6.3,345.0,676.4,510.3,166.1,844,737
2026-08-13,高新街道,云谷社区,263.3,103.7,5.9,367.7,740.5,580.0,160.5,844,777
2026-08-14,高新街道,云谷社区,224.7,99.3,6.5,296.2,626.7,486.1,140.6,844,740
2026-08-15,高新街道,云谷社区,285.1,133.7,8.1,389.6,816.5,603.0,213.5,844,800
2026-08-16,高新街道,云谷社区,274.1,124.7,6.7,409.5,815.0,611.7,203.3,844,776
2026-08-17,高新街道,云谷社区,255.5,105.8,6.7,314.6,682.7,525.3,157.4,844,767
2026-08-18,高新街道,云谷社区,220.6,100.3,6.9,318.4,646.3,509.2,137.2,844,741
2026-08-19,高新街道,云谷社区,244.5,99.7,6.0,315.5,665.8,516.6,149.1,844,763
2026-08-20,高新街道,云谷社区,227.2,90.1,5.8,342.9,666.0,506.0,159.9,844,712
2026-08-21,高新街道,云谷社区,218.0,106.3,6.3,307.5,638.1,504.2,133.9,844,709
2026-08-22,高新街道,云谷社区,258.8,131.8,7.4,396.9,794.8,613.5,181.3,844,785
2026-08-23,高新街道,云谷社区,305.0,139.4,5.4,391.1,840.9,635.0,205.9,844,818
2026-08-24,高新街道,云谷社区,229.4,106.5,4.8,330.9,671.6,521.2,150.4,844,767
2026-08-25,高新街道,云谷社区,212.4,117.2,5.9,366.2,701.6,536.0,165.6,844,753
2026-08-26,高新街道,云谷社区,275.3,100.2,6.2,323.1,704.8,550.6,154.2,844,762
2026-08-27,高新街道,云谷社区,259.9,103.1,5.1,343.1,711.1,545.2,165.8,844,759
2026-08-28,高新街道,云谷社区,241.9,105.7,6.6,320.2,674.3,507.9,166.3,844,726
2026-08-29,高新街道,云谷社区,283.3,115.5,4.6,368.9,772.2,616.8,155.4,844,783
2026-08-30,高新街道,云谷社区,253.4,118.3,6.3,403.2,781.3,612.9,168.4,844,760
2026-08-31,高新街道,云谷社区,229.0,108.8,5.8,331.0,674.6,518.2,156.4,844,739
2026-09-01,高新街道,云谷社区,242.1,104.3,5.8,304.9,657.2,520.7,136.5,844,765
2026-09-02,高新街道,云谷社区,245.2,102.3,7.2,338.2,692.8,549.6,143.2,844,728
2026-09-03,高新街道,云谷社区,216.3,103.4,4.4,319.4,643.5,508.3,135.1,844,730
2026-09-04,高新街道,云谷社区,240.1,105.7,5.7,332.1,683.6,514.2,169.4,844,724
2026-09-05,高新街道,云谷社区,309.9,127.0,7.5,461.0,905.5,702.5,203.0,844,827
2026-09-06,高新街道,云谷社区,256.9,114.6,6.0,352.5,729.9,563.2,166.7,844,751
2026-09-07,高新街道,云谷社区,241.5,108.8,6.3,370.8,727.3,557.2,170.2,844,740
2026-09-08,高新街道,云谷社区,226.7,99.6,4.8,341.1,672.3,533.3,139.0,844,751
2026-09-09,高新街道,云谷社区,249.7,117.0,7.2,324.9,698.9,544.8,154.1,844,768
2026-09-10,高新街道,云谷社区,228.5,102.3,6.2,332.8,669.8,511.9,157.9,844,745
2026-09-11,高新街道,云谷社区,237.8,104.5,5.1,300.2,647.7,501.1,146.7,844,721
2026-09-12,高新街道,云谷社区,308.7,129.3,7.7,440.2,886.0,715.6,170.4,844,827
2026-09-13,高新街道,云谷社区,284.6,123.7,6.9,423.1,838.3,655.4,182.9,844,812
2026-09-14,高新街道,云谷社区,225.9,108.8,8.2,336.5,679.5,533.5,146.1,844,775
2026-09-15,高新街道,云谷社区,221.5,100.9,6.0,290.9,619.3,471.1,148.2,844,688
2026-09-16,高新街道,云谷社区,241.1,96.3,6.1,321.8,665.3,514.6,150.7,844,751
2026-09-17,高新街道,云谷社区,245.9,111.9,5.6,356.0,719.4,532.3,187.1,844,762
2026-09-18,高新街道,云谷社区,265.5,114.1,5.1,353.2,737.9,584.4,153.5,844,790
2026-09-19,高新街道,云谷社区,317.4,113.8,4.3,416.8,852.3,647.7,204.6,844,767
2026-01-01,老城街道,永宁里,159.6,72.4,5.1,222.4,459.5,393.3,66.2,619,535
2026-01-02,老城街道,永宁里,161.2,75.1,4.2,244.4,484.9,419.4,65.5,619,526
2026-01-03,老城街道,永宁里,227.4,95.9,5.1,306.7,635.2,580.0,55.2,619,601
2026-01-04,老城街道,永宁里,216.4,78.9,3.8,275.4,574.4,489.1,85.4,619,551
2026-01-05,老城街道,永宁里,172.2,79.7,4.5,249.7,506.1,442.7,63.4,619,565
2026-01-06,老城街道,永宁里,193.2,76.1,3.8,247.4,520.4,451.3,69.2,619,512
2026-01-07,老城街道,永宁里,165.2,71.6,3.5,212.5,452.8,395.1,57.7,619,522
2026-01-08,老城街道,永宁里,174.4,67.4,3.5,243.7,489.0,427.7,61.3,619,517
2026-01-09,老城街道,永宁里,171.9,87.2,4.8,247.2,511.1,440.9,70.2,619,536
2026-01-10,老城街道,永宁里,182.1,90.5,5.8,246.3,524.7,469.3,55.4,619,546
2026-01-11,老城街道,永宁里,192.2,84.7,4.7,274.1,555.7,493.7,62.0,619,523
2026-01-12,老城街道,永宁里,171.4,82.8,4.1,236.9,495.3,442.1,53.1,619,542
2026-01-13,老城街道,永宁里,171.3,62.9,4.7,238.9,477.8,404.4,73.4,619,545
2026-01-14,老城街道,永宁里,161.8,89.9,5.3,242.1,499.1,430.5,68.6,619,516
2026-01-15,老城街道,永宁里,175.7,80.8,4.7,245.3,506.6,441.9,64.7,619,541
2026-01-16,老城街道,永宁里,164.7,66.4,3.6,198.3,433.1,383.3,49.8,619,513
2026-01-17,老城街道,永宁里,221.9,83.3,4.8,292.4,602.4,535.1,67.3,619,565
2026-01-18,老城街道,永宁里,194.4,76.6,3.9,279.0,553.9,494.8,59.1,619,539
2026-01-19,老城街道,永宁里,151.8,69.3,4.8,209.2,435.1,379.0,56.1,619,489
2026-01-20,老城街道,永宁里,158.9,66.6,3.5,223.1,452.0,396.3,55.7,619,510
2026-01-21,老城街道,永宁里,153.3,72.0,4.1,226.8,456.2,404.6,51.6,619,506
2026-01-22,老城街道,永宁里,152.2,76.0,3.9,234.1,466.3,406.9,59.4,619,502
2026-01-23,老城街道,永宁里,158.0,74.3,5.0,248.9,486.2,432.8,53.5,619,536
2026-01-24,老城街道,永宁里,184.8,84.3,3.4,282.8,555.2,490.4,64.8,619,521
2026-01-25,老城街道,永宁里,183.2,81.0,4.0,290.2,558.5,490.3,68.2,619,515
2026-01-26,老城街道,永宁里,144.9,67.8,4.0,236.4,453.1,398.0,55.1,619,495
2026-01-27,老城街道,永宁里,172.6,83.6,4.7,233.5,494.4,444.6,49.9,619,554
2026-01-28,老城街道,永宁里,153.0,68.4,3.8,238.5,463.6,386.7,77.0,619,523
2026-01-29,老城街道,永宁里,161.4,61.8,4.5,234.9,462.5,412.1,50.4,619,521
2026-01-30,老城街道,永宁里,161.5,71.8,4.2,235.8,473.3,406.1,67.2,619,542
2026-01-31,老城街道,永宁里,219.5,93.9,4.4,284.0,601.7,535.5,66.2,619,560
2026-02-01,老城街道,永宁里,203.3,92.4,4.5,290.5,590.7,517.8,72.9,619,551
2026-02-02,老城街道,永宁里,164.4,79.6,4.1,263.6,511.7,430.9,80.8,619,549
2026-02-03,老城街道,永宁里,183.7,72.1,4.8,225.3,485.9,423.9,62.1,619,523
2026-02-04,老城街道,永宁里,162.1,70.5,4.6,218.7,456.0,393.8,62.2,619,506
2026-02-05,老城街道,永宁里,161.6,71.3,4.3,217.3,454.5,414.4,40.1,619,498
2026-02-06,老城街道,永宁里,183.7,68.3,4.0,221.8,477.8,411.3,66.5,619,513
2026-02-07,老城街道,永宁里,202.3,80.6,3.7,257.9,544.5,465.0,79.5,619,528
2026-02-08,老城街道,永宁里,204.6,84.1,4.7,276.0,569.4,497.6,71.8,619,555
2026-02-09,老城街道,永宁里,150.7,85.8,4.5,237.0,478.0,410.0,68.0,619,521
2026-02-10,老城街道,永宁里,192.5,80.9,4.0,244.7,522.2,450.4,71.8,619,562
2026-02-11,老城街道,永宁里,172.1,76.1,4.5,225.6,478.4,394.2,84.2,619,517
2026-02-12,老城街道,永宁里,150.9,77.3,5.9,238.3,472.5,409.3,63.2,619,539
2026-02-13,老城街道,永宁里,145.8,67.6,3.4,241.7,458.5,371.8,86.7,619,508
2026-02-14,老城街道,永宁里,222.2,86.3,4.5,331.2,644.2,568.5,75.8,619,561
2026-02-15,老城街道,永宁里,198.6,88.0,3.9,323.4,613.8,539.5,74.3,619,565
2026-02-16,老城街道,永宁里,178.9,66.5,5.1,239.3,489.8,405.7,84.1,619,540
2026-02-17,老城街道,永宁里,161.4,73.0,3.9,226.2,464.6,386.8,77.8,619,530
2026-02-18,老城街道,永宁里,175.5,76.9,4.1,242.8,499.4,417.0,82.4,619,538
2026-02-19,老城街道,永宁里,180.5,76.5,3.7,209.4,470.1,396.4,73.7,619,509
2026-02-20,老城街道,永宁里,164.9,72.4,4.2,235.1,476.5,393.5,83.0,619,512
2026-02-21,老城街道,永宁里,211.7,95.9,4.2,306.9,618.7,525.7,93.0,619,582
2026-02-22,老城街道,永宁里,184.5,80.5,4.1,268.8,537.9,487.2,50.7,619,536
2026-02-23,老城街道,永宁里,183.8,72.3,4.1,240.2,500.5,419.3,81.3,619,523
2026-02-24,老城街道,永宁里,178.2,76.8,3.8,258.3,517.1,448.9,68.2,619,549
2026-02-25,老城街道,永宁里,164.1,80.3,4.5,227.6,476.6,400.9,75.7,619,507
2026-02-26,老城街道,永宁里,176.0,75.5,4.8,241.8,498.2,417.8,80.3,619,552
2026-02-27,老城街道,永宁里,157.2,65.4,3.4,243.8,469.7,395.9,73.8,619,511
2026-02-28,老城街道,永宁里,209.2,89.0,4.1,259.2,561.4,494.3,67.1,619,539
2026-03-01,老城街道,永宁里,218.0,103.2,4.6,323.8,649.7,560.6,89.0,619,592
2026-03-02,老城街道,永宁里,147.7,68.2,4.5,214.9,435.3,366.6,68.7,619,482
2026-03-03,老城街道,永宁里,181.3,81.5,3.7,212.0,478.5,404.5,74.0,619,516
2026-03-04,老城街道,永宁里,173.6,70.8,4.5,224.9,473.7,384.7,88.9,619,538
2026-03-05,老城街道,永宁里,155.6,70.6,3.9,238.7,468.8,402.8,66.1,619,519
2026-03-06,老城街道,永宁里,176.7,75.4,4.0,221.4,477.6,413.5,64.1,619,547
2026-03-07,老城街道,永宁里,214.6,85.9,4.9,272.5,577.8,494.8,82.9,619,542
2026-03-08,老城街道,永宁里,212.9,94.0,4.5,308.7,620.1,523.8,96.3,619,569
2026-03-09,老城街道,永宁里,153.1,73.8,3.3,197.6,427.8,366.4,61.4,619,486
2026-03-10,老城街道,永宁里,166.8,83.2,5.7,214.9,470.6,396.4,74.2,619,536
2026-03-11,老城街道,永宁里,161.1,64.2,3.6,233.3,462.3,387.3,74.9,619,484
2026-03-12,老城街道,永宁里,138.7,77.0,4.6,219.7,440.1,361.3,78.8,619,497
2026-03-13,老城街道,永宁里,204.6,74.5,3.6,262.8,545.5,448.3,97.2,619,542
2026-03-14,老城街道,永宁里,173.1,86.6,3.6,307.5,570.8,477.4,93.4,619,551
2026-03-15,老城街道,永宁里,209.2,93.0,4.9,295.1,602.2,505.4,96.8,619,572
2026-03-16,老城街道,永宁里,168.6,61.4,5.3,231.8,467.1,389.1,77.9,619,511
2026-03-17,老城街道,永宁里,164.0,73.3,3.6,244.4,485.2,407.0,78.3,619,531
2026-03-18,老城街道,永宁里,185.4,69.6,4.2,216.0,475.1,400.7,74.4,619,530
2026-03-19,老城街道,永宁里,168.5,72.7,3.9,274.9,520.0,444.5,75.6,619,526
2026-03-20,老城街道,永宁里,159.0,79.9,4.2,245.9,489.0,413.4,75.6,619,532
2026-03-21,老城街道,永宁里,196.5,74.3,4.2,276.2,551.2,481.2,70.0,619,556
2026-03-22,老城街道,永宁里,228.0,81.2,4.8,287.8,601.7,503.2,98.5,619,584
2026-03-23,老城街道,永宁里,158.6,77.4,4.6,252.2,492.9,419.7,73.2,619,512
2026-03-24,老城街道,永宁里,168.8,75.2,4.4,214.7,463.1,389.4,73.7,619,499
2026-03-25,老城街道,永宁里,162.6,73.2,6.6,274.1,516.5,426.4,90.1,619,536
2026-03-26,老城街道,永宁里,157.5,76.2,5.1,224.3,463.2,397.9,65.3,619,514
2026-03-27,老城街道,永宁里,155.4,66.3,3.5,245.5,470.8,393.9,76.9,619,528
2026-03-28,老城街道,永宁里,192.0,82.6,5.0,284.4,563.9,485.9,78.0,619,579
2026-03-29,老城街道,永宁里,205.1,89.6,4.4,294.7,593.8,500.2,93.6,619,576
2026-03-30,老城街道,永宁里,159.5,77.4,5.6,209.1,451.5,387.0,64.5,619,504
2026-03-31,老城街道,永宁里,166.4,68.7,4.7,245.5,485.3,412.9,72.4,619,523
2026-04-01,老城街道,永宁里,145.5,83.3,4.0,221.1,454.0,398.9,55.1,619,505
2026-04-02,老城街道,永宁里,165.0,70.1,4.7,238.8,478.6,400.4,78.2,619,504
2026-04-03,老城街道,永宁里,187.8,78.1,3.9,228.5,498.4,423.7,74.7,619,533
2026-04-04,老城街道,永宁里,194.0,93.1,4.0,274.1,565.2,470.6,94.6,619,571
2026-04-05,老城街道,永宁里,215.7,85.4,3.3,350.2,654.6,540.4,114.2,619,560
2026-04-06,老城街道,永宁里,193.0,77.1,4.3,267.0,541.4,462.0,79.4,619,547
2026-04-07,老城街道,永宁里,182.5,68.6,4.2,269.7,524.9,450.1,74.8,619,541
2026-04-08,老城街道,永宁里,155.6,79.5,4.3,228.4,467.8,396.5,71.3,619,502
2026-04-09,老城街道,永宁里,163.7,69.2,4.9,241.0,478.8,400.8,78.0,619,528
2026-04-10,老城街道,永宁里,188.0,78.4,4.9,245.5,516.8,437.2,79.6,619,540
2026-04-11,老城街道,永宁里,212.0,94.5,5.5,279.9,591.9,490.2,101.7,619,556
2026-04-12,老城街道,永宁里,226.4,92.6,4.7,288.1,611.8,519.6,92.2,619,558
2026-04-13,老城街道,永宁里,149.2,71.4,4.1,228.9,453.6,376.1,77.5,619,503
2026-04-14,老城街道,永宁里,166.4,73.1,4.4,233.6,477.5,405.9,71.6,619,531
2026-04-15,老城街道,永宁里,171.9,69.4,5.0,259.5,505.7,431.1,74.7,619,529
2026-04-16,老城街道,永宁里,170.7,76.9,4.6,211.3,463.6,374.9,88.7,619,537
2026-04-17,老城街道,永宁里,189.4,71.4,4.4,239.6,504.8,427.5,77.3,619,550
2026-04-18,老城街道,永宁里,189.3,90.8,3.4,267.9,551.4,447.1,104.4,619,549
2026-04-19,老城街道,永宁里,250.0,94.8,3.9,285.7,634.4,530.3,104.1,619,575
2026-04-20,老城街道,永宁里,172.6,72.3,4.0,205.4,454.2,383.8,70.4,619,505
2026-04-21,老城街道,永宁里,166.3,71.2,3.2,228.6,469.3,398.8,70.5,619,515
2026-04-22,老城街道,永宁里,169.8,76.6,4.1,220.6,471.1,382.3,88.8,619,517
2026-04-23,老城街道,永宁里,145.5,72.8,3.2,233.7,455.3,374.0,81.2,619,517
2026-04-24,老城街道,永宁里,168.9,71.1,3.1,220.6,463.7,374.2,89.5,619,507
2026-04-25,老城街道,永宁里,197.9,90.1,4.4,267.7,560.2,476.1,84.1,619,549
2026-04-26,老城街道,永宁里,226.5,88.6,4.5,291.7,611.4,517.0,94.4,619,555
2026-04-27,老城街道,永宁里,169.7,75.0,5.6,242.8,493.2,408.0,85.1,619,516
2026-04-28,老城街道,永宁里,166.7,68.7,3.7,254.6,493.8,418.2,75.6,619,543
2026-04-29,老城街道,永宁里,172.0,86.9,4.1,228.1,491.1,421.8,69.3,619,543
2026-04-30,老城街道,永宁里,168.5,67.7,4.5,261.1,501.8,420.4,81.4,619,554
2026-05-01,老城街道,永宁里,162.4,81.7,3.3,227.0,474.4,364.5,109.9,619,551
2026-05-02,老城街道,永宁里,215.5,114.3,4.0,285.0,618.8,522.7,96.1,619,586
2026-05-03,老城街道,永宁里,208.5,84.5,4.9,297.8,595.7,493.3,102.4,619,557
2026-05-04,老城街道,永宁里,170.8,76.9,4.2,232.4,484.2,411.9,72.3,619,523
2026-05-05,老城街道,永宁里,177.1,74.4,3.8,217.3,472.6,370.7,101.9,619,534
2026-05-06,老城街道,永宁里,185.4,66.5,4.0,221.6,477.4,396.1,81.3,619,533
2026-05-07,老城街道,永宁里,199.7,81.2,5.0,256.8,542.7,455.9,86.8,619,556
2026-05-08,老城街道,永宁里,177.0,88.6,4.4,240.2,510.2,424.4,85.7,619,533
2026-05-09,老城街道,永宁里,209.5,89.0,5.3,309.1,612.9,513.1,99.8,619,561
2026-05-10,老城街道,永宁里,210.8,92.5,4.6,311.8,619.7,540.7,79.0,619,563
2026-05-11,老城街道,永宁里,195.1,84.5,5.2,256.1,540.9,428.6,112.3,619,541
2026-05-12,老城街道,永宁里,158.8,66.3,4.8,255.1,485.0,393.3,91.7,619,519
2026-05-13,老城街道,永宁里,178.1,80.1,3.2,250.8,512.3,424.9,87.4,619,547
2026-05-14,老城街道,永宁里,172.6,70.3,3.6,228.9,475.4,387.0,88.5,619,532
2026-05-15,老城街道,永宁里,153.8,63.8,4.4,217.9,439.9,350.0,89.9,619,511
2026-05-16,老城街道,永宁里,191.4,100.6,4.5,263.4,560.0,448.0,112.0,619,556
2026-05-17,老城街道,永宁里,205.0,103.2,3.9,311.1,623.2,525.9,97.3,619,565
2026-05-18,老城街道,永宁里,162.8,70.5,4.0,213.6,450.8,367.1,83.7,619,532
2026-05-19,老城街道,永宁里,156.5,79.0,5.3,231.3,472.1,390.8,81.3,619,535
2026-05-20,老城街道,永宁里,181.3,76.6,5.0,253.0,515.9,416.5,99.3,619,553
2026-05-21,老城街道,永宁里,174.7,81.3,2.9,256.3,515.2,436.5,78.7,619,532
2026-05-22,老城街道,永宁里,191.7,74.0,4.0,243.1,512.8,416.7,96.2,619,542
2026-05-23,老城街道,永宁里,221.7,110.9,4.6,313.2,650.4,525.2,125.2,619,604
2026-05-24,老城街道,永宁里,198.6,94.0,4.2,273.0,569.8,484.7,85.1,619,543
2026-05-25,老城街道,永宁里,196.4,74.1,4.1,244.5,519.2,437.0,82.2,619,559
2026-05-26,老城街道,永宁里,152.4,67.4,3.5,242.0,465.4,388.4,77.0,619,510
2026-05-27,老城街道,永宁里,165.7,59.9,3.9,254.1,483.6,404.4,79.2,619,524
2026-05-28,老城街道,永宁里,177.9,65.6,5.2,274.0,522.7,424.6,98.1,619,512
2026-05-29,老城街道,永宁里,161.0,67.9,3.9,262.9,495.6,406.2,89.4,619,556
2026-05-30,老城街道,永宁里,190.7,89.2,4.1,274.2,558.2,465.4,92.9,619,560
2026-05-31,老城街道,永宁里,199.8,91.2,3.5,302.4,597.0,486.8,110.2,619,567
2026-06-01,老城街道,永宁里,171.6,80.1,3.4,239.9,495.0,403.1,91.9,619,531
2026-06-02,老城街道,永宁里,169.2,75.0,4.9,253.8,502.9,395.6,107.4,619,537
2026-06-03,老城街道,永宁里,176.2,77.0,4.0,239.3,496.5,411.9,84.6,619,528
2026-06-04,老城街道,永宁里,188.5,76.5,4.2,267.4,536.5,433.3,103.2,619,561
2026-06-05,老城街道,永宁里,180.1,84.1,4.2,244.7,513.0,427.9,85.1,619,541
2026-06-06,老城街道,永宁里,227.8,86.9,4.5,324.5,643.7,534.8,108.9,619,559
2026-06-07,老城街道,永宁里,202.0,91.9,3.8,289.0,586.7,462.6,124.1,619,571
2026-06-08,老城街道,永宁里,182.3,62.8,4.2,240.5,489.8,397.0,92.8,619,540
2026-06-09,老城街道,永宁里,163.2,66.3,4.4,227.2,461.2,373.0,88.1,619,536
2026-06-10,老城街道,永宁里,172.8,72.2,4.2,229.7,478.8,391.3,87.5,619,518
2026-06-11,老城街道,永宁里,182.4,65.8,3.9,254.6,506.6,406.6,100.0,619,531
2026-06-12,老城街道,永宁里,178.9,70.7,3.8,248.0,501.3,413.5,87.8,619,561
2026-06-13,老城街道,永宁里,202.7,93.4,4.5,283.2,583.9,488.0,95.9,619,562
2026-06-14,老城街道,永宁里,228.9,86.4,4.4,314.6,634.2,509.9,124.3,619,584
2026-06-15,老城街道,永宁里,170.1,68.8,5.7,239.0,483.5,381.8,101.8,619,542
2026-06-16,老城街道,永宁里,180.9,84.3,3.3,229.5,497.9,408.0,89.9,619,515
2026-06-17,老城街道,永宁里,172.8,64.5,3.7,241.5,482.6,402.5,80.2,619,527
2026-06-18,老城街道,永宁里,154.6,78.0,3.5,261.1,497.2,397.4,99.7,619,529
2026-06-19,老城街道,永宁里,183.6,71.2,4.0,240.8,499.6,398.5,101.1,619,550
2026-06-20,老城街道,永宁里,205.9,82.6,4.3,297.9,590.7,481.5,109.3,619,542
2026-06-21,老城街道,永宁里,217.4,94.2,4.0,278.5,594.1,494.5,99.6,619,555
2026-06-22,老城街道,永宁里,160.8,71.0,4.9,230.7,467.4,387.0,80.4,619,550
2026-06-23,老城街道,永宁里,187.2,74.4,4.7,273.9,540.1,445.4,94.8,619,572
2026-06-24,老城街道,永宁里,166.2,72.0,5.0,235.0,478.2,388.2,90.0,619,545
2026-06-25,老城街道,永宁里,172.8,80.8,5.4,239.7,498.7,380.8,118.0,619,530
2026-06-26,老城街道,永宁里,175.9,74.2,4.6,231.7,486.3,399.7,86.6,619,538
2026-06-27,老城街道,永宁里,198.8,86.2,4.4,251.6,541.1,464.0,77.0,619,522
2026-06-28,老城街道,永宁里,230.5,94.7,5.2,291.0,621.5,492.1,129.4,619,578
2026-06-29,老城街道,永宁里,175.2,85.9,3.5,242.0,506.7,413.4,93.2,619,558
2026-06-30,老城街道,永宁里,182.9,73.6,6.1,255.0,517.5,424.3,93.2,619,571
2026-07-01,老城街道,永宁里,171.7,71.2,6.0,257.1,506.0,410.1,95.9,619,532
2026-07-02,老城街道,永宁里,150.3,71.7,6.1,231.3,459.4,381.4,78.0,619,524
2026-07-03,老城街道,永宁里,158.3,72.3,5.7,250.0,486.3,397.5,88.8,619,520
2026-07-04,老城街道,永宁里,199.9,88.7,5.0,327.5,621.2,480.5,140.7,619,582
2026-07-05,老城街道,永宁里,216.4,103.3,3.6,332.6,655.9,547.5,108.4,619,576
2026-07-06,老城街道,永宁里,168.7,69.3,4.7,247.8,490.5,385.1,105.4,619,543
2026-07-07,老城街道,永宁里,188.0,89.4,5.2,245.2,527.8,420.4,107.4,619,536
2026-07-08,老城街道,永宁里,183.2,81.9,3.7,260.5,529.3,407.0,122.3,619,550
2026-07-09,老城街道,永宁里,173.4,68.2,4.1,221.1,466.7,385.8,81.0,619,520
2026-07-10,老城街道,永宁里,174.5,80.0,5.1,230.2,489.8,388.0,101.8,619,532
2026-07-11,老城街道,永宁里,200.7,88.7,3.8,293.8,587.0,479.5,107.5,619,549
2026-07-12,老城街道,永宁里,226.5,89.0,5.2,322.8,643.5,519.7,123.8,619,572
2026-07-13,老城街道,永宁里,161.5,70.8,3.4,250.9,486.5,400.5,86.0,619,535
2026-07-14,老城街道,永宁里,159.4,73.6,5.3,252.5,490.8,398.5,92.3,619,541
2026-07-15,老城街道,永宁里,195.8,70.7,4.1,275.0,545.6,443.3,102.3,619,600
2026-07-16,老城街道,永宁里,169.6,70.3,4.5,261.8,506.3,404.4,101.9,619,535
2026-07-17,老城街道,永宁里,172.2,79.7,4.4,265.8,522.0,433.1,89.0,619,570
2026-07-18,老城街道,永宁里,226.9,91.7,4.6,299.7,622.9,503.9,119.0,619,565
2026-07-19,老城街道,永宁里,235.1,84.5,4.9,299.3,623.9,513.2,110.7,619,582
2026-07-20,老城街道,永宁里,191.3,73.8,5.7,228.4,499.2,395.9,103.3,619,553
2026-07-21,老城街道,永宁里,160.7,73.4,3.9,197.8,435.9,352.7,83.2,619,522
2026-07-22,老城街道,永宁里,175.3,75.9,4.2,224.6,480.0,388.5,91.5,619,553
2026-07-23,老城街道,永宁里,189.0,81.4,4.7,261.3,536.3,410.7,125.7,619,554
2026-07-24,老城街道,永宁里,169.9,71.6,4.0,252.5,498.1,404.1,94.0,619,524
2026-07-25,老城街道,永宁里,190.6,82.6,5.0,249.5,527.8,442.7,85.1,619,526
2026-07-26,老城街道,永宁里,228.1,81.7,4.6,331.8,646.2,488.9,157.3,619,585
2026-07-27,老城街道,永宁里,178.1,67.4,4.0,219.6,469.1,365.4,103.7,619,540
2026-07-28,老城街道,永宁里,169.8,77.2,5.2,271.2,523.3,416.3,107.0,619,524
2026-07-29,老城街道,永宁里,166.8,69.1,4.6,232.8,473.2,379.6,93.6,619,533
2026-07-30,老城街道,永宁里,162.1,75.5,4.1,208.9,450.7,364.0,86.6,619,521
2026-07-31,老城街道,永宁里,180.0,79.3,3.0,247.4,509.7,406.8,102.9,619,524
2026-08-01,老城街道,永宁里,211.4,79.2,5.2,271.3,567.1,457.0,110.1,619,545
2026-08-02,老城街道,永宁里,203.6,91.6,4.4,305.7,605.3,467.0,138.3,619,607
2026-08-03,老城街道,永宁里,184.6,78.3,3.4,252.5,518.8,414.7,104.1,619,543
2026-08-04,老城街道,永宁里,192.1,77.9,4.9,252.9,527.7,417.5,110.3,619,530
2026-08-05,老城街道,永宁里,180.3,74.0,3.7,249.2,507.3,395.3,112.0,619,553
2026-08-06,老城街道,永宁里,171.6,76.0,4.2,267.7,519.4,414.2,105.2,619,542
2026-08-07,老城街道,永宁里,153.0,73.5,3.9,231.2,461.6,365.4,96.2,619,533
2026-08-08,老城街道,永宁里,190.9,97.1,3.6,309.7,601.3,490.6,110.8,619,574
2026-08-09,老城街道,永宁里,210.9,91.3,4.7,298.5,605.5,478.5,127.0,619,574
2026-08-10,老城街道,永宁里,177.3,72.2,4.6,231.1,485.2,398.1,87.1,619,546
2026-08-11,老城街道,永宁里,156.4,63.2,4.4,225.5,449.4,362.9,86.5,619,514
2026-08-12,老城街道,永宁里,173.1,76.8,4.3,236.2,490.5,392.0,98.5,619,524
2026-08-13,老城街道,永宁里,157.5,76.8,4.0,242.8,481.0,379.7,101.4,619,525
2026-08-14,老城街道,永宁里,164.5,72.7,4.3,248.9,490.4,399.5,90.8,619,533
2026-08-15,老城街道,永宁里,229.1,104.0,4.8,333.8,671.7,536.2,135.5,619,607
2026-08-16,老城街道,永宁里,218.0,89.9,4.7,307.9,620.5,493.4,127.1,619,561
2026-08-17,老城街道,永宁里,167.0,82.1,4.1,241.8,495.1,390.8,104.3,619,539
2026-08-18,老城街道,永宁里,186.0,76.2,5.4,242.5,510.1,404.0,106.1,619,547
2026-08-19,老城街道,永宁里,195.2,73.2,4.1,243.8,516.3,409.7,106.6,619,538
2026-08-20,老城街道,永宁里,188.4,77.5,4.5,242.8,513.2,401.3,111.9,619,547
2026-08-21,老城街道,永宁里,173.8,83.5,3.8,266.6,527.7,410.4,117.3,619,543
2026-08-22,老城街道,永宁里,198.5,96.8,4.0,304.3,603.6,480.6,123.0,619,575
2026-08-23,老城街道,永宁里,184.3,108.5,3.9,298.3,595.0,478.2,116.7,619,567
2026-08-24,老城街道,永宁里,175.5,74.0,4.9,233.9,488.2,377.7,110.5,619,561
2026-08-25,老城街道,永宁里,194.1,71.8,4.0,254.6,524.5,408.8,115.7,619,554
2026-08-26,老城街道,永宁里,170.9,76.7,4.7,255.9,508.2,381.6,126.6,619,567
2026-08-27,老城街道,永宁里,157.4,73.5,4.2,244.0,479.0,368.6,110.4,619,574
2026-08-28,老城街道,永宁里,179.5,70.0,3.3,202.7,455.6,368.4,87.1,619,511
2026-08-29,老城街道,永宁里,209.0,87.0,5.2,287.3,588.5,467.8,120.7,619,560
2026-08-30,老城街道,永宁里,220.5,101.2,5.6,300.5,627.8,496.7,131.1,619,591
2026-08-31,老城街道,永宁里,153.9,77.3,4.3,256.3,491.9,387.3,104.5,619,557
2026-09-01,老城街道,永宁里,173.0,76.2,4.1,273.7,527.0,401.0,126.1,619,565
2026-09-02,老城街道,永宁里,202.1,77.3,5.4,262.1,546.9,403.5,143.5,619,578
2026-09-03,老城街道,永宁里,205.1,69.4,4.6,228.0,507.2,408.3,98.9,619,562
2026-09-04,老城街道,永宁里,192.9,88.8,5.1,270.9,557.6,427.1,130.5,619,586
2026-09-05,老城街道,永宁里,200.1,72.7,4.4,295.1,572.3,445.2,127.2,619,562
2026-09-06,老城街道,永宁里,217.6,99.0,3.8,282.7,603.2,468.1,135.1,619,573
2026-09-07,老城街道,永宁里,192.9,86.4,6.4,245.8,531.5,419.2,112.3,619,556
2026-09-08,老城街道,永宁里,195.1,76.7,4.6,252.1,528.4,424.7,103.8,619,528
2026-09-09,老城街道,永宁里,169.2,75.6,5.7,223.2,473.6,355.6,118.0,619,525
2026-09-10,老城街道,永宁里,169.9,74.6,4.1,250.2,498.9,400.6,98.3,619,540
2026-09-11,老城街道,永宁里,163.1,75.2,3.4,241.4,483.1,371.1,112.0,619,518
2026-09-12,老城街道,永宁里,226.4,84.0,5.3,330.7,646.5,522.7,123.8,619,603
2026-09-13,老城街道,永宁里,217.5,106.6,4.4,313.4,641.9,497.2,144.6,619,574
2026-09-14,老城街道,永宁里,189.9,71.8,4.5,247.0,513.3,400.8,112.4,619,548
2026-09-15,老城街道,永宁里,191.0,79.7,4.4,255.6,530.7,397.0,133.7,619,568
2026-09-16,老城街道,永宁里,167.9,73.3,4.4,232.3,477.9,376.6,101.3,619,546
2026-09-17,老城街道,永宁里,160.2,95.8,5.7,240.6,502.2,392.3,109.9,619,530
2026-09-18,老城街道,永宁里,179.7,80.8,4.3,273.7,538.4,425.7,112.8,619,564
2026-09-19,老城街道,永宁里,226.2,115.9,4.8,354.0,700.9,567.7,133.1,619,605
2026-01-01,老城街道,和平新村,323.8,132.2,7.7,394.6,858.4,590.1,268.2,1512,896
2026-01-02,老城街道,和平新村,297.2,127.4,5.5,458.8,888.9,605.0,283.9,1512,921
2026-01-03,老城街道,和平新村,383.4,177.2,10.1,591.4,1162.1,813.8,348.3,1512,1087
2026-01-04,老城街道,和平新村,403.9,167.7,7.1,525.4,1104.1,776.2,327.9,1512,1054
2026-01-05,老城街道,和平新村,336.6,143.9,6.8,480.3,967.6,666.7,300.9,1512,956
2026-01-06,老城街道,和平新村,298.2,133.1,9.2,420.9,861.5,598.2,263.3,1512,986
2026-01-07,老城街道,和平新村,293.7,118.5,8.9,521.5,942.7,656.9,285.8,1512,976
2026-01-08,老城街道,和平新村,298.9,155.1,7.4,475.3,936.8,659.6,277.2,1512,985
2026-01-09,老城街道,和平新村,326.3,144.1,8.2,469.3,947.9,670.0,277.9,1512,984
2026-01-10,老城街道,和平新村,409.9,166.5,7.8,561.7,1145.9,796.1,349.7,1512,1020
2026-01-11,老城街道,和平新村,373.7,158.2,8.7,503.3,1043.9,754.7,289.3,1512,972
2026-01-12,老城街道,和平新村,264.5,129.5,10.3,401.1,805.5,567.2,238.3,1512,872
2026-01-13,老城街道,和平新村,291.5,148.7,7.7,460.7,908.6,620.9,287.7,1512,961
2026-01-14,老城街道,和平新村,292.3,141.3,8.7,445.9,888.2,615.6,272.6,1512,1007
2026-01-15,老城街道,和平新村,330.9,142.9,8.2,460.6,942.6,662.0,280.6,1512,971
2026-01-16,老城街道,和平新村,271.2,134.7,7.8,450.4,864.1,580.3,283.9,1512,921
2026-01-17,老城街道,和平新村,371.7,138.8,7.5,450.4,968.5,691.7,276.8,1512,1002
2026-01-18,老城街道,和平新村,371.7,152.1,7.4,549.2,1080.3,771.1,309.2,1512,1018
2026-01-19,老城街道,和平新村,298.1,119.7,9.4,476.6,903.8,605.6,298.3,1512,978
2026-01-20,老城街道,和平新村,293.2,122.0,6.8,430.0,851.9,584.5,267.4,1512,930
2026-01-21,老城街道,和平新村,319.5,135.2,5.8,421.9,882.5,647.0,235.5,1512,939
2026-01-22,老城街道,和平新村,357.9,147.5,9.8,455.9,971.1,673.1,298.0,1512,1022
2026-01-23,老城街道,和平新村,328.1,147.9,8.6,413.2,897.8,642.8,255.0,1512,960
2026-01-24,老城街道,和平新村,413.5,173.7,8.1,557.5,1152.8,807.3,345.5,1512,1065
2026-01-25,老城街道,和平新村,421.4,157.8,8.8,531.7,1119.6,786.9,332.7,1512,1018
2026-01-26,老城街道,和平新村,286.0,107.5,9.5,395.4,798.4,537.9,260.5,1512,898
2026-01-27,老城街道,和平新村,320.8,149.1,7.4,456.2,933.5,642.1,291.4,1512,1011
2026-01-28,老城街道,和平新村,302.5,105.7,8.9,398.7,815.8,581.9,233.9,1512,916
2026-01-29,老城街道,和平新村,287.0,122.4,8.2,442.8,860.4,597.4,263.0,1512,951
2026-01-30,老城街道,和平新村,324.3,133.1,6.5,440.0,903.9,614.5,289.3,1512,980
2026-01-31,老城街道,和平新村,365.1,171.8,9.9,508.0,1054.8,753.6,301.2,1512,1028
2026-02-01,老城街道,和平新村,433.3,168.3,8.6,572.2,1182.4,830.4,352.0,1512,1157
2026-02-02,老城街道,和平新村,299.1,157.7,7.9,425.2,889.8,625.1,264.7,1512,971
2026-02-03,老城街道,和平新村,272.3,126.4,6.4,432.5,837.7,564.3,273.4,1512,917
2026-02-04,老城街道,和平新村,327.9,146.7,9.1,504.6,988.4,677.1,311.2,1512,995
2026-02-05,老城街道,和平新村,326.4,151.8,8.1,481.0,967.3,658.1,309.2,1512,996
2026-02-06,老城街道,和平新村,282.0,126.9,7.3,392.6,808.9,543.9,265.0,1512,912
2026-02-07,老城街道,和平新村,333.1,157.8,8.0,533.0,1031.9,711.8,320.1,1512,1003
2026-02-08,老城街道,和平新村,430.4,190.3,9.4,595.3,1225.4,870.8,354.6,1512,1114
2026-02-09,老城街道,和平新村,345.5,133.9,6.3,451.4,937.1,648.1,288.9,1512,962
2026-02-10,老城街道,和平新村,275.6,149.6,8.0,425.8,859.0,611.1,247.9,1512,964
2026-02-11,老城街道,和平新村,278.7,116.0,8.7,395.0,798.3,572.4,225.9,1512,865
2026-02-12,老城街道,和平新村,278.6,147.1,6.7,441.6,874.0,594.4,279.6,1512,1009
2026-02-13,老城街道,和平新村,364.9,121.3,8.5,513.1,1007.8,696.7,311.1,1512,999
2026-02-14,老城街道,和平新村,374.7,172.7,8.9,508.5,1064.8,742.5,322.3,1512,1004
2026-02-15,老城街道,和平新村,384.0,151.0,7.0,546.4,1088.4,754.4,333.9,1512,1093
2026-02-16,老城街道,和平新村,316.6,140.4,7.5,348.7,813.1,587.5,225.6,1512,903
2026-02-17,老城街道,和平新村,329.8,124.3,6.6,422.8,883.5,595.8,287.7,1512,929
2026-02-18,老城街道,和平新村,291.6,165.9,6.7,483.0,947.2,634.9,312.3,1512,956
2026-02-19,老城街道,和平新村,319.5,137.2,7.8,459.2,923.8,623.7,300.1,1512,969
2026-02-20,老城街道,和平新村,291.6,131.1,7.4,422.0,852.2,599.2,253.0,1512,949
2026-02-21,老城街道,和平新村,335.3,166.7,5.5,538.8,1046.3,741.9,304.5,1512,969
2026-02-22,老城街道,和平新村,439.3,173.9,8.6,631.5,1253.3,874.3,379.0,1512,1109
2026-02-23,老城街道,和平新村,343.1,128.5,8.3,430.1,909.9,653.8,256.1,1512,1001
2026-02-24,老城街道,和平新村,301.2,133.3,7.2,402.8,844.5,570.5,273.9,1512,965
2026-02-25,老城街道,和平新村,282.9,136.9,9.7,459.5,889.0,645.6,243.4,1512,964
2026-02-26,老城街道,和平新村,282.5,123.4,6.8,385.3,797.9,547.6,250.3,1512,935
2026-02-27,老城街道,和平新村,303.7,138.6,9.9,488.8,941.1,647.1,293.9,1512,973
2026-02-28,老城街道,和平新村,390.9,166.1,7.3,558.2,1122.5,793.0,329.5,1512,1073
2026-03-01,老城街道,和平新村,353.4,153.1,8.1,513.6,1028.3,747.5,280.8,1512,977
2026-03-02,老城街道,和平新村,317.7,136.0,8.7,513.6,975.9,688.1,287.8,1512,1046
2026-03-03,老城街道,和平新村,308.3,146.2,8.6,440.0,903.0,604.2,298.8,1512,975
2026-03-04,老城街道,和平新村,312.2,145.5,7.6,408.4,873.6,615.2,258.4,1512,930
2026-03-05,老城街道,和平新村,317.6,126.6,9.2,422.1,875.4,606.5,268.9,1512,995
2026-03-06,老城街道,和平新村,281.8,121.8,5.2,401.7,810.6,569.9,240.7,1512,875
2026-03-07,老城街道,和平新村,373.0,148.6,7.1,507.4,1036.1,712.5,323.7,1512,1039
2026-03-08,老城街道,和平新村,450.4,165.8,7.9,559.8,1184.0,858.5,325.4,1512,1073
2026-03-09,老城街道,和平新村,299.5,138.2,5.4,405.7,848.8,584.9,264.0,1512,933
2026-03-10,老城街道,和平新村,313.0,145.9,7.1,431.6,897.6,601.6,296.0,1512,953
2026-03-11,老城街道,和平新村,298.4,115.7,8.9,427.7,850.6,565.8,284.8,1512,921
2026-03-12,老城街道,和平新村,273.4,116.2,5.9,368.9,764.4,519.2,245.3,1512,892
2026-03-13,老城街道,和平新村,304.5,144.1,7.6,463.6,919.7,635.8,283.9,1512,993
2026-03-14,老城街道,和平新村,388.5,188.2,9.1,550.7,1136.5,787.9,348.6,1512,1048
2026-03-15,老城街道,和平新村,354.6,152.4,8.1,530.8,1045.9,712.3,333.7,1512,1011
2026-03-16,老城街道,和平新村,335.0,129.1,8.4,474.0,946.4,663.0,283.5,1512,1017
2026-03-17,老城街道,和平新村,302.3,145.4,7.8,389.6,845.2,607.0,238.2,1512,953
2026-03-18,老城街道,和平新村,301.1,144.1,9.5,422.2,876.9,581.2,295.7,1512,1043
2026-03-19,老城街道,和平新村,321.9,148.6,6.5,420.7,897.7,606.8,290.9,1512,903
2026-03-20,老城街道,和平新村,274.9,159.5,5.8,431.6,871.7,611.0,260.7,1512,947
2026-03-21,老城街道,和平新村,418.5,160.9,7.7,509.7,1096.9,763.2,333.7,1512,1081
2026-03-22,老城街道,和平新村,382.4,168.5,11.4,584.1,1146.3,814.9,331.3,1512,1067
2026-03-23,老城街道,和平新村,283.7,122.6,5.7,362.7,774.6,557.5,217.1,1512,858
2026-03-24,老城街道,和平新村,274.2,121.3,7.8,387.8,791.1,547.1,244.1,1512,899
2026-03-25,老城街道,和平新村,289.6,143.4,8.5,464.2,905.7,622.6,283.1,1512,1006
2026-03-26,老城街道,和平新村,319.3,119.1,6.2,410.4,855.1,586.9,268.1,1512,911
2026-03-27,老城街道,和平新村,317.2,154.9,8.6,442.7,923.4,629.9,293.5,1512,1007
2026-03-28,老城街道,和平新村,363.2,169.0,8.3,500.0,1040.4,756.9,283.5,1512,1006
2026-03-29,老城街道,和平新村,364.3,166.9,7.8,512.5,1051.4,714.8,336.7,1512,1034
2026-03-30,老城街道,和平新村,318.9,138.4,10.5,433.9,901.7,622.7,279.0,1512,956
2026-03-31,老城街道,和平新村,315.2,144.4,9.3,403.0,872.0,595.8,276.1,1512,952
2026-04-01,老城街道,和平新村,290.6,132.2,9.2,444.0,876.0,629.2,246.8,1512,960
2026-04-02,老城街道,和平新村,269.6,119.8,7.3,381.5,778.1,524.0,254.1,1512,907
2026-04-03,老城街道,和平新村,361.4,162.5,6.3,510.0,1040.1,715.1,325.0,1512,1025
2026-04-04,老城街道,和平新村,407.5,177.3,6.3,519.3,1110.4,787.1,323.2,1512,1041
2026-04-05,老城街道,和平新村,381.7,176.5,7.8,514.7,1080.7,757.2,323.5,1512,977
2026-04-06,老城街道,和平新村,330.6,117.4,8.3,435.0,891.3,619.5,271.8,1512,966
2026-04-07,老城街道,和平新村,335.4,118.2,7.3,465.9,926.9,632.5,294.4,1512,939
2026-04-08,老城街道,和平新村,301.9,136.2,7.4,401.3,846.8,569.4,277.4,1512,941
2026-04-09,老城街道,和平新村,318.0,144.3,6.1,458.2,926.6,651.6,274.9,1512,957
2026-04-10,老城街道,和平新村,329.3,162.2,8.0,438.8,938.3,648.1,290.3,1512,999
2026-04-11,老城街道,和平新村,382.4,145.9,8.9,505.5,1042.8,727.9,314.9,1512,990
2026-04-12,老城街道,和平新村,332.1,176.7,9.2,497.9,1015.9,686.3,329.7,1512,1105
2026-04-13,老城街道,和平新村,293.5,145.1,7.6,410.2,856.5,602.3,254.2,1512,931
2026-04-14,老城街道,和平新村,341.6,135.9,7.7,436.6,921.9,638.1,283.8,1512,1042
2026-04-15,老城街道,和平新村,327.9,130.2,8.8,454.9,921.9,633.4,288.4,1512,1035
2026-04-16,老城街道,和平新村,331.9,123.8,6.4,452.7,914.8,645.2,269.5,1512,951
2026-04-17,老城街道,和平新村,320.3,112.1,7.7,392.4,832.5,548.8,283.7,1512,954
2026-04-18,老城街道,和平新村,360.0,150.5,9.3,514.3,1034.1,697.0,337.1,1512,989
2026-04-19,老城街道,和平新村,364.8,185.7,7.0,488.6,1046.1,730.6,315.5,1512,978
2026-04-20,老城街道,和平新村,343.7,137.3,7.4,432.0,920.4,622.3,298.1,1512,1016
2026-04-21,老城街道,和平新村,323.4,156.4,7.2,394.8,881.9,608.5,273.4,1512,1008
2026-04-22,老城街道,和平新村,325.9,127.8,6.3,441.5,901.5,669.0,232.5,1512,972
2026-04-23,老城街道,和平新村,323.2,137.9,7.9,474.7,943.6,622.2,321.4,1512,950
2026-04-24,老城街道,和平新村,277.5,142.9,6.7,440.3,867.4,608.9,258.5,1512,875
2026-04-25,老城街道,和平新村,351.5,168.6,9.9,479.7,1009.6,732.6,277.0,1512,1019
2026-04-26,老城街道,和平新村,340.7,133.3,8.2,469.2,951.5,675.0,276.5,1512,945
2026-04-27,老城街道,和平新村,288.7,115.3,7.9,434.3,846.2,606.0,240.3,1512,937
2026-04-28,老城街道,和平新村,325.2,145.7,8.8,471.4,951.0,677.3,273.8,1512,992
2026-04-29,老城街道,和平新村,273.2,135.3,9.6,446.8,864.9,577.5,287.4,1512,941
2026-04-30,老城街道,和平新村,321.9,140.5,6.5,479.6,948.5,649.1,299.4,1512,985
2026-05-01,老城街道,和平新村,321.0,128.7,7.7,429.2,886.6,597.4,289.2,1512,947
2026-05-02,老城街道,和平新村,389.5,169.3,7.3,492.8,1058.9,749.9,309.0,1512,1045
2026-05-03,老城街道,和平新村,408.2,179.7,7.6,486.0,1081.4,784.0,297.4,1512,1087
2026-05-04,老城街道,和平新村,284.1,136.4,6.4,382.1,809.0,558.7,250.3,1512,878
2026-05-05,老城街道,和平新村,308.5,124.7,8.9,511.2,953.2,645.3,308.0,1512,966
2026-05-06,老城街道,和平新村,304.6,128.9,7.1,457.1,897.7,643.1,254.5,1512,959
2026-05-07,老城街道,和平新村,298.0,139.4,6.9,404.8,849.1,605.5,243.6,1512,911
2026-05-08,老城街道,和平新村,327.4,142.4,8.5,441.2,919.5,650.6,268.9,1512,997
2026-05-09,老城街道,和平新村,369.6,157.4,8.3,477.1,1012.4,695.4,317.0,1512,969
2026-05-10,老城街道,和平新村,414.4,179.8,7.5,556.3,1158.0,820.9,337.1,1512,1043
2026-05-11,老城街道,和平新村,300.3,114.9,7.9,365.9,789.0,537.8,251.2,1512,846
2026-05-12,老城街道,和平新村,305.1,133.3,8.1,410.2,856.6,582.9,273.7,1512,939
2026-05-13,老城街道,和平新村,323.6,116.7,6.5,406.2,853.1,593.6,259.6,1512,926
2026-05-14,老城街道,和平新村,303.7,149.4,8.6,457.0,918.7,678.0,240.7,1512,999
2026-05-15,老城街道,和平新村,312.6,119.6,9.6,423.6,865.4,612.3,253.1,1512,967
2026-05-16,老城街道,和平新村,364.0,153.6,9.1,558.0,1084.7,742.7,341.9,1512,1017
2026-05-17,老城街道,和平新村,364.1,161.3,10.5,500.7,1036.6,696.4,340.3,1512,1016
2026-05-18,老城街道,和平新村,336.5,130.7,7.2,430.1,904.5,654.1,250.4,1512,957
2026-05-19,老城街道,和平新村,314.6,143.0,6.8,445.9,910.4,653.9,256.5,1512,971
2026-05-20,老城街道,和平新村,338.3,152.6,6.1,484.0,981.0,670.7,310.3,1512,1031
2026-05-21,老城街道,和平新村,289.3,111.5,7.9,440.9,849.6,587.8,261.8,1512,899
2026-05-22,老城街道,和平新村,305.1,115.0,8.8,449.9,878.9,582.5,296.4,1512,963
2026-05-23,老城街道,和平新村,370.7,178.2,10.3,534.5,1093.7,813.1,280.5,1512,1062
2026-05-24,老城街道,和平新村,375.1,160.1,5.1,494.0,1034.4,747.2,287.2,1512,933
2026-05-25,老城街道,和平新村,312.0,129.6,9.0,422.8,873.4,575.8,297.6,1512,936
2026-05-26,老城街道,和平新村,318.0,141.7,8.2,454.5,922.3,640.4,281.9,1512,1014
2026-05-27,老城街道,和平新村,284.4,120.1,5.4,459.4,869.3,622.4,247.0,1512,934
2026-05-28,老城街道,和平新村,334.8,131.9,8.2,393.8,868.8,589.8,279.0,1512,953
2026-05-29,老城街道,和平新村,288.7,123.7,9.9,416.6,839.0,604.2,234.7,1512,959
2026-05-30,老城街道,和平新村,376.4,166.2,8.7,535.3,1086.7,748.8,337.9,1512,1020
2026-05-31,老城街道,和平新村,428.0,159.0,10.1,512.7,1109.8,797.6,312.2,1512,1027
2026-06-01,老城街道,和平新村,290.4,136.9,6.0,380.4,813.6,544.4,269.2,1512,891
2026-06-02,老城街道,和平新村,298.4,122.1,8.1,452.1,880.7,618.1,262.6,1512,966
2026-06-03,老城街道,和平新村,290.4,138.8,8.0,402.2,839.5,590.7,248.8,1512,967
2026-06-04,老城街道,和平新村,313.1,117.6,7.1,424.0,861.9,594.2,267.7,1512,983
2026-06-05,老城街道,和平新村,349.7,137.9,8.5,488.1,984.1,693.7,290.4,1512,1084
2026-06-06,老城街道,和平新村,439.2,184.5,8.8,621.1,1253.7,903.2,350.5,1512,1098
2026-06-07,老城街道,和平新村,378.6,141.7,10.1,562.6,1093.1,765.8,327.3,1512,1044
2026-06-08,老城街道,和平新村,318.0,153.3,8.2,419.8,899.3,586.5,312.8,1512,1012
2026-06-09,老城街道,和平新村,275.4,139.0,7.9,455.9,878.0,610.5,267.5,1512,926
2026-06-10,老城街道,和平新村,306.9,120.9,7.0,428.6,863.5,593.8,269.6,1512,923
2026-06-11,老城街道,和平新村,277.7,142.4,7.1,440.8,868.1,601.2,266.9,1512,944
2026-06-12,老城街道,和平新村,320.6,138.3,6.9,442.6,908.3,639.1,269.2,1512,1016
2026-06-13,老城街道,和平新村,376.9,182.0,7.5,480.6,1047.0,746.5,300.5,1512,1005
2026-06-14,老城街道,和平新村,389.5,158.4,7.0,488.9,1043.8,730.0,313.8,1512,977
2026-06-15,老城街道,和平新村,361.6,125.7,9.5,448.7,945.5,636.8,308.7,1512,1012
2026-06-16,老城街道,和平新村,286.4,119.7,7.8,398.8,812.7,583.2,229.5,1512,883
2026-06-17,老城街道,和平新村,337.7,132.7,8.8,449.1,928.2,645.3,282.9,1512,961
2026-06-18,老城街道,和平新村,307.2,132.3,6.2,408.8,854.4,607.3,247.1,1512,920
2026-06-19,老城街道,和平新村,297.1,137.7,7.0,430.7,872.5,642.2,230.2,1512,949
2026-06-20,老城街道,和平新村,388.6,199.5,8.5,541.3,1137.9,795.1,342.8,1512,1060
2026-06-21,老城街道,和平新村,398.8,145.6,9.4,552.9,1106.7,802.7,303.9,1512,979
2026-06-22,老城街道,和平新村,301.1,139.3,6.5,423.4,870.3,596.5,273.8,1512,947
2026-06-23,老城街道,和平新村,274.7,129.3,7.4,392.9,804.3,554.3,250.0,1512,914
2026-06-24,老城街道,和平新村,324.3,130.1,8.8,380.9,844.2,587.8,256.4,1512,937
2026-06-25,老城街道,和平新村,315.1,133.2,7.8,467.2,923.3,646.9,276.4,1512,993
2026-06-26,老城街道,和平新村,325.5,136.8,7.7,450.8,920.9,619.8,301.1,1512,998
2026-06-27,老城街道,和平新村,367.9,164.5,7.1,488.8,1028.4,757.6,270.8,1512,1058
2026-06-28,老城街道,和平新村,415.9,182.5,7.0,516.5,1122.0,769.6,352.4,1512,1047
2026-06-29,老城街道,和平新村,269.0,126.7,6.5,354.1,756.3,512.7,243.6,1512,849
2026-06-30,老城街道,和平新村,318.7,131.2,8.4,425.9,884.2,600.9,283.3,1512,951
2026-07-01,老城街道,和平新村,284.4,117.2,8.1,409.5,819.2,572.5,246.7,1512,926
2026-07-02,老城街道,和平新村,335.9,129.9,8.5,439.9,914.2,575.8,338.4,1512,990
2026-07-03,老城街道,和平新村,334.1,150.4,7.7,467.3,959.5,629.9,329.6,1512,1057
2026-07-04,老城街道,和平新村,406.1,171.6,8.6,511.6,1098.0,779.1,318.9,1512,997
2026-07-05,老城街道,和平新村,416.5,170.1,7.4,513.7,1107.7,767.5,340.1,1512,1091
2026-07-06,老城街道,和平新村,328.8,145.0,7.7,428.6,910.1,632.7,277.5,1512,957
2026-07-07,老城街道,和平新村,324.3,149.4,9.7,442.4,925.9,623.9,301.9,1512,1017
2026-07-08,老城街道,和平新村,358.5,148.0,10.4,477.5,994.4,675.9,318.5,1512,1081
2026-07-09,老城街道,和平新村,301.5,129.2,6.7,430.6,867.9,608.0,260.0,1512,943
2026-07-10,老城街道,和平新村,312.6,121.4,8.7,465.2,908.0,620.3,287.7,1512,995
2026-07-11,老城街道,和平新村,388.8,174.8,9.7,572.8,1146.1,856.4,289.7,1512,1045
2026-07-12,老城街道,和平新村,403.7,166.9,6.9,493.3,1070.8,762.8,308.0,1512,1043
2026-07-13,老城街道,和平新村,361.5,135.1,7.8,427.8,932.2,642.6,289.6,1512,974
2026-07-14,老城街道,和平新村,302.1,126.7,7.4,419.7,855.8,604.0,251.8,1512,981
2026-07-15,老城街道,和平新村,302.8,153.3,9.3,432.7,898.1,620.1,278.0,1512,975
2026-07-16,老城街道,和平新村,307.0,134.7,7.3,408.6,857.6,580.8,276.8,1512,967
2026-07-17,老城街道,和平新村,300.2,134.4,7.5,430.7,872.9,606.9,266.0,1512,953
2026-07-18,老城街道,和平新村,373.6,156.4,7.4,526.7,1064.2,744.4,319.8,1512,1060
2026-07-19,老城街道,和平新村,366.8,172.4,8.4,486.1,1033.7,706.5,327.2,1512,967
2026-07-20,老城街道,和平新村,283.9,135.8,6.9,383.4,810.1,537.7,272.4,1512,977
2026-07-21,老城街道,和平新村,285.7,126.4,6.8,422.0,840.8,606.5,234.4,1512,912
2026-07-22,老城街道,和平新村,321.6,123.6,8.2,416.5,869.9,592.7,277.3,1512,986
2026-07-23,老城街道,和平新村,306.6,141.6,8.3,405.6,862.2,580.8,281.4,1512,982
2026-07-24,老城街道,和平新村,303.1,135.9,8.8,433.1,880.8,623.6,257.2,1512,981
2026-07-25,老城街道,和平新村,412.1,175.8,8.7,555.1,1151.6,857.6,294.0,1512,1112
2026-07-26,老城街道,和平新村,364.8,182.2,9.9,575.7,1132.7,802.9,329.7,1512,1075
2026-07-27,老城街道,和平新村,343.5,138.4,8.0,507.8,997.7,690.7,307.0,1512,993
2026-07-28,老城街道,和平新村,311.2,133.4,6.7,388.7,840.1,588.2,251.9,1512,923
2026-07-29,老城街道,和平新村,286.9,134.3,7.6,433.1,861.8,602.3,259.5,1512,966
2026-07-30,老城街道,和平新村,266.1,119.7,8.7,461.1,855.6,601.9,253.7,1512,889
2026-07-31,老城街道,和平新村,268.3,146.1,8.3,444.4,867.2,602.5,264.8,1512,971
2026-08-01,老城街道,和平新村,458.0,187.3,10.5,589.7,1245.5,851.9,393.6,1512,1136
2026-08-02,老城街道,和平新村,316.9,143.6,7.0,491.4,958.9,691.5,267.3,1512,987
2026-08-03,老城街道,和平新村,306.4,122.1,6.3,432.6,867.4,609.4,258.1,1512,959
2026-08-04,老城街道,和平新村,321.0,155.0,7.7,487.2,970.9,664.8,306.2,1512,971
2026-08-05,老城街道,和平新村,341.6,148.6,7.1,481.2,978.4,686.6,291.8,1512,1002
2026-08-06,老城街道,和平新村,317.4,151.0,8.4,407.5,884.2,608.0,276.1,1512,984
2026-08-07,老城街道,和平新村,312.4,129.0,9.3,427.1,877.8,642.6,235.2,1512,1009
2026-08-08,老城街道,和平新村,387.6,166.2,8.2,534.0,1095.9,790.0,305.9,1512,1095
2026-08-09,老城街道,和平新村,408.6,160.1,9.6,518.5,1096.8,779.4,317.5,1512,1063
2026-08-10,老城街道,和平新村,317.5,121.3,7.9,423.2,869.9,617.2,252.7,1512,903
2026-08-11,老城街道,和平新村,312.4,137.8,7.3,500.2,957.7,643.2,314.5,1512,1009
2026-08-12,老城街道,和平新村,305.2,151.2,11.2,429.0,896.6,603.7,292.9,1512,990
2026-08-13,老城街道,和平新村,324.6,130.8,8.7,418.7,882.8,615.3,267.5,1512,953
2026-08-14,老城街道,和平新村,285.1,121.8,6.9,398.7,812.6,597.1,215.5,1512,871
2026-08-15,老城街道,和平新村,398.2,195.5,5.6,610.5,1209.9,856.0,353.9,1512,1056
2026-08-16,老城街道,和平新村,356.9,173.7,8.9,553.4,1092.9,822.4,270.5,1512,967
2026-08-17,老城街道,和平新村,304.2,129.5,8.8,360.8,803.2,563.1,240.1,1512,879
2026-08-18,老城街道,和平新村,336.9,154.8,7.0,426.9,925.6,622.5,303.1,1512,972
2026-08-19,老城街道,和平新村,315.2,127.7,8.1,404.1,855.2,638.1,217.1,1512,946
2026-08-20,老城街道,和平新村,295.5,130.3,8.3,480.9,914.9,621.5,293.4,1512,954
2026-08-21,老城街道,和平新村,296.5,121.1,5.8,444.2,867.6,593.2,274.3,1512,926
2026-08-22,老城街道,和平新村,345.5,161.9,6.8,544.8,1059.1,749.7,309.4,1512,1054
2026-08-23,老城街道,和平新村,371.9,158.2,8.2,556.2,1094.5,775.8,318.7,1512,1052
2026-08-24,老城街道,和平新村,281.4,123.3,6.9,391.0,802.6,549.0,253.6,1512,928
2026-08-25,老城街道,和平新村,322.9,130.2,5.9,516.0,974.9,669.2,305.7,1512,1027
2026-08-26,老城街道,和平新村,337.6,143.7,7.8,411.0,900.2,643.6,256.6,1512,984
2026-08-27,老城街道,和平新村,297.4,133.5,7.7,443.0,881.6,642.5,239.1,1512,951
2026-08-28,老城街道,和平新村,302.9,138.2,6.8,463.8,911.7,640.7,271.0,1512,945
2026-08-29,老城街道,和平新村,378.8,189.8,7.8,557.5,1133.9,800.6,333.3,1512,1119
2026-08-30,老城街道,和平新村,445.5,173.9,7.5,553.1,1180.0,852.8,327.2,1512,1036
2026-08-31,老城街道,和平新村,317.2,145.9,8.3,456.2,927.6,640.2,287.4,1512,1009
2026-09-01,老城街道,和平新村,286.8,117.9,5.8,381.3,791.8,564.6,227.3,1512,891
2026-09-02,老城街道,和平新村,314.1,140.7,7.2,476.1,938.1,640.8,297.3,1512,962
2026-09-03,老城街道,和平新村,277.4,124.4,4.3,428.2,834.3,573.6,260.7,1512,885
2026-09-04,老城街道,和平新村,278.2,137.0,8.4,398.6,822.3,569.4,252.9,1512,921
2026-09-05,老城街道,和平新村,395.6,177.7,7.8,542.0,1123.1,765.7,357.3,1512,1055
2026-09-06,老城街道,和平新村,435.2,199.8,10.6,630.1,1275.7,901.4,374.3,1512,1092
2026-09-07,老城街道,和平新村,331.9,118.6,10.8,401.5,862.8,614.7,248.1,1512,946
2026-09-08,老城街道,和平新村,341.8,123.5,7.2,477.7,950.1,674.8,275.3,1512,1039
2026-09-09,老城街道,和平新村,310.2,120.1,10.1,424.5,864.9,610.3,254.6,1512,965
2026-09-10,老城街道,和平新村,309.6,146.7,8.6,459.5,924.4,654.9,269.5,1512,1037
2026-09-11,老城街道,和平新村,302.8,128.2,10.7,407.8,849.4,603.9,245.6,1512,943
2026-09-12,老城街道,和平新村,393.5,183.3,7.8,518.2,1102.9,793.7,309.2,1512,1130
2026-09-13,老城街道,和平新村,365.1,160.8,8.2,492.7,1026.8,710.6,316.2,1512,1023
2026-09-14,老城街道,和平新村,356.3,141.0,9.4,444.1,950.7,666.0,284.7,1512,1028
2026-09-15,老城街道,和平新村,310.8,125.4,9.0,424.3,869.5,598.3,271.3,1512,991
2026-09-16,老城街道,和平新村,337.4,145.0,6.6,428.5,917.4,628.3,289.1,1512,1021
2026-09-17,老城街道,和平新村,325.5,135.1,7.4,456.8,924.8,648.6,276.2,1512,1002
2026-09-18,老城街道,和平新村,287.6,125.7,8.0,455.3,876.7,588.9,287.8,1512,977
2026-09-19,老城街道,和平新村,328.3,160.6,6.0,546.6,1041.4,741.9,299.5,1512,998
2026-01-01,老城街道,鼓楼小区,273.7,131.6,6.5,403.6,815.4,698.5,116.9,1337,906
2026-01-02,老城街道,鼓楼小区,289.5,126.3,8.0,369.1,792.8,697.2,95.6,1337,851
2026-01-03,老城街道,鼓楼小区,339.7,141.4,7.6,458.2,946.9,852.0,94.9,1337,870
2026-01-04,老城街道,鼓楼小区,285.0,148.3,8.3,437.3,878.9,792.6,86.3,1337,851
2026-01-05,老城街道,鼓楼小区,231.5,105.8,4.6,308.3,650.3,579.2,71.1,1337,751
2026-01-06,老城街道,鼓楼小区,248.2,107.3,5.2,351.8,712.6,626.3,86.3,1337,792
2026-01-07,老城街道,鼓楼小区,246.2,109.2,7.2,354.8,717.5,628.4,89.1,1337,793
2026-01-08,老城街道,鼓楼小区,260.2,101.9,6.1,388.4,756.6,636.7,120.0,1337,769
2026-01-09,老城街道,鼓楼小区,254.8,103.4,6.2,334.6,698.9,620.3,78.6,1337,730
2026-01-10,老城街道,鼓楼小区,296.3,145.4,5.7,507.8,955.3,864.1,91.2,1337,880
2026-01-11,老城街道,鼓楼小区,311.3,145.7,7.5,437.7,902.3,795.5,106.8,1337,881
2026-01-12,老城街道,鼓楼小区,260.6,108.0,9.3,395.7,773.5,684.0,89.5,1337,819
2026-01-13,老城街道,鼓楼小区,280.8,117.4,4.6,360.5,763.4,678.8,84.6,1337,862
2026-01-14,老城街道,鼓楼小区,279.5,106.5,7.6,381.9,775.5,709.7,65.9,1337,863
2026-01-15,老城街道,鼓楼小区,239.9,116.0,8.2,333.9,698.1,620.4,77.7,1337,772
2026-01-16,老城街道,鼓楼小区,254.6,109.2,7.1,437.6,808.5,693.8,114.7,1337,858
2026-01-17,老城街道,鼓楼小区,321.9,134.7,5.3,471.9,933.9,815.1,118.8,1337,869
2026-01-18,老城街道,鼓楼小区,327.7,163.2,6.7,435.6,933.1,831.9,101.3,1337,898
2026-01-19,老城街道,鼓楼小区,230.8,101.3,5.7,298.5,636.3,576.6,59.8,1337,728
2026-01-20,老城街道,鼓楼小区,297.3,115.8,5.9,345.7,764.7,653.7,111.1,1337,855
2026-01-21,老城街道,鼓楼小区,231.7,98.8,7.0,391.9,729.4,651.4,78.0,1337,857
2026-01-22,老城街道,鼓楼小区,257.0,114.3,5.7,366.5,743.5,645.0,98.5,1337,815
2026-01-23,老城街道,鼓楼小区,224.9,108.5,7.1,346.9,687.3,593.8,93.5,1337,786
2026-01-24,老城街道,鼓楼小区,365.5,172.8,10.5,485.1,1033.8,911.6,122.3,1337,934
2026-01-25,老城街道,鼓楼小区,328.3,155.7,5.9,453.0,942.9,817.8,125.1,1337,862
2026-01-26,老城街道,鼓楼小区,257.0,117.1,8.8,375.5,758.4,653.6,104.8,1337,811
2026-01-27,老城街道,鼓楼小区,250.9,103.5,6.5,308.8,669.7,581.5,88.2,1337,793
2026-01-28,老城街道,鼓楼小区,242.1,110.1,7.7,392.0,751.9,655.9,96.0,1337,811
2026-01-29,老城街道,鼓楼小区,245.1,114.6,6.9,413.3,779.9,675.8,104.1,1337,838
2026-01-30,老城街道,鼓楼小区,249.9,128.8,6.3,381.4,766.4,687.9,78.5,1337,825
2026-01-31,老城街道,鼓楼小区,341.6,166.8,7.6,515.7,1031.7,914.0,117.7,1337,963
2026-02-01,老城街道,鼓楼小区,295.4,120.8,6.9,434.8,857.9,776.0,81.9,1337,806
2026-02-02,老城街道,鼓楼小区,258.8,101.0,6.7,342.3,708.9,606.0,102.9,1337,799
2026-02-03,老城街道,鼓楼小区,237.2,101.1,5.9,374.9,719.1,630.3,88.8,1337,767
2026-02-04,老城街道,鼓楼小区,249.0,120.4,5.4,360.9,735.7,646.4,89.3,1337,801
2026-02-05,老城街道,鼓楼小区,273.1,107.9,7.5,417.5,806.0,687.1,118.9,1337,813
2026-02-06,老城街道,鼓楼小区,280.2,104.7,8.2,351.4,744.5,650.9,93.6,1337,817
2026-02-07,老城街道,鼓楼小区,328.5,121.9,6.6,416.2,873.3,798.5,74.8,1337,858
2026-02-08,老城街道,鼓楼小区,319.6,141.9,6.6,518.1,986.3,837.8,148.5,1337,935
2026-02-09,老城街道,鼓楼小区,265.9,135.8,6.2,374.6,782.5,689.9,92.6,1337,871
2026-02-10,老城街道,鼓楼小区,252.4,103.8,6.6,305.1,667.9,568.2,99.7,1337,793
2026-02-11,老城街道,鼓楼小区,238.5,103.2,7.2,359.9,708.8,614.9,93.9,1337,776
2026-02-12,老城街道,鼓楼小区,265.3,127.8,6.3,323.4,722.8,621.9,100.9,1337,791
2026-02-13,老城街道,鼓楼小区,262.4,110.1,5.9,381.0,759.3,646.0,113.4,1337,842
2026-02-14,老城街道,鼓楼小区,327.4,137.5,6.1,486.8,957.8,812.0,145.8,1337,885
2026-02-15,老城街道,鼓楼小区,343.7,145.8,8.6,432.2,930.2,792.0,138.3,1337,894
2026-02-16,老城街道,鼓楼小区,312.3,116.8,7.1,374.9,811.0,688.7,122.4,1337,801
2026-02-17,老城街道,鼓楼小区,246.6,123.4,7.4,412.3,789.6,682.9,106.8,1337,862
2026-02-18,老城街道,鼓楼小区,233.6,113.3,6.7,329.9,683.5,575.9,107.6,1337,776
2026-02-19,老城街道,鼓楼小区,267.9,114.4,7.6,382.8,772.8,693.8,79.0,1337,831
2026-02-20,老城街道,鼓楼小区,224.9,101.7,6.7,338.2,671.5,602.6,68.9,1337,771
2026-02-21,老城街道,鼓楼小区,342.0,131.2,8.3,489.3,970.9,872.1,98.8,1337,871
2026-02-22,老城街道,鼓楼小区,338.8,152.0,8.8,497.0,996.7,862.3,134.3,1337,906
2026-02-23,老城街道,鼓楼小区,250.9,118.1,5.7,380.3,754.9,658.8,96.2,1337,846
2026-02-24,老城街道,鼓楼小区,225.8,105.6,7.2,357.3,695.8,614.7,81.1,1337,820
2026-02-25,老城街道,鼓楼小区,252.4,111.7,6.9,333.6,704.7,618.4,86.3,1337,771
2026-02-26,老城街道,鼓楼小区,245.7,123.7,5.4,376.1,750.9,658.8,92.1,1337,880
2026-02-27,老城街道,鼓楼小区,267.4,123.0,6.8,382.8,780.0,662.5,117.5,1337,817
2026-02-28,老城街道,鼓楼小区,280.5,169.0,9.1,502.9,961.5,823.0,138.5,1337,929
2026-03-01,老城街道,鼓楼小区,315.4,133.1,6.8,394.8,850.1,767.5,82.7,1337,818
2026-03-02,老城街道,鼓楼小区,257.0,116.5,5.5,367.8,746.8,640.6,106.2,1337,837
2026-03-03,老城街道,鼓楼小区,289.2,130.5,8.0,373.6,801.3,695.5,105.8,1337,863
2026-03-04,老城街道,鼓楼小区,255.4,108.6,5.6,350.5,720.1,617.0,103.2,1337,867
2026-03-05,老城街道,鼓楼小区,281.0,108.4,5.1,364.5,759.1,631.3,127.7,1337,802
2026-03-06,老城街道,鼓楼小区,244.6,120.8,5.1,322.5,693.0,587.2,105.9,1337,792
2026-03-07,老城街道,鼓楼小区,349.8,137.7,6.8,469.8,964.1,839.8,124.3,1337,866
2026-03-08,老城街道,鼓楼小区,325.5,158.0,6.6,472.8,962.8,801.6,161.2,1337,904
2026-03-09,老城街道,鼓楼小区,264.8,120.1,8.7,371.6,765.2,645.9,119.2,1337,840
2026-03-10,老城街道,鼓楼小区,299.7,105.4,6.6,383.1,794.8,681.9,113.0,1337,915
2026-03-11,老城街道,鼓楼小区,279.7,120.6,7.2,342.9,750.3,650.7,99.6,1337,820
2026-03-12,老城街道,鼓楼小区,257.6,119.8,7.4,397.4,782.3,672.5,109.7,1337,878
2026-03-13,老城街道,鼓楼小区,279.7,127.5,7.7,384.8,799.6,700.9,98.8,1337,853
2026-03-14,老城街道,鼓楼小区,327.3,148.9,6.3,502.9,985.3,843.7,141.6,1337,930
2026-03-15,老城街道,鼓楼小区,311.0,132.2,8.0,480.6,931.8,824.5,107.3,1337,853
2026-03-16,老城街道,鼓楼小区,239.7,98.2,5.6,333.3,676.8,569.9,106.9,1337,699
2026-03-17,老城街道,鼓楼小区,250.0,116.2,7.3,396.1,769.5,649.5,120.0,1337,798
2026-03-18,老城街道,鼓楼小区,275.7,105.8,8.1,372.3,762.0,653.7,108.3,1337,817
2026-03-19,老城街道,鼓楼小区,260.5,107.3,6.2,319.1,693.1,586.8,106.4,1337,784
2026-03-20,老城街道,鼓楼小区,262.5,109.6,4.3,351.1,727.6,613.2,114.4,1337,800
2026-03-21,老城街道,鼓楼小区,331.4,119.3,7.1,425.7,883.5,739.0,144.5,1337,848
2026-03-22,老城街道,鼓楼小区,319.2,141.8,5.3,471.9,938.2,797.5,140.7,1337,851
2026-03-23,老城街道,鼓楼小区,250.1,113.2,5.5,365.8,734.6,609.2,125.4,1337,839
2026-03-24,老城街道,鼓楼小区,253.4,112.7,9.3,369.7,745.1,631.1,114.0,1337,777
2026-03-25,老城街道,鼓楼小区,214.0,102.8,7.9,392.6,717.2,625.3,91.9,1337,752
2026-03-26,老城街道,鼓楼小区,264.5,110.2,6.2,374.0,755.0,632.8,122.1,1337,800
2026-03-27,老城街道,鼓楼小区,313.6,105.8,8.2,372.4,800.0,719.6,80.4,1337,876
2026-03-28,老城街道,鼓楼小区,360.6,143.4,7.0,477.4,988.3,882.4,105.9,1337,945
2026-03-29,老城街道,鼓楼小区,363.1,165.9,6.4,482.4,1017.8,891.9,125.8,1337,906
2026-03-30,老城街道,鼓楼小区,277.3,119.3,6.0,365.4,768.0,659.7,108.3,1337,819
2026-03-31,老城街道,鼓楼小区,252.8,100.2,6.8,388.7,748.5,632.0,116.5,1337,794
2026-04-01,老城街道,鼓楼小区,279.4,111.6,9.4,336.6,736.9,618.1,118.8,1337,865
2026-04-02,老城街道,鼓楼小区,280.1,113.4,9.3,359.0,761.8,638.4,123.3,1337,796
2026-04-03,老城街道,鼓楼小区,259.2,99.3,5.7,367.2,731.4,602.8,128.6,1337,758
2026-04-04,老城街道,鼓楼小区,311.2,121.6,5.1,470.8,908.7,789.5,119.2,1337,869
2026-04-05,老城街道,鼓楼小区,337.9,138.2,9.1,422.2,907.3,785.4,121.9,1337,908
2026-04-06,老城街道,鼓楼小区,266.6,116.6,6.2,387.2,776.5,644.1,132.4,1337,833
2026-04-07,老城街道,鼓楼小区,269.6,111.9,6.6,374.3,762.4,622.1,140.3,1337,821
2026-04-08,老城街道,鼓楼小区,245.2,101.3,5.6,353.9,706.0,569.2,136.8,1337,760
2026-04-09,老城街道,鼓楼小区,258.0,112.6,7.0,307.1,684.7,561.5,123.2,1337,730
2026-04-10,老城街道,鼓楼小区,247.4,105.7,5.3,359.9,718.3,600.8,117.4,1337,776
2026-04-11,老城街道,鼓楼小区,356.2,126.5,5.9,565.1,1053.7,890.6,163.1,1337,963
2026-04-12,老城街道,鼓楼小区,332.5,162.8,5.4,506.1,1006.8,849.2,157.6,1337,903
2026-04-13,老城街道,鼓楼小区,271.3,112.4,5.1,385.3,774.2,666.2,107.9,1337,827
2026-04-14,老城街道,鼓楼小区,275.7,111.6,8.4,376.8,772.6,650.8,121.8,1337,837
2026-04-15,老城街道,鼓楼小区,278.1,115.2,6.4,394.8,794.5,673.5,121.0,1337,816
2026-04-16,老城街道,鼓楼小区,251.4,117.6,6.8,366.5,742.3,598.9,143.3,1337,815
2026-04-17,老城街道,鼓楼小区,269.5,114.0,7.8,385.6,776.9,641.0,135.9,1337,826
2026-04-18,老城街道,鼓楼小区,290.2,135.3,6.1,421.1,852.7,725.0,127.7,1337,799
2026-04-19,老城街道,鼓楼小区,361.4,154.8,5.9,423.1,945.3,799.6,145.7,1337,903
2026-04-20,老城街道,鼓楼小区,253.2,120.3,10.0,387.0,770.5,651.7,118.8,1337,874
2026-04-21,老城街道,鼓楼小区,244.4,105.1,5.2,322.8,677.6,598.5,79.0,1337,794
2026-04-22,老城街道,鼓楼小区,255.0,112.1,8.3,396.9,772.3,644.0,128.3,1337,832
2026-04-23,老城街道,鼓楼小区,244.8,120.7,6.7,371.4,743.6,619.6,124.0,1337,844
2026-04-24,老城街道,鼓楼小区,242.8,131.5,7.6,361.0,742.8,622.8,120.0,1337,821
2026-04-25,老城街道,鼓楼小区,330.0,126.2,7.1,388.6,852.0,697.1,154.9,1337,795
2026-04-26,老城街道,鼓楼小区,329.7,143.2,6.2,432.1,911.1,769.3,141.8,1337,883
2026-04-27,老城街道,鼓楼小区,230.3,104.5,6.4,372.3,713.5,596.8,116.7,1337,756
2026-04-28,老城街道,鼓楼小区,236.9,119.1,5.8,365.8,727.5,603.3,124.2,1337,828
2026-04-29,老城街道,鼓楼小区,248.4,126.4,6.7,411.3,792.8,671.1,121.7,1337,847
2026-04-30,老城街道,鼓楼小区,261.8,128.8,5.6,433.5,829.7,717.1,112.7,1337,891
2026-05-01,老城街道,鼓楼小区,271.1,127.1,6.4,391.4,795.9,677.5,118.5,1337,869
2026-05-02,老城街道,鼓楼小区,286.4,157.7,6.5,426.9,877.5,733.1,144.3,1337,817
2026-05-03,老城街道,鼓楼小区,324.5,137.1,5.0,477.4,944.1,790.2,153.9,1337,880
2026-05-04,老城街道,鼓楼小区,244.4,123.6,5.6,360.6,734.2,627.2,107.1,1337,783
2026-05-05,老城街道,鼓楼小区,274.7,128.4,7.7,369.8,780.6,704.9,75.7,1337,855
2026-05-06,老城街道,鼓楼小区,285.8,116.7,8.7,419.1,830.3,659.2,171.1,1337,854
2026-05-07,老城街道,鼓楼小区,231.2,113.1,5.0,319.9,669.2,561.5,107.7,1337,819
2026-05-08,老城街道,鼓楼小区,249.6,120.3,7.0,387.8,764.7,639.9,124.8,1337,877
2026-05-09,老城街道,鼓楼小区,322.4,130.9,6.2,506.0,965.5,784.3,181.2,1337,950
2026-05-10,老城街道,鼓楼小区,328.9,143.2,4.9,462.3,939.3,781.8,157.5,1337,866
2026-05-11,老城街道,鼓楼小区,260.3,134.4,5.9,367.6,768.2,650.2,118.0,1337,825
2026-05-12,老城街道,鼓楼小区,261.9,117.3,8.4,393.0,780.7,648.8,131.8,1337,832
2026-05-13,老城街道,鼓楼小区,243.5,120.1,5.0,413.2,781.8,644.1,137.7,1337,795
2026-05-14,老城街道,鼓楼小区,250.7,101.8,5.8,318.5,676.8,558.1,118.7,1337,775
2026-05-15,老城街道,鼓楼小区,230.0,97.6,5.5,320.2,653.3,536.3,117.0,1337,745
2026-05-16,老城街道,鼓楼小区,350.9,166.7,6.9,492.3,1016.8,851.8,164.9,1337,933
2026-05-17,老城街道,鼓楼小区,332.1,161.7,6.6,471.6,972.1,820.2,151.9,1337,943
2026-05-18,老城街道,鼓楼小区,254.2,110.1,6.2,382.7,753.1,616.6,136.5,1337,848
2026-05-19,老城街道,鼓楼小区,263.4,124.1,6.8,420.4,814.7,658.5,156.2,1337,841
2026-05-20,老城街道,鼓楼小区,246.7,109.5,5.5,384.9,746.7,617.8,128.9,1337,781
2026-05-21,老城街道,鼓楼小区,260.1,104.7,7.4,378.8,751.0,615.5,135.5,1337,804
2026-05-22,老城街道,鼓楼小区,265.2,106.0,6.5,372.9,750.6,621.2,129.5,1337,854
2026-05-23,老城街道,鼓楼小区,291.9,126.4,8.3,455.7,882.4,706.3,176.0,1337,854
2026-05-24,老城街道,鼓楼小区,360.1,148.0,9.2,440.8,958.0,818.7,139.4,1337,917
2026-05-25,老城街道,鼓楼小区,272.0,114.2,7.5,326.4,720.2,593.4,126.8,1337,789
2026-05-26,老城街道,鼓楼小区,247.9,102.5,6.8,341.7,699.0,569.2,129.8,1337,758
2026-05-27,老城街道,鼓楼小区,245.4,110.9,4.4,341.6,702.3,552.6,149.7,1337,763
2026-05-28,老城街道,鼓楼小区,241.8,111.1,5.7,314.0,672.6,542.7,129.9,1337,786
2026-05-29,老城街道,鼓楼小区,246.8,111.5,6.2,368.2,732.7,606.1,126.6,1337,816
2026-05-30,老城街道,鼓楼小区,331.7,155.4,9.2,467.4,963.7,802.5,161.2,1337,904
2026-05-31,老城街道,鼓楼小区,321.0,125.7,9.5,513.0,969.1,800.5,168.7,1337,839
2026-06-01,老城街道,鼓楼小区,255.3,127.0,5.0,386.8,774.1,625.9,148.2,1337,767
2026-06-02,老城街道,鼓楼小区,252.6,117.7,6.1,358.3,734.8,572.5,162.3,1337,775
2026-06-03,老城街道,鼓楼小区,271.9,115.2,8.3,407.9,803.3,668.6,134.7,1337,882
2026-06-04,老城街道,鼓楼小区,268.3,103.5,6.7,365.6,744.1,612.4,131.7,1337,807
2026-06-05,老城街道,鼓楼小区,260.4,127.8,6.9,371.2,766.3,624.2,142.1,1337,865
2026-06-06,老城街道,鼓楼小区,357.7,152.7,6.6,539.2,1056.2,845.6,210.6,1337,976
2026-06-07,老城街道,鼓楼小区,342.1,159.5,6.6,489.2,997.4,840.4,157.0,1337,933
2026-06-08,老城街道,鼓楼小区,242.2,137.2,8.6,354.5,742.5,602.5,140.0,1337,844
2026-06-09,老城街道,鼓楼小区,248.9,90.9,5.9,338.3,684.0,562.8,121.2,1337,774
2026-06-10,老城街道,鼓楼小区,318.8,138.2,7.3,414.5,878.8,732.3,146.5,1337,900
2026-06-11,老城街道,鼓楼小区,269.4,116.3,7.0,308.5,701.2,574.5,126.7,1337,786
2026-06-12,老城街道,鼓楼小区,279.4,117.6,5.7,360.9,763.6,626.6,137.0,1337,874
2026-06-13,老城街道,鼓楼小区,323.0,162.1,5.9,451.6,942.7,779.8,162.9,1337,891
2026-06-14,老城街道,鼓楼小区,328.1,141.0,7.9,406.2,883.2,755.1,128.1,1337,888
2026-06-15,老城街道,鼓楼小区,252.0,120.3,7.5,386.5,766.3,619.8,146.5,1337,836
2026-06-16,老城街道,鼓楼小区,269.0,118.7,6.3,393.0,787.1,664.6,122.4,1337,816
2026-06-17,老城街道,鼓楼小区,262.8,105.6,6.0,348.0,722.4,590.6,131.7,1337,785
2026-06-18,老城街道,鼓楼小区,278.0,120.7,5.2,378.2,782.0,645.7,136.3,1337,877
2026-06-19,老城街道,鼓楼小区,269.0,110.1,6.9,379.2,765.2,608.6,156.6,1337,846
2026-06-20,老城街道,鼓楼小区,369.5,149.3,8.0,479.6,1006.3,783.6,222.7,1337,945
2026-06-21,老城街道,鼓楼小区,379.9,171.3,7.6,546.5,1105.3,879.3,226.0,1337,987
2026-06-22,老城街道,鼓楼小区,275.6,109.7,7.6,377.6,770.5,607.0,163.5,1337,824
2026-06-23,老城街道,鼓楼小区,263.9,131.5,6.6,374.5,776.6,633.9,142.7,1337,805
2026-06-24,老城街道,鼓楼小区,250.2,108.9,4.6,371.8,735.4,606.8,128.6,1337,788
2026-06-25,老城街道,鼓楼小区,263.3,141.9,6.6,434.8,846.6,673.6,173.0,1337,861
2026-06-26,老城街道,鼓楼小区,292.1,108.1,6.7,386.3,793.2,641.9,151.2,1337,831
2026-06-27,老城街道,鼓楼小区,330.1,155.4,7.4,494.7,987.5,821.3,166.2,1337,902
2026-06-28,老城街道,鼓楼小区,364.8,145.4,8.7,474.7,993.6,826.2,167.4,1337,926
2026-06-29,老城街道,鼓楼小区,251.3,118.3,6.3,371.8,747.7,588.6,159.1,1337,820
2026-06-30,老城街道,鼓楼小区,290.8,136.4,7.0,365.9,800.0,664.6,135.5,1337,893
2026-07-01,老城街道,鼓楼小区,278.3,114.3,7.9,416.4,816.8,635.9,181.0,1337,829
2026-07-02,老城街道,鼓楼小区,267.5,149.7,7.3,409.1,833.6,653.3,180.3,1337,922
2026-07-03,老城街道,鼓楼小区,281.9,106.6,5.9,333.5,727.9,582.0,145.9,1337,805
2026-07-04,老城街道,鼓楼小区,307.9,139.1,5.9,498.8,951.7,760.0,191.7,1337,876
2026-07-05,老城街道,鼓楼小区,356.1,174.0,8.4,468.6,1007.1,814.7,192.4,1337,919
2026-07-06,老城街道,鼓楼小区,289.9,120.4,6.9,387.4,804.6,627.9,176.7,1337,850
2026-07-07,老城街道,鼓楼小区,281.9,117.6,8.0,406.6,814.1,623.6,190.5,1337,843
2026-07-08,老城街道,鼓楼小区,274.3,101.8,6.7,361.7,744.4,588.5,155.9,1337,855
2026-07-09,老城街道,鼓楼小区,272.9,112.6,7.2,450.2,842.8,676.0,166.8,1337,864
2026-07-10,老城街道,鼓楼小区,262.0,114.5,6.7,372.9,756.1,575.1,181.0,1337,846
2026-07-11,老城街道,鼓楼小区,289.0,159.4,8.5,446.1,903.0,742.7,160.3,1337,894
2026-07-12,老城街道,鼓楼小区,372.7,170.9,8.1,515.9,1067.6,867.5,200.1,1337,952
2026-07-13,老城街道,鼓楼小区,270.4,97.0,5.2,381.6,754.3,622.3,132.0,1337,823
2026-07-14,老城街道,鼓楼小区,253.3,111.7,6.8,321.6,693.4,562.6,130.7,1337,821
2026-07-15,老城街道,鼓楼小区,272.2,116.2,5.4,353.1,746.8,603.5,143.3,1337,838
2026-07-16,老城街道,鼓楼小区,272.4,104.1,6.5,355.4,738.4,610.8,127.7,1337,811
2026-07-17,老城街道,鼓楼小区,287.2,134.4,6.8,361.3,789.7,627.5,162.3,1337,823
2026-07-18,老城街道,鼓楼小区,340.4,121.4,6.4,442.9,911.1,717.7,193.4,1337,848
2026-07-19,老城街道,鼓楼小区,290.0,130.4,7.1,470.1,897.5,686.5,211.0,1337,854
2026-07-20,老城街道,鼓楼小区,259.9,107.4,7.0,378.1,752.4,592.7,159.7,1337,818
2026-07-21,老城街道,鼓楼小区,278.0,123.2,8.2,348.5,757.9,568.9,188.9,1337,862
2026-07-22,老城街道,鼓楼小区,232.2,114.8,7.6,384.3,738.9,574.2,164.7,1337,834
2026-07-23,老城街道,鼓楼小区,257.9,111.4,6.8,339.1,715.2,573.0,142.2,1337,827
2026-07-24,老城街道,鼓楼小区,267.0,113.7,5.4,392.4,778.6,643.2,135.5,1337,807
2026-07-25,老城街道,鼓楼小区,308.1,137.7,4.9,383.2,833.9,693.1,140.8,1337,841
2026-07-26,老城街道,鼓楼小区,294.2,123.3,6.7,417.4,841.6,670.5,171.1,1337,851
2026-07-27,老城街道,鼓楼小区,283.3,103.2,6.1,382.9,775.6,635.8,139.8,1337,844
2026-07-28,老城街道,鼓楼小区,251.8,110.0,6.2,415.6,783.6,633.1,150.6,1337,811
2026-07-29,老城街道,鼓楼小区,248.6,106.3,6.5,403.6,765.0,616.1,148.9,1337,838
2026-07-30,老城街道,鼓楼小区,254.3,101.2,7.1,368.3,730.9,581.9,149.0,1337,831
2026-07-31,老城街道,鼓楼小区,254.6,120.2,5.6,384.3,764.7,617.6,147.0,1337,843
2026-08-01,老城街道,鼓楼小区,338.5,140.3,7.3,520.1,1006.2,802.8,203.4,1337,969
2026-08-02,老城街道,鼓楼小区,342.3,138.4,7.1,466.3,954.2,714.3,239.9,1337,942
2026-08-03,老城街道,鼓楼小区,254.8,102.0,5.7,360.7,723.3,553.2,170.0,1337,762
2026-08-04,老城街道,鼓楼小区,259.2,122.6,6.7,332.4,721.0,568.1,152.9,1337,778
2026-08-05,老城街道,鼓楼小区,258.9,126.2,5.7,348.0,738.8,561.8,177.0,1337,804
2026-08-06,老城街道,鼓楼小区,291.9,113.9,7.8,379.0,792.5,638.3,154.3,1337,823
2026-08-07,老城街道,鼓楼小区,264.8,120.6,7.5,386.9,779.8,623.6,156.2,1337,833
2026-08-08,老城街道,鼓楼小区,324.4,141.3,7.9,525.4,999.0,766.4,232.6,1337,917
2026-08-09,老城街道,鼓楼小区,339.7,175.2,8.4,516.7,1040.0,826.6,213.4,1337,986
2026-08-10,老城街道,鼓楼小区,281.6,112.2,5.9,338.7,738.4,599.5,138.9,1337,815
2026-08-11,老城街道,鼓楼小区,275.5,129.6,7.2,390.3,802.6,654.6,148.1,1337,886
2026-08-12,老城街道,鼓楼小区,228.7,116.5,6.6,353.9,705.7,567.6,138.1,1337,815
2026-08-13,老城街道,鼓楼小区,243.6,101.6,7.2,361.1,713.5,550.0,163.5,1337,778
2026-08-14,老城街道,鼓楼小区,273.7,118.0,6.8,430.9,829.4,645.5,183.9,1337,861
2026-08-15,老城街道,鼓楼小区,347.5,154.3,7.4,454.1,963.4,780.9,182.5,1337,895
2026-08-16,老城街道,鼓楼小区,321.4,132.5,6.5,464.2,924.5,732.1,192.4,1337,864
2026-08-17,老城街道,鼓楼小区,271.9,119.5,8.1,393.8,793.3,648.4,144.9,1337,855
2026-08-18,老城街道,鼓楼小区,249.9,122.9,6.0,392.1,771.0,609.4,161.6,1337,851
2026-08-19,老城街道,鼓楼小区,274.0,110.4,6.6,443.8,834.8,645.9,188.9,1337,864
2026-08-20,老城街道,鼓楼小区,255.1,132.4,7.7,385.4,780.6,582.3,198.2,1337,847
2026-08-21,老城街道,鼓楼小区,272.1,113.4,6.4,372.0,764.0,613.8,150.1,1337,850
2026-08-22,老城街道,鼓楼小区,325.3,156.3,6.2,461.5,949.3,758.6,190.7,1337,831
2026-08-23,老城街道,鼓楼小区,317.6,143.1,6.3,473.9,940.9,749.5,191.4,1337,883
2026-08-24,老城街道,鼓楼小区,254.7,105.6,6.1,357.5,723.8,562.9,161.0,1337,797
2026-08-25,老城街道,鼓楼小区,302.1,119.7,7.2,420.3,849.2,647.8,201.4,1337,899
2026-08-26,老城街道,鼓楼小区,289.0,141.0,6.0,384.0,820.0,648.4,171.6,1337,916
2026-08-27,老城街道,鼓楼小区,245.5,114.8,8.0,353.8,722.0,590.1,131.9,1337,823
2026-08-28,老城街道,鼓楼小区,238.3,116.1,5.4,319.4,679.3,534.1,145.2,1337,766
2026-08-29,老城街道,鼓楼小区,340.2,146.5,7.7,457.7,952.2,747.5,204.7,1337,883
2026-08-30,老城街道,鼓楼小区,330.8,160.2,6.1,426.5,923.5,727.6,196.0,1337,876
2026-08-31,老城街道,鼓楼小区,279.0,127.9,6.5,408.2,821.5,629.7,191.8,1337,874
2026-09-01,老城街道,鼓楼小区,264.5,109.2,6.0,357.9,737.5,567.2,170.3,1337,782
2026-09-02,老城街道,鼓楼小区,265.8,119.0,8.2,402.7,795.7,595.4,200.3,1337,861
2026-09-03,老城街道,鼓楼小区,230.5,110.1,6.9,361.1,708.6,546.4,162.2,1337,840
2026-09-04,老城街道,鼓楼小区,298.7,114.0,7.9,405.6,826.2,619.9,206.3,1337,863
2026-09-05,老城街道,鼓楼小区,361.3,129.7,6.4,513.0,1010.4,776.6,233.8,1337,881
2026-09-06,老城街道,鼓楼小区,334.0,157.1,9.1,485.6,985.8,764.9,220.8,1337,965
2026-09-07,老城街道,鼓楼小区,264.6,146.2,8.2,384.5,803.5,623.6,180.0,1337,873
2026-09-08,老城街道,鼓楼小区,288.2,124.0,8.7,380.6,801.6,617.2,184.4,1337,920
2026-09-09,老城街道,鼓楼小区,259.8,104.6,6.8,397.2,768.5,593.9,174.6,1337,847
2026-09-10,老城街道,鼓楼小区,274.7,116.2,6.0,378.5,775.5,590.9,184.6,1337,796
2026-09-11,老城街道,鼓楼小区,304.7,114.6,6.6,396.9,822.9,640.7,182.2,1337,915
2026-09-12,老城街道,鼓楼小区,308.9,151.6,8.3,461.9,930.6,736.9,193.8,1337,898
2026-09-13,老城街道,鼓楼小区,311.0,135.1,7.6,458.2,911.9,720.4,191.5,1337,872
2026-09-14,老城街道,鼓楼小区,235.7,132.0,4.9,382.6,755.2,580.2,175.0,1337,829
2026-09-15,老城街道,鼓楼小区,266.4,110.6,7.3,346.4,730.8,566.3,164.5,1337,833
2026-09-16,老城街道,鼓楼小区,254.5,110.6,6.4,378.4,750.0,585.1,164.9,1337,816
2026-09-17,老城街道,鼓楼小区,300.2,126.4,7.8,447.7,882.1,682.3,199.7,1337,881
2026-09-18,老城街道,鼓楼小区,311.4,128.6,9.4,444.0,893.4,669.0,224.4,1337,887
2026-09-19,老城街道,鼓楼小区,341.9,137.8,10.8,488.3,978.9,763.7,215.2,1337,900
2026-01-01,老城街道,长安巷社区,291.1,114.1,8.0,347.0,760.2,524.4,235.8,1172,896
2026-01-02,老城街道,长安巷社区,269.2,130.2,7.5,417.3,824.1,588.3,235.8,1172,931
2026-01-03,老城街道,长安巷社区,393.0,160.7,8.7,487.0,1049.3,761.6,287.7,1172,1018
2026-01-04,老城街道,长安巷社区,389.6,158.4,8.6,514.1,1070.8,755.5,315.2,1172,978
2026-01-05,老城街道,长安巷社区,283.2,115.5,5.2,377.0,781.0,563.5,217.5,1172,891
2026-01-06,老城街道,长安巷社区,298.4,140.7,7.7,441.2,888.1,630.6,257.5,1172,945
2026-01-07,老城街道,长安巷社区,300.6,146.9,6.4,432.0,885.9,615.5,270.4,1172,965
2026-01-08,老城街道,长安巷社区,293.1,158.0,9.3,426.6,887.1,628.7,258.4,1172,940
2026-01-09,老城街道,长安巷社区,291.8,135.4,7.4,354.9,789.6,530.2,259.4,1172,874
2026-01-10,老城街道,长安巷社区,366.8,185.6,8.9,528.7,1090.0,767.2,322.8,1172,987
2026-01-11,老城街道,长安巷社区,359.1,171.5,7.9,501.9,1040.4,728.5,312.0,1172,1019
2026-01-12,老城街道,长安巷社区,268.5,127.5,8.3,401.3,805.7,566.9,238.8,1172,867
2026-01-13,老城街道,长安巷社区,307.4,149.7,8.7,449.1,914.9,619.3,295.6,1172,944
2026-01-14,老城街道,长安巷社区,267.1,124.1,8.1,396.5,795.7,549.1,246.6,1172,908
2026-01-15,老城街道,长安巷社区,282.7,143.8,8.2,405.6,840.3,587.6,252.7,1172,918
2026-01-16,老城街道,长安巷社区,330.2,144.3,7.6,412.5,894.6,603.0,291.6,1172,979
2026-01-17,老城街道,长安巷社区,367.3,170.3,10.8,535.6,1084.0,759.5,324.4,1172,1054
2026-01-18,老城街道,长安巷社区,365.6,145.2,6.1,467.7,984.6,687.9,296.7,1172,957
2026-01-19,老城街道,长安巷社区,262.1,130.3,7.0,379.1,778.5,539.3,239.2,1172,890
2026-01-20,老城街道,长安巷社区,348.0,139.8,9.1,456.5,953.3,651.3,302.0,1172,1007
2026-01-21,老城街道,长安巷社区,265.7,108.2,7.3,381.8,763.1,501.4,261.7,1172,877
2026-01-22,老城街道,长安巷社区,320.5,124.9,8.3,408.4,862.1,600.5,261.5,1172,961
2026-01-23,老城街道,长安巷社区,330.5,136.5,8.6,405.9,881.6,618.7,262.9,1172,989
2026-01-24,老城街道,长安巷社区,406.4,149.0,8.2,542.5,1106.0,740.3,365.8,1172,1021
2026-01-25,老城街道,长安巷社区,378.7,161.1,8.1,484.0,1031.9,711.9,320.0,1172,992
2026-01-26,老城街道,长安巷社区,292.1,124.9,7.4,398.1,822.6,566.3,256.3,1172,932
2026-01-27,老城街道,长安巷社区,282.3,111.8,8.6,439.1,841.8,580.1,261.6,1172,933
2026-01-28,老城街道,长安巷社区,291.9,132.5,7.2,429.3,860.9,580.6,280.2,1172,970
2026-01-29,老城街道,长安巷社区,292.2,138.5,7.5,404.8,843.0,590.6,252.4,1172,932
2026-01-30,老城街道,长安巷社区,334.5,123.5,6.5,468.7,933.2,647.0,286.2,1172,981
2026-01-31,老城街道,长安巷社区,326.5,144.1,7.1,502.3,979.9,681.8,298.1,1172,927
2026-02-01,老城街道,长安巷社区,390.4,151.5,8.0,556.0,1105.9,755.3,350.6,1172,1043
2026-02-02,老城街道,长安巷社区,298.1,141.2,7.3,505.9,952.5,655.7,296.8,1172,965
2026-02-03,老城街道,长安巷社区,316.2,162.1,9.5,445.7,933.4,619.7,313.7,1172,1046
2026-02-04,老城街道,长安巷社区,303.8,132.3,7.1,409.5,852.8,595.6,257.2,1172,934
2026-02-05,老城街道,长安巷社区,279.5,139.0,7.8,382.8,809.1,561.4,247.8,1172,920
2026-02-06,老城街道,长安巷社区,296.0,129.6,6.0,409.9,841.5,563.4,278.0,1172,876
2026-02-07,老城街道,长安巷社区,339.1,135.8,8.8,491.9,975.6,717.5,258.1,1172,956
2026-02-08,老城街道,长安巷社区,362.3,158.7,8.5,507.9,1037.4,718.4,319.0,1172,1018
2026-02-09,老城街道,长安巷社区,304.4,139.0,8.3,389.1,840.7,571.0,269.7,1172,946
2026-02-10,老城街道,长安巷社区,299.0,124.1,10.3,494.1,927.4,661.3,266.2,1172,953
2026-02-11,老城街道,长安巷社区,312.3,150.8,7.4,444.4,914.9,659.9,255.0,1172,956
2026-02-12,老城街道,长安巷社区,355.4,141.1,10.2,458.4,965.2,667.7,297.5,1172,1019
2026-02-13,老城街道,长安巷社区,303.8,123.7,7.0,388.3,822.8,557.7,265.1,1172,941
2026-02-14,老城街道,长安巷社区,398.8,176.3,8.7,480.6,1064.4,729.0,335.4,1172,1018
2026-02-15,老城街道,长安巷社区,391.1,154.4,6.7,566.2,1118.4,765.1,353.2,1172,1003
2026-02-16,老城街道,长安巷社区,295.8,127.2,6.8,410.4,840.2,566.7,273.5,1172,912
2026-02-17,老城街道,长安巷社区,297.9,111.0,8.6,386.7,804.2,539.6,264.6,1172,933
2026-02-18,老城街道,长安巷社区,326.8,139.1,6.1,428.3,900.4,603.9,296.4,1172,987
2026-02-19,老城街道,长安巷社区,324.2,155.3,8.3,412.3,900.1,615.5,284.6,1172,946
2026-02-20,老城街道,长安巷社区,254.5,117.9,5.2,409.4,787.1,558.5,228.6,1172,931
2026-02-21,老城街道,长安巷社区,333.5,137.0,7.5,469.0,947.1,659.6,287.5,1172,954
2026-02-22,老城街道,长安巷社区,411.7,157.7,11.2,525.9,1106.5,794.3,312.2,1172,1016
2026-02-23,老城街道,长安巷社区,297.1,138.8,6.5,417.5,859.8,583.1,276.7,1172,1036
2026-02-24,老城街道,长安巷社区,287.5,133.5,8.9,450.2,880.1,572.4,307.6,1172,973
2026-02-25,老城街道,长安巷社区,350.3,125.9,8.5,440.1,924.8,642.9,282.0,1172,994
2026-02-26,老城街道,长安巷社区,278.3,121.5,8.9,377.0,785.8,538.3,247.5,1172,898
2026-02-27,老城街道,长安巷社区,282.2,131.7,8.4,425.4,847.7,546.5,301.2,1172,951
2026-02-28,老城街道,长安巷社区,388.7,147.4,9.0,489.2,1034.3,715.6,318.7,1172,1004
2026-03-01,老城街道,长安巷社区,365.3,153.5,7.8,526.8,1053.4,747.1,306.3,1172,961
2026-03-02,老城街道,长安巷社区,311.5,130.7,8.5,438.8,889.5,597.4,292.1,1172,956
2026-03-03,老城街道,长安巷社区,331.3,131.0,7.0,444.6,913.9,617.7,296.2,1172,1001
2026-03-04,老城街道,长安巷社区,268.1,117.5,5.7,372.0,763.3,530.1,233.2,1172,879
2026-03-05,老城街道,长安巷社区,293.5,117.9,7.3,386.5,805.1,554.6,250.5,1172,940
2026-03-06,老城街道,长安巷社区,316.6,130.3,9.3,474.7,930.9,663.4,267.5,1172,1018
2026-03-07,老城街道,长安巷社区,355.5,192.7,8.4,583.5,1140.2,834.7,305.4,1172,1091
2026-03-08,老城街道,长安巷社区,406.8,160.3,7.2,578.5,1152.7,821.2,331.6,1172,1041
2026-03-09,老城街道,长安巷社区,312.4,138.8,7.9,419.3,878.4,589.1,289.3,1172,1022
2026-03-10,老城街道,长安巷社区,285.4,169.4,7.8,418.4,881.0,580.3,300.7,1172,989
2026-03-11,老城街道,长安巷社区,272.9,119.8,5.8,376.9,775.4,538.1,237.3,1172,870
2026-03-12,老城街道,长安巷社区,315.6,126.6,6.3,427.1,875.7,625.1,250.6,1172,963
2026-03-13,老城街道,长安巷社区,272.5,109.2,8.1,409.9,799.6,513.5,286.2,1172,918
2026-03-14,老城街道,长安巷社区,346.4,150.2,9.8,616.6,1123.0,771.8,351.3,1172,1039
2026-03-15,老城街道,长安巷社区,366.7,158.9,8.5,579.9,1114.1,791.8,322.3,1172,1032
2026-03-16,老城街道,长安巷社区,300.2,145.8,7.2,449.7,902.8,626.6,276.2,1172,991
2026-03-17,老城街道,长安巷社区,282.4,135.2,7.4,425.6,850.5,593.2,257.3,1172,938
2026-03-18,老城街道,长安巷社区,334.0,146.5,7.4,442.1,930.0,649.3,280.7,1172,1003
2026-03-19,老城街道,长安巷社区,310.4,123.8,10.1,429.8,874.0,607.1,267.0,1172,944
2026-03-20,老城街道,长安巷社区,337.4,119.0,6.8,445.2,908.4,625.6,282.8,1172,940
2026-03-21,老城街道,长安巷社区,354.3,156.5,8.1,565.2,1084.1,761.8,322.3,1172,995
2026-03-22,老城街道,长安巷社区,377.2,176.5,6.7,550.4,1110.7,787.8,322.9,1172,1052
2026-03-23,老城街道,长安巷社区,358.7,140.0,7.2,438.2,944.2,650.0,294.1,1172,1021
2026-03-24,老城街道,长安巷社区,329.1,146.4,9.1,425.2,909.7,619.6,290.1,1172,1003
2026-03-25,老城街道,长安巷社区,297.8,120.8,6.6,467.4,892.6,601.3,291.3,1172,975
2026-03-26,老城街道,长安巷社区,290.2,139.3,7.4,446.0,883.0,600.1,282.9,1172,965
2026-03-27,老城街道,长安巷社区,302.3,135.6,7.5,439.4,884.8,599.7,285.1,1172,975
2026-03-28,老城街道,长安巷社区,364.6,163.1,8.6,514.1,1050.5,738.9,311.6,1172,998
2026-03-29,老城街道,长安巷社区,390.4,147.5,6.7,506.8,1051.3,717.4,333.9,1172,1019
2026-03-30,老城街道,长安巷社区,291.5,121.4,4.9,370.4,788.2,538.3,249.9,1172,880
2026-03-31,老城街道,长安巷社区,303.6,127.2,7.9,378.6,817.3,556.6,260.8,1172,895
2026-04-01,老城街道,长安巷社区,297.0,135.2,7.4,443.6,883.2,611.6,271.6,1172,939
2026-04-02,老城街道,长安巷社区,318.4,144.1,7.7,461.2,931.4,640.4,291.0,1172,946
2026-04-03,老城街道,长安巷社区,306.6,132.7,7.3,413.0,859.7,585.3,274.4,1172,958
2026-04-04,老城街道,长安巷社区,405.3,176.1,8.7,571.7,1161.9,789.1,372.7,1172,1025
2026-04-05,老城街道,长安巷社区,355.3,158.0,7.3,529.3,1049.9,732.2,317.7,1172,986
2026-04-06,老城街道,长安巷社区,286.1,100.1,7.1,403.4,796.8,559.3,237.5,1172,902
2026-04-07,老城街道,长安巷社区,343.5,131.6,7.0,427.7,909.7,652.3,257.4,1172,1015
2026-04-08,老城街道,长安巷社区,291.1,121.3,6.2,427.4,846.0,602.8,243.2,1172,931
2026-04-09,老城街道,长安巷社区,261.6,126.3,7.0,388.3,783.3,538.8,244.5,1172,884
2026-04-10,老城街道,长安巷社区,281.6,133.1,6.6,418.2,839.5,584.3,255.2,1172,912
2026-04-11,老城街道,长安巷社区,328.0,135.5,7.4,527.4,998.3,675.3,323.0,1172,992
2026-04-12,老城街道,长安巷社区,381.7,144.3,8.9,515.1,1050.1,729.8,320.3,1172,1062
2026-04-13,老城街道,长安巷社区,277.6,130.6,7.7,391.0,806.9,554.6,252.3,1172,882
2026-04-14,老城街道,长安巷社区,297.0,139.1,6.8,408.9,851.8,582.8,269.0,1172,945
2026-04-15,老城街道,长安巷社区,309.2,124.6,8.9,440.6,883.3,580.0,303.3,1172,985
2026-04-16,老城街道,长安巷社区,310.0,122.0,9.1,423.1,864.1,579.6,284.5,1172,992
2026-04-17,老城街道,长安巷社区,267.1,151.6,7.4,430.4,856.5,632.5,224.0,1172,945
2026-04-18,老城街道,长安巷社区,312.7,182.0,6.1,552.6,1053.4,740.5,312.9,1172,971
2026-04-19,老城街道,长安巷社区,365.6,197.6,7.3,508.0,1078.6,761.0,317.6,1172,1025
2026-04-20,老城街道,长安巷社区,281.3,130.0,8.2,470.5,890.0,619.6,270.4,1172,937
2026-04-21,老城街道,长安巷社区,304.9,115.7,6.2,390.0,816.8,589.5,227.4,1172,898
2026-04-22,老城街道,长安巷社区,256.1,144.5,8.4,413.7,822.6,553.8,268.8,1172,923
2026-04-23,老城街道,长安巷社区,319.1,133.7,6.2,465.2,924.2,616.2,308.0,1172,1004
2026-04-24,老城街道,长安巷社区,312.6,142.3,8.0,427.3,890.1,603.6,286.5,1172,970
2026-04-25,老城街道,长安巷社区,423.9,154.4,9.9,493.9,1082.1,764.1,318.0,1172,1053
2026-04-26,老城街道,长安巷社区,385.5,180.5,8.2,515.5,1089.8,778.6,311.2,1172,999
2026-04-27,老城街道,长安巷社区,323.8,131.3,5.5,448.9,909.5,621.5,288.0,1172,946
2026-04-28,老城街道,长安巷社区,294.2,123.0,6.9,439.0,863.1,604.2,258.9,1172,964
2026-04-29,老城街道,长安巷社区,314.3,151.8,8.7,421.4,896.2,584.2,312.0,1172,978
2026-04-30,老城街道,长安巷社区,324.7,133.9,8.2,404.7,871.5,570.5,301.0,1172,934
2026-05-01,老城街道,长安巷社区,309.7,116.8,5.4,471.6,903.5,625.7,277.8,1172,915
2026-05-02,老城街道,长安巷社区,339.1,174.5,9.4,527.2,1050.2,733.3,316.9,1172,1031
2026-05-03,老城街道,长安巷社区,405.6,144.6,7.2,611.6,1169.0,832.1,336.9,1172,1068
2026-05-04,老城街道,长安巷社区,295.6,129.2,9.3,478.1,912.1,625.1,287.1,1172,971
2026-05-05,老城街道,长安巷社区,328.3,137.5,6.6,408.3,880.7,614.9,265.9,1172,988
2026-05-06,老城街道,长安巷社区,318.4,137.7,8.0,444.3,908.4,642.7,265.7,1172,967
2026-05-07,老城街道,长安巷社区,323.3,124.2,7.8,394.4,849.7,591.7,258.0,1172,941
2026-05-08,老城街道,长安巷社区,302.8,140.3,7.6,478.3,929.1,632.6,296.6,1172,945
2026-05-09,老城街道,长安巷社区,373.1,169.1,9.1,489.7,1040.9,739.2,301.7,1172,1019
2026-05-10,老城街道,长安巷社区,374.0,173.0,8.2,442.9,998.2,705.9,292.2,1172,984
2026-05-11,老城街道,长安巷社区,272.9,145.2,9.2,475.9,903.2,588.6,314.6,1172,988
2026-05-12,老城街道,长安巷社区,318.9,122.4,8.8,481.3,931.4,632.9,298.6,1172,984
2026-05-13,老城街道,长安巷社区,318.1,147.7,9.1,455.1,930.0,647.5,282.5,1172,951
2026-05-14,老城街道,长安巷社区,326.7,149.4,8.5,485.0,969.6,635.2,334.4,1172,982
2026-05-15,老城街道,长安巷社区,325.4,148.7,10.0,421.5,905.5,589.4,316.1,1172,988
2026-05-16,老城街道,长安巷社区,384.3,158.1,8.7,555.9,1107.0,800.3,306.7,1172,1056
2026-05-17,老城街道,长安巷社区,383.6,156.6,9.6,576.3,1126.2,790.5,335.7,1172,1005
2026-05-18,老城街道,长安巷社区,329.0,138.8,6.3,459.7,934.0,625.0,309.0,1172,970
2026-05-19,老城街道,长安巷社区,293.9,145.5,7.3,463.1,909.8,612.2,297.6,1172,975
2026-05-20,老城街道,长安巷社区,311.9,122.2,10.0,432.7,876.8,596.2,280.7,1172,951
2026-05-21,老城街道,长安巷社区,305.6,144.6,6.7,419.9,876.8,590.6,286.2,1172,954
2026-05-22,老城街道,长安巷社区,347.2,162.5,8.2,501.2,1019.1,696.0,323.2,1172,1022
2026-05-23,老城街道,长安巷社区,405.2,161.4,11.1,536.0,1113.6,800.2,313.4,1172,1051
2026-05-24,老城街道,长安巷社区,356.2,168.5,8.7,540.2,1073.6,757.8,315.8,1172,1051
2026-05-25,老城街道,长安巷社区,310.9,129.1,7.5,480.4,928.0,633.9,294.1,1172,1021
2026-05-26,老城街道,长安巷社区,334.6,141.5,7.3,420.9,904.3,632.1,272.3,1172,990
2026-05-27,老城街道,长安巷社区,322.1,137.0,7.7,405.5,872.3,576.6,295.6,1172,960
2026-05-28,老城街道,长安巷社区,302.7,142.4,7.6,402.6,855.2,624.5,230.7,1172,939
2026-05-29,老城街道,长安巷社区,327.2,131.9,7.1,380.7,846.9,591.4,255.5,1172,921
2026-05-30,老城街道,长安巷社区,422.6,168.1,8.6,542.9,1142.2,771.0,371.2,1172,1025
2026-05-31,老城街道,长安巷社区,408.7,157.7,7.3,520.7,1094.3,808.0,286.3,1172,1011
2026-06-01,老城街道,长安巷社区,276.7,140.8,7.3,428.3,853.1,580.9,272.1,1172,994
2026-06-02,老城街道,长安巷社区,298.1,130.0,6.0,435.0,869.2,572.9,296.2,1172,961
2026-06-03,老城街道,长安巷社区,283.6,120.5,7.4,398.5,810.1,541.3,268.8,1172,916
2026-06-04,老城街道,长安巷社区,272.1,144.6,9.2,462.1,887.9,582.8,305.1,1172,943
2026-06-05,老城街道,长安巷社区,334.1,133.6,7.4,453.8,929.0,624.2,304.8,1172,1019
2026-06-06,老城街道,长安巷社区,384.5,163.6,10.2,537.1,1095.5,762.8,332.7,1172,1045
2026-06-07,老城街道,长安巷社区,374.6,148.0,7.1,614.3,1144.0,791.0,353.0,1172,1025
2026-06-08,老城街道,长安巷社区,321.1,149.2,8.3,495.5,974.1,635.9,338.2,1172,983
2026-06-09,老城街道,长安巷社区,347.8,161.7,8.2,470.6,988.2,678.7,309.5,1172,1021
2026-06-10,老城街道,长安巷社区,317.3,116.1,7.7,464.7,905.8,612.2,293.6,1172,979
2026-06-11,老城街道,长安巷社区,322.1,146.4,6.8,427.0,902.3,593.9,308.4,1172,939
2026-06-12,老城街道,长安巷社区,314.6,137.9,9.9,430.1,892.4,607.8,284.6,1172,1015
2026-06-13,老城街道,长安巷社区,418.2,151.8,7.5,556.1,1133.4,777.0,356.4,1172,1037
2026-06-14,老城街道,长安巷社区,380.0,169.2,6.6,541.5,1097.4,776.9,320.5,1172,1040
2026-06-15,老城街道,长安巷社区,283.0,125.7,7.1,465.9,881.7,625.3,256.4,1172,927
2026-06-16,老城街道,长安巷社区,313.0,124.2,8.4,415.4,861.0,573.2,287.8,1172,934
2026-06-17,老城街道,长安巷社区,302.2,130.9,7.1,384.1,824.3,569.4,254.9,1172,919
2026-06-18,老城街道,长安巷社区,309.7,134.3,9.0,498.1,951.0,652.8,298.2,1172,999
2026-06-19,老城街道,长安巷社区,309.7,137.2,6.4,437.8,891.1,623.3,267.9,1172,982
2026-06-20,老城街道,长安巷社区,366.5,157.2,8.2,496.9,1028.8,735.2,293.6,1172,1034
2026-06-21,老城街道,长安巷社区,375.6,164.0,9.1,547.3,1095.9,743.2,352.7,1172,1086
2026-06-22,老城街道,长安巷社区,292.8,149.3,7.4,444.1,893.6,611.3,282.3,1172,1004
2026-06-23,老城街道,长安巷社区,306.7,141.7,6.7,399.9,855.0,613.1,241.9,1172,925
2026-06-24,老城街道,长安巷社区,305.2,142.8,7.2,452.0,907.2,613.2,294.1,1172,950
2026-06-25,老城街道,长安巷社区,326.6,132.0,5.3,461.0,925.0,654.6,270.4,1172,989
2026-06-26,老城街道,长安巷社区,331.9,131.6,8.5,482.7,954.6,665.2,289.4,1172,982
2026-06-27,老城街道,长安巷社区,431.0,157.7,9.6,538.1,1136.4,802.8,333.6,1172,1080
2026-06-28,老城街道,长安巷社区,417.8,157.5,6.3,485.0,1066.6,719.5,347.1,1172,1022
2026-06-29,老城街道,长安巷社区,268.1,118.5,7.8,446.6,840.9,581.1,259.7,1172,947
2026-06-30,老城街道,长安巷社区,337.0,131.1,7.8,432.8,908.7,612.9,295.8,1172,997
2026-07-01,老城街道,长安巷社区,285.0,134.7,9.1,444.5,873.3,603.4,269.9,1172,958
2026-07-02,老城街道,长安巷社区,324.7,135.1,7.1,414.0,880.9,616.0,264.9,1172,1012
2026-07-03,老城街道,长安巷社区,279.6,149.6,7.9,461.6,898.7,631.5,267.3,1172,968
2026-07-04,老城街道,长安巷社区,381.8,169.6,7.7,565.5,1124.7,774.3,350.3,1172,1010
2026-07-05,老城街道,长安巷社区,364.3,154.1,10.1,480.1,1008.7,716.4,292.3,1172,1058
2026-07-06,老城街道,长安巷社区,306.1,137.5,8.4,427.9,879.9,597.9,281.9,1172,985
2026-07-07,老城街道,长安巷社区,316.6,131.0,7.9,510.8,966.3,673.5,292.7,1172,1000
2026-07-08,老城街道,长安巷社区,297.5,135.0,7.6,492.1,932.2,622.3,309.9,1172,1033
2026-07-09,老城街道,长安巷社区,321.8,143.0,7.8,521.4,994.1,678.1,315.9,1172,1026
2026-07-10,老城街道,长安巷社区,290.3,141.0,6.5,482.9,920.7,608.6,312.1,1172,962
2026-07-11,老城街道,长安巷社区,398.4,169.3,8.6,547.7,1124.0,780.8,343.2,1172,1053
2026-07-12,老城街道,长安巷社区,349.9,173.5,8.1,462.9,994.3,698.6,295.8,1172,1009
2026-07-13,老城街道,长安巷社区,327.4,138.6,6.6,449.3,921.9,620.1,301.8,1172,1033
2026-07-14,老城街道,长安巷社区,319.3,135.3,7.1,490.7,952.4,628.9,323.6,1172,995
2026-07-15,老城街道,长安巷社区,301.2,132.6,8.2,454.4,896.4,599.3,297.2,1172,955
2026-07-16,老城街道,长安巷社区,307.9,151.9,7.9,540.7,1008.3,702.4,305.9,1172,1065
2026-07-17,老城街道,长安巷社区,298.2,129.9,8.1,391.2,827.5,566.3,261.2,1172,908
2026-07-18,老城街道,长安巷社区,363.7,170.3,8.4,567.1,1109.6,775.7,333.9,1172,1029
2026-07-19,老城街道,长安巷社区,362.5,190.6,7.5,578.5,1139.2,790.2,348.9,1172,1059
2026-07-20,老城街道,长安巷社区,329.6,116.1,7.2,463.1,916.0,628.3,287.7,1172,984
2026-07-21,老城街道,长安巷社区,270.7,133.6,7.8,470.9,882.9,632.0,250.9,1172,979
2026-07-22,老城街道,长安巷社区,317.0,137.0,6.7,439.3,900.1,613.9,286.2,1172,935
2026-07-23,老城街道,长安巷社区,300.4,132.3,8.9,391.7,833.3,559.5,273.9,1172,969
2026-07-24,老城街道,长安巷社区,308.2,138.3,6.9,402.3,855.7,599.9,255.8,1172,986
2026-07-25,老城街道,长安巷社区,329.5,137.3,9.3,465.2,941.3,637.6,303.7,1172,971
2026-07-26,老城街道,长安巷社区,417.1,169.4,8.2,563.4,1158.1,801.9,356.2,1172,1077
2026-07-27,老城街道,长安巷社区,331.1,166.8,8.3,479.2,985.4,708.7,276.7,1172,994
2026-07-28,老城街道,长安巷社区,300.8,127.4,7.4,472.6,908.2,626.4,281.7,1172,996
2026-07-29,老城街道,长安巷社区,328.1,150.0,8.9,458.7,945.7,658.4,287.3,1172,1026
2026-07-30,老城街道,长安巷社区,293.9,128.7,8.8,449.2,880.6,594.8,285.8,1172,927
2026-07-31,老城街道,长安巷社区,340.5,160.0,8.3,442.1,950.9,650.2,300.6,1172,1052
2026-08-01,老城街道,长安巷社区,397.0,170.0,8.8,554.1,1129.8,773.1,356.7,1172,1096
2026-08-02,老城街道,长安巷社区,408.6,186.6,10.3,578.2,1183.7,844.4,339.2,1172,1110
2026-08-03,老城街道,长安巷社区,318.5,140.3,5.9,425.7,890.4,591.3,299.1,1172,971
2026-08-04,老城街道,长安巷社区,311.8,137.1,7.5,479.4,935.8,623.9,312.0,1172,1016
2026-08-05,老城街道,长安巷社区,342.6,154.9,6.1,467.2,970.8,677.0,293.8,1172,1002
2026-08-06,老城街道,长安巷社区,295.4,139.7,9.4,390.6,835.1,562.2,272.8,1172,941
2026-08-07,老城街道,长安巷社区,376.4,111.9,11.7,502.5,1002.5,692.8,309.7,1172,1054
2026-08-08,老城街道,长安巷社区,403.6,168.5,7.5,528.4,1108.0,720.6,387.4,1172,1017
2026-08-09,老城街道,长安巷社区,373.6,177.0,7.4,488.0,1045.9,734.0,312.0,1172,1023
2026-08-10,老城街道,长安巷社区,294.4,116.3,7.9,452.2,870.9,582.1,288.7,1172,954
2026-08-11,老城街道,长安巷社区,304.4,125.2,8.9,410.4,849.0,564.8,284.1,1172,962
2026-08-12,老城街道,长安巷社区,325.7,131.7,10.3,440.3,908.0,608.8,299.2,1172,958
2026-08-13,老城街道,长安巷社区,294.5,136.0,7.0,388.8,826.3,579.1,247.3,1172,974
2026-08-14,老城街道,长安巷社区,302.5,142.3,7.9,482.9,935.6,653.2,282.4,1172,986
2026-08-15,老城街道,长安巷社区,398.2,166.6,8.5,578.2,1151.6,805.7,345.8,1172,1038
2026-08-16,老城街道,长安巷社区,363.5,159.6,9.6,481.6,1014.3,680.5,333.8,1172,1013
2026-08-17,老城街道,长安巷社区,342.3,145.1,8.0,460.7,956.2,649.6,306.6,1172,966
2026-08-18,老城街道,长安巷社区,321.3,163.5,9.2,482.8,976.7,640.9,335.8,1172,1056
2026-08-19,老城街道,长安巷社区,328.5,138.1,8.3,456.2,931.1,653.4,277.7,1172,1020
2026-08-20,老城街道,长安巷社区,336.0,145.1,7.4,468.5,957.0,656.8,300.2,1172,1021
2026-08-21,老城街道,长安巷社区,317.6,143.8,7.6,435.9,904.9,587.6,317.3,1172,957
2026-08-22,老城街道,长安巷社区,388.3,158.9,9.1,621.6,1177.9,822.9,355.0,1172,1068
2026-08-23,老城街道,长安巷社区,373.6,202.9,7.2,532.5,1116.2,753.8,362.4,1172,1039
2026-08-24,老城街道,长安巷社区,278.4,137.9,8.4,409.5,834.1,561.6,272.5,1172,941
2026-08-25,老城街道,长安巷社区,268.8,118.7,7.2,396.8,791.6,558.3,233.3,1172,906
2026-08-26,老城街道,长安巷社区,349.9,149.6,8.1,448.7,956.3,646.8,309.6,1172,1002
2026-08-27,老城街道,长安巷社区,349.5,141.5,8.7,489.7,989.4,692.3,297.1,1172,1051
2026-08-28,老城街道,长安巷社区,330.3,156.1,7.0,411.8,905.3,606.5,298.8,1172,1016
2026-08-29,老城街道,长安巷社区,345.2,160.3,10.1,558.4,1073.9,735.5,338.5,1172,1045
2026-08-30,老城街道,长安巷社区,399.4,156.8,8.2,534.0,1098.4,762.8,335.7,1172,1007
2026-08-31,老城街道,长安巷社区,343.8,149.3,8.2,479.4,980.7,669.8,310.9,1172,1038
2026-09-01,老城街道,长安巷社区,312.6,134.1,7.0,441.4,895.0,604.0,291.0,1172,997
2026-09-02,老城街道,长安巷社区,358.3,146.1,7.9,492.6,1004.9,675.9,329.1,1172,1055
2026-09-03,老城街道,长安巷社区,294.1,152.9,9.5,523.2,979.7,699.1,280.6,1172,1019
2026-09-04,老城街道,长安巷社区,327.4,131.2,7.0,459.1,924.7,623.4,301.3,1172,996
2026-09-05,老城街道,长安巷社区,387.6,168.0,9.7,533.7,1099.0,728.5,370.5,1172,1003
2026-09-06,老城街道,长安巷社区,392.9,171.7,8.7,582.2,1155.4,798.1,357.2,1172,1095
2026-09-07,老城街道,长安巷社区,295.7,131.1,7.6,411.3,845.8,573.0,272.8,1172,939
2026-09-08,老城街道,长安巷社区,306.4,150.9,6.8,421.8,885.9,609.3,276.7,1172,934
2026-09-09,老城街道,长安巷社区,295.7,161.4,8.3,424.9,890.4,600.3,290.1,1172,983
2026-09-10,老城街道,长安巷社区,279.0,151.2,7.4,457.4,895.0,594.7,300.3,1172,993
2026-09-11,老城街道,长安巷社区,337.8,152.3,9.6,452.2,951.9,653.4,298.5,1172,1025
2026-09-12,老城街道,长安巷社区,390.2,159.9,8.2,563.0,1121.2,817.8,303.5,1172,1062
2026-09-13,老城街道,长安巷社区,400.5,189.4,7.5,657.2,1254.5,868.6,386.0,1172,1114
2026-09-14,老城街道,长安巷社区,337.7,124.6,10.4,481.2,953.9,626.8,327.1,1172,1064
2026-09-15,老城街道,长安巷社区,337.3,146.6,9.6,462.8,956.4,641.2,315.2,1172,1013
2026-09-16,老城街道,长安巷社区,325.7,130.6,6.6,432.0,894.8,617.7,277.1,1172,972
2026-09-17,老城街道,长安巷社区,300.0,156.3,7.5,397.1,860.9,579.9,280.9,1172,1023
2026-09-18,老城街道,长安巷社区,322.1,135.7,6.5,420.9,885.2,581.5,303.7,1172,980
2026-09-19,老城街道,长安巷社区,387.2,178.9,6.5,530.3,1102.9,738.0,364.9,1172,1058
